user_id,order_id,order_date,repeat_30d,prior_orders_count,days_since_prior_order
12,20,2025-05-08,0,0,9999
14,22,2026-01-30,0,0,9999
24,34,2024-11-01,0,0,9999
32,42,2025-10-16,0,0,9999
42,51,2021-08-01,0,0,9999
47,54,2025-04-10,0,0,9999
56,58,2024-07-09,0,0,9999
70,73,2025-10-29,0,0,9999
94,100,2024-10-04,0,0,9999
101,109,2025-12-24,0,0,9999
110,121,2024-05-05,0,0,9999
114,131,2022-02-17,0,0,9999
121,139,2020-07-01,0,0,9999
126,144,2025-07-21,0,0,9999
132,153,2026-01-14,0,0,9999
141,171,2025-12-19,0,0,9999
155,184,2022-05-18,0,0,9999
157,185,2023-03-18,0,0,9999
174,208,2023-06-24,0,0,9999
177,212,2020-06-21,0,0,9999
201,236,2021-04-14,0,0,9999
206,241,2021-12-18,0,0,9999
209,247,2025-06-26,0,0,9999
231,273,2023-09-13,0,0,9999
232,274,2024-12-19,0,0,9999
242,284,2025-06-19,1,0,9999
242,285,2025-07-07,0,1,18
256,303,2025-07-04,0,0,9999
266,311,2024-08-11,0,0,9999
279,324,2026-01-17,0,0,9999
288,335,2025-07-25,0,0,9999
298,347,2024-03-09,0,0,9999
305,355,2025-02-14,0,0,9999
313,368,2024-11-29,0,0,9999
323,381,2024-02-17,0,0,9999
346,405,2020-08-08,0,0,9999
352,411,2025-06-18,0,0,9999
358,417,2021-05-30,0,0,9999
362,420,2025-05-31,0,0,9999
376,431,2021-11-05,0,0,9999
377,432,2024-10-15,0,0,9999
378,436,2025-12-04,0,0,9999
386,442,2025-02-13,0,0,9999
386,444,2025-04-08,0,1,54
397,458,2021-06-23,0,0,9999
399,462,2022-09-26,0,0,9999
400,464,2026-01-26,1,0,9999
400,466,2026-01-28,0,1,2
401,467,2019-11-03,0,0,9999
402,469,2025-08-19,0,0,9999
410,480,2025-08-30,0,0,9999
411,481,2025-10-26,0,0,9999
420,490,2021-12-23,0,0,9999
421,491,2024-02-28,0,0,9999
427,498,2022-09-24,0,0,9999
428,499,2025-12-05,0,0,9999
433,506,2026-01-27,0,0,9999
435,509,2026-01-20,0,0,9999
437,511,2021-11-07,0,0,9999
440,515,2025-11-18,0,0,9999
442,516,2025-06-01,0,0,9999
449,526,2025-11-07,0,0,9999
454,531,2026-01-13,0,0,9999
455,532,2021-07-29,0,0,9999
456,534,2026-01-29,0,0,9999
459,537,2025-12-11,0,0,9999
464,544,2025-02-27,0,0,9999
472,556,2023-02-18,0,0,9999
474,557,2020-11-13,0,0,9999
481,565,2025-03-20,0,0,9999
489,576,2025-05-28,0,0,9999
497,589,2025-11-29,0,0,9999
499,593,2024-11-17,0,0,9999
503,604,2024-02-03,0,0,9999
512,616,2024-04-19,0,0,9999
514,618,2025-02-27,0,0,9999
518,623,2022-06-24,0,0,9999
524,630,2024-05-02,0,0,9999
536,641,2024-08-10,0,0,9999
544,653,2025-05-29,0,0,9999
544,654,2025-07-12,0,1,44
548,658,2024-06-12,0,0,9999
550,661,2026-01-24,0,0,9999
553,664,2024-08-29,0,0,9999
565,677,2025-04-19,0,0,9999
566,678,2023-04-01,0,0,9999
568,680,2023-10-13,0,0,9999
571,684,2025-06-22,0,0,9999
581,695,2022-07-23,0,0,9999
585,701,2025-08-06,0,0,9999
587,705,2025-04-15,0,0,9999
596,715,2026-01-10,0,0,9999
606,723,2024-02-07,0,0,9999
607,724,2020-06-30,0,0,9999
608,725,2025-11-03,0,0,9999
617,734,2022-09-12,0,0,9999
623,741,2020-04-05,0,0,9999
623,743,2022-05-21,0,1,776
626,745,2023-07-12,0,0,9999
632,749,2022-12-26,0,0,9999
633,751,2023-07-09,0,0,9999
637,756,2025-03-26,0,0,9999
650,770,2025-08-30,0,0,9999
666,785,2024-06-25,0,0,9999
675,796,2021-12-07,0,0,9999
678,806,2024-10-07,0,0,9999
678,807,2025-08-04,0,1,301
684,816,2022-10-05,0,0,9999
687,821,2025-02-11,0,0,9999
693,830,2025-12-15,0,0,9999
699,837,2025-04-24,0,1,447
699,838,2024-02-02,0,0,9999
706,849,2021-05-05,0,0,9999
736,886,2025-11-30,0,0,9999
755,909,2020-10-20,0,0,9999
761,914,2024-05-04,0,0,9999
761,915,2025-03-06,0,1,306
775,946,2025-03-26,0,0,9999
794,965,2025-12-29,0,0,9999
819,994,2025-12-24,0,0,9999
830,1005,2023-10-22,0,0,9999
835,1015,2023-07-28,0,0,9999
839,1020,2025-01-19,0,0,9999
842,1025,2020-01-06,0,0,9999
845,1028,2026-01-25,0,0,9999
901,1090,2024-12-02,0,0,9999
909,1099,2020-11-10,0,0,9999
914,1101,2023-02-12,0,0,9999
923,1108,2025-10-04,0,0,9999
943,1131,2023-12-14,0,0,9999
947,1134,2025-04-11,0,0,9999
950,1140,2025-09-11,0,0,9999
957,1151,2024-09-23,0,0,9999
961,1155,2026-01-07,0,0,9999
966,1159,2025-07-17,0,0,9999
972,1167,2022-06-07,0,0,9999
996,1201,2020-07-16,0,0,9999
1000,1207,2022-05-26,0,0,9999
1010,1217,2023-03-17,0,0,9999
1021,1229,2025-04-24,0,0,9999
1029,1239,2024-01-02,0,0,9999
1035,1245,2026-01-30,0,0,9999
1038,1248,2024-10-18,0,0,9999
1040,1252,2025-06-25,0,0,9999
1048,1259,2024-05-03,0,0,9999
1056,1271,2026-01-20,0,0,9999
1065,1281,2025-08-31,0,1,86
1065,1282,2025-06-06,0,0,9999
1067,1287,2024-03-25,0,0,9999
1072,1295,2025-11-24,0,0,9999
1075,1303,2024-09-22,0,0,9999
1090,1317,2024-05-18,0,0,9999
1093,1320,2025-04-30,0,0,9999
1096,1324,2025-08-30,0,0,9999
1108,1344,2024-11-16,0,0,9999
1127,1364,2025-04-24,0,0,9999
1129,1365,2025-08-02,0,0,9999
1140,1378,2023-12-09,0,0,9999
1160,1396,2025-11-24,0,0,9999
1171,1412,2024-05-03,0,0,9999
1188,1437,2022-02-05,0,0,9999
1190,1438,2022-12-08,0,0,9999
1200,1450,2021-07-20,0,0,9999
1204,1455,2026-01-05,0,0,9999
1213,1467,2025-10-13,0,1,199
1213,1468,2025-03-28,0,0,9999
1216,1474,2025-08-17,0,0,9999
1225,1486,2024-02-25,0,0,9999
1231,1496,2025-11-23,0,0,9999
1241,1504,2026-01-14,0,0,9999
1250,1515,2022-11-16,0,0,9999
1251,1518,2025-04-15,0,1,458
1251,1519,2024-01-13,0,0,9999
1257,1528,2022-05-15,0,0,9999
1261,1534,2025-08-25,0,0,9999
1267,1540,2025-03-07,0,0,9999
1280,1556,2020-06-22,0,0,9999
1285,1565,2023-05-14,0,0,9999
1285,1566,2024-03-21,0,1,312
1292,1577,2025-03-15,0,0,9999
1295,1579,2025-12-12,0,0,9999
1297,1583,2023-03-28,0,0,9999
1299,1585,2026-01-22,0,0,9999
1301,1589,2021-01-17,0,0,9999
1307,1597,2023-05-20,0,0,9999
1312,1606,2026-01-24,0,0,9999
1315,1608,2024-10-18,0,0,9999
1319,1613,2024-10-12,0,0,9999
1323,1622,2021-06-10,0,0,9999
1325,1626,2025-08-27,1,1,104
1325,1627,2025-09-25,0,2,29
1325,1628,2025-05-15,0,0,9999
1342,1644,2022-10-28,0,0,9999
1363,1661,2025-11-25,0,0,9999
1369,1670,2024-04-29,0,0,9999
1378,1676,2025-10-02,0,0,9999
1381,1679,2024-06-19,0,0,9999
1381,1681,2025-08-14,0,1,421
1383,1684,2025-06-28,0,0,9999
1390,1692,2026-01-27,0,0,9999
1415,1712,2024-11-11,0,0,9999
1418,1714,2025-03-21,0,0,9999
1437,1739,2025-09-28,0,0,9999
1449,1745,2025-02-07,0,0,9999
1485,1776,2025-11-07,0,0,9999
1489,1782,2025-02-22,0,0,9999
1493,1786,2024-10-11,0,0,9999
1500,1791,2023-03-18,0,0,9999
1516,1806,2025-04-17,1,0,9999
1516,1807,2025-04-24,0,1,7
1522,1813,2025-02-22,0,0,9999
1526,1821,2025-10-31,0,0,9999
1531,1829,2024-12-28,0,0,9999
1535,1833,2025-02-17,0,0,9999
1540,1843,2021-02-08,0,0,9999
1541,1845,2025-04-16,0,0,9999
1543,1852,2021-04-29,0,0,9999
1552,1860,2026-01-08,0,0,9999
1554,1864,2023-02-21,0,0,9999
1554,1866,2024-07-03,0,1,498
1554,1867,2024-08-04,0,2,32
1557,1870,2024-06-24,0,0,9999
1563,1876,2024-06-28,0,0,9999
1567,1879,2025-05-28,0,0,9999
1579,1895,2025-12-10,0,0,9999
1588,1906,2025-03-30,0,0,9999
1597,1917,2026-01-22,0,0,9999
1601,1923,2022-04-09,0,0,9999
1602,1925,2025-09-19,0,0,9999
1610,1938,2023-03-02,0,0,9999
1617,1944,2024-07-10,0,0,9999
1628,1956,2024-02-25,0,0,9999
1645,1974,2025-11-14,0,0,9999
1656,1985,2025-09-14,0,0,9999
1664,1993,2024-07-21,0,0,9999
1667,1997,2025-01-18,0,0,9999
1668,1999,2024-11-05,0,0,9999
1669,2000,2025-10-04,0,0,9999
1679,2015,2024-02-19,0,0,9999
1694,2030,2025-06-19,0,1,240
1694,2032,2024-10-22,0,0,9999
1701,2041,2025-02-23,0,0,9999
1711,2054,2025-08-12,0,0,9999
1712,2057,2021-11-29,0,0,9999
1715,2064,2025-06-18,0,1,369
1715,2065,2024-06-14,0,0,9999
1726,2076,2021-12-12,0,0,9999
1729,2081,2024-10-24,0,0,9999
1730,2082,2025-11-10,0,0,9999
1746,2096,2026-01-29,0,0,9999
1755,2110,2025-04-26,0,0,9999
1765,2119,2026-01-09,1,0,9999
1765,2122,2026-01-24,0,1,15
1768,2125,2021-10-27,0,0,9999
1773,2131,2024-07-27,0,0,9999
1775,2133,2021-11-11,0,0,9999
1777,2135,2023-11-17,0,0,9999
1787,2148,2020-09-14,0,0,9999
1787,2151,2022-05-13,0,1,606
1788,2152,2025-12-02,0,0,9999
1794,2159,2025-04-12,0,0,9999
1796,2160,2024-07-22,0,0,9999
1803,2170,2026-01-21,0,0,9999
1805,2173,2024-06-08,0,0,9999
1812,2182,2021-12-25,0,0,9999
1823,2195,2025-02-08,0,0,9999
1830,2200,2025-09-26,0,0,9999
1840,2209,2024-10-24,0,0,9999
1845,2214,2025-12-09,0,0,9999
1856,2227,2025-03-06,0,0,9999
1856,2228,2025-04-08,0,1,33
1858,2230,2025-02-24,0,0,9999
1863,2237,2025-06-08,0,0,9999
1863,2239,2026-01-03,0,1,209
1872,2249,2023-02-22,0,0,9999
1875,2251,2024-05-02,0,0,9999
1893,2275,2022-04-09,0,0,9999
1895,2279,2025-04-09,0,0,9999
1896,2281,2022-04-23,0,0,9999
1898,2282,2025-06-14,0,0,9999
1902,2285,2025-05-26,0,0,9999
1904,2287,2024-08-18,0,0,9999
1911,2293,2026-01-27,0,1,3
1911,2295,2026-01-24,1,0,9999
1920,2306,2022-11-22,0,0,9999
1928,2316,2022-08-02,0,0,9999
1944,2335,2025-09-01,0,1,1120
1944,2336,2022-08-08,0,0,9999
1951,2344,2026-01-28,0,0,9999
1957,2361,2024-03-02,0,2,603
1957,2362,2022-07-08,0,1,835
1957,2363,2020-03-25,0,0,9999
1961,2371,2025-01-13,0,0,9999
1987,2403,2025-12-26,0,0,9999
1990,2405,2024-09-08,0,0,9999
2004,2417,2024-07-05,0,0,9999
2018,2431,2024-06-02,0,0,9999
2054,2477,2023-08-15,0,0,9999
2057,2481,2022-11-14,0,0,9999
2058,2482,2021-05-24,0,0,9999
2069,2496,2025-10-23,0,0,9999
2069,2497,2026-01-14,0,1,83
2076,2510,2023-02-17,0,0,9999
2083,2517,2022-05-23,0,0,9999
2084,2518,2024-05-21,0,1,489
2084,2520,2023-01-18,0,0,9999
2087,2530,2025-11-10,0,0,9999
2101,2553,2022-12-06,0,0,9999
2114,2569,2020-05-29,0,0,9999
2119,2575,2025-08-13,0,0,9999
2120,2576,2026-01-28,0,0,9999
2126,2586,2025-10-27,0,0,9999
2130,2591,2025-02-27,0,0,9999
2140,2600,2021-05-29,0,0,9999
2155,2627,2025-12-05,0,0,9999
2159,2632,2025-10-19,0,0,9999
2160,2634,2022-11-12,0,0,9999
2163,2638,2022-02-16,0,0,9999
2163,2639,2024-12-15,0,2,128
2163,2640,2024-08-09,0,1,905
2167,2643,2026-01-04,0,0,9999
2183,2658,2025-03-19,0,0,9999
2187,2664,2025-10-25,0,0,9999
2191,2671,2025-07-06,0,0,9999
2201,2683,2023-02-12,0,0,9999
2204,2686,2026-01-09,0,0,9999
2209,2690,2025-04-04,0,0,9999
2210,2691,2026-01-15,0,0,9999
2214,2696,2024-09-27,0,0,9999
2243,2735,2024-12-22,0,0,9999
2247,2743,2022-01-30,0,0,9999
2249,2746,2024-05-23,0,0,9999
2252,2750,2021-04-11,0,0,9999
2261,2763,2025-09-18,0,0,9999
2270,2773,2026-01-18,0,0,9999
2286,2794,2022-07-01,0,1,496
2286,2795,2021-02-20,0,0,9999
2287,2797,2026-01-24,0,0,9999
2288,2798,2025-01-28,0,0,9999
2296,2806,2025-08-30,0,0,9999
2308,2824,2024-06-04,0,0,9999
2313,2830,2024-07-09,0,0,9999
2324,2848,2022-07-12,0,0,9999
2324,2850,2025-08-11,0,2,304
2324,2851,2024-10-11,0,1,822
2328,2855,2025-01-18,0,0,9999
2329,2859,2021-08-25,0,0,9999
2334,2867,2025-12-25,0,0,9999
2343,2877,2025-12-23,0,0,9999
2353,2887,2024-11-23,0,1,704
2353,2888,2022-12-20,0,0,9999
2353,2889,2025-08-12,0,2,262
2359,2895,2024-08-19,0,0,9999
2376,2914,2021-10-29,0,1,970
2376,2915,2019-03-04,0,0,9999
2377,2917,2026-01-15,0,0,9999
2413,2961,2024-12-18,0,0,9999
2430,2984,2021-09-06,0,0,9999
2437,2989,2023-12-07,0,0,9999
2439,2991,2022-02-26,0,0,9999
2441,2993,2024-07-17,0,0,9999
2445,2999,2022-12-24,0,0,9999
2453,3004,2026-01-29,0,0,9999
2465,3018,2022-08-17,0,0,9999
2465,3019,2025-10-15,0,1,1155
2466,3022,2024-12-06,0,0,9999
2474,3031,2024-08-29,0,0,9999
2479,3037,2025-12-02,0,0,9999
2489,3048,2023-05-12,0,0,9999
2496,3053,2024-06-22,0,0,9999
2503,3064,2024-12-20,0,0,9999
2522,3086,2024-03-28,0,0,9999
2523,3087,2024-12-18,0,0,9999
2544,3107,2025-03-01,0,0,9999
2555,3117,2024-03-11,0,0,9999
2567,3130,2026-01-25,0,0,9999
2577,3138,2025-11-11,0,0,9999
2580,3141,2025-11-03,0,0,9999
2619,3180,2025-05-31,0,0,9999
2629,3196,2026-01-25,0,0,9999
2632,3198,2023-12-23,0,0,9999
2634,3201,2025-11-06,0,0,9999
2637,3203,2025-12-12,0,0,9999
2642,3209,2025-01-17,0,0,9999
2648,3215,2026-01-26,0,0,9999
2649,3216,2025-05-20,0,0,9999
2650,3217,2020-03-19,0,0,9999
2654,3221,2025-04-17,0,0,9999
2689,3267,2025-08-29,0,0,9999
2699,3280,2025-10-30,0,0,9999
2709,3292,2020-11-16,0,0,9999
2732,3311,2021-10-21,0,0,9999
2732,3312,2022-02-14,0,1,116
2735,3315,2022-03-24,0,0,9999
2738,3318,2025-03-10,0,0,9999
2746,3329,2024-09-05,0,0,9999
2749,3333,2023-02-19,0,0,9999
2754,3338,2025-11-30,0,0,9999
2756,3340,2025-04-16,0,0,9999
2758,3345,2026-01-28,0,0,9999
2761,3352,2019-05-27,0,0,9999
2764,3356,2024-01-18,0,0,9999
2773,3365,2023-03-09,0,0,9999
2781,3375,2026-01-25,1,0,9999
2781,3376,2026-01-28,0,1,3
2786,3383,2022-03-29,0,0,9999
2789,3385,2024-08-29,0,1,279
2789,3386,2023-11-24,0,0,9999
2790,3388,2025-12-15,0,0,9999
2791,3389,2023-03-05,0,0,9999
2792,3393,2023-03-06,0,0,9999
2800,3404,2020-01-06,0,0,9999
2815,3426,2025-06-25,0,0,9999
2819,3432,2025-12-13,0,0,9999
2822,3435,2023-01-07,0,0,9999
2828,3443,2023-01-20,0,0,9999
2837,3454,2025-06-02,0,0,9999
2838,3458,2022-11-27,0,0,9999
2844,3464,2023-07-26,0,0,9999
2845,3465,2025-11-15,0,0,9999
2862,3488,2025-12-23,0,0,9999
2864,3491,2024-10-26,0,0,9999
2873,3500,2022-03-06,0,0,9999
2877,3508,2025-07-17,0,0,9999
2885,3522,2025-07-28,0,0,9999
2894,3535,2024-12-28,0,0,9999
2911,3556,2024-02-17,0,0,9999
2929,3576,2025-10-10,0,0,9999
2931,3579,2020-03-27,0,0,9999
2931,3580,2023-04-29,0,1,1128
2936,3589,2026-01-29,0,0,9999
2938,3592,2026-01-22,0,0,9999
2940,3595,2025-10-21,0,0,9999
2945,3599,2022-04-13,0,0,9999
2945,3601,2024-09-22,0,1,893
2952,3610,2025-11-04,0,0,9999
2962,3625,2022-08-17,0,0,9999
2963,3626,2025-05-06,0,0,9999
2970,3635,2025-09-30,0,0,9999
2989,3652,2024-02-08,0,0,9999
2991,3656,2024-10-05,0,0,9999
2994,3661,2026-01-27,0,0,9999
2997,3665,2024-10-30,0,0,9999
2999,3670,2025-10-15,0,0,9999
3016,3692,2025-12-06,0,0,9999
3021,3696,2021-06-05,0,0,9999
3026,3700,2022-08-17,0,0,9999
3037,3713,2024-04-15,0,0,9999
3039,3716,2024-12-03,0,0,9999
3046,3726,2022-12-26,0,0,9999
3057,3738,2025-02-28,0,0,9999
3060,3741,2022-07-12,0,0,9999
3061,3742,2025-09-11,0,0,9999
3064,3747,2024-01-19,0,0,9999
3070,3755,2026-01-10,0,0,9999
3074,3759,2026-01-22,0,0,9999
3075,3760,2025-01-19,0,0,9999
3078,3765,2025-04-02,0,0,9999
3079,3768,2023-05-16,0,0,9999
3115,3814,2025-07-23,0,0,9999
3116,3816,2023-01-01,0,0,9999
3117,3817,2025-02-13,0,0,9999
3121,3821,2025-03-29,0,0,9999
3127,3828,2022-08-27,0,0,9999
3136,3837,2025-12-21,0,0,9999
3139,3840,2023-02-04,0,0,9999
3144,3846,2025-08-12,0,0,9999
3149,3854,2023-01-22,0,0,9999
3153,3859,2021-11-05,0,0,9999
3163,3870,2025-02-28,0,0,9999
3164,3872,2026-01-28,0,0,9999
3189,3898,2022-10-11,0,0,9999
3193,3904,2021-02-09,0,0,9999
3194,3905,2021-01-12,0,0,9999
3201,3917,2025-12-19,0,0,9999
3211,3932,2025-02-11,0,0,9999
3212,3934,2024-02-03,1,0,9999
3212,3935,2024-03-02,0,1,28
3212,3936,2025-12-26,0,3,355
3212,3937,2025-01-05,0,2,309
3227,3954,2023-08-21,0,0,9999
3228,3955,2024-06-15,0,0,9999
3239,3967,2025-05-08,0,0,9999
3246,3979,2023-08-04,0,0,9999
3254,3991,2026-01-30,0,0,9999
3267,4005,2019-09-13,0,0,9999
3271,4013,2025-06-30,0,0,9999
3279,4024,2025-04-19,0,0,9999
3296,4042,2022-06-01,0,0,9999
3321,4084,2026-01-29,0,0,9999
3328,4094,2026-01-14,0,0,9999
3334,4100,2024-06-14,0,1,33
3334,4101,2024-05-12,0,0,9999
3338,4107,2024-09-23,0,0,9999
3342,4115,2020-05-28,0,0,9999
3356,4136,2024-11-25,0,0,9999
3358,4137,2025-07-19,0,0,9999
3361,4142,2026-01-06,0,0,9999
3372,4154,2020-07-24,0,0,9999
3376,4158,2021-03-24,0,0,9999
3383,4166,2025-12-13,0,0,9999
3389,4177,2024-08-23,0,0,9999
3390,4179,2022-02-28,0,0,9999
3392,4182,2023-08-27,0,0,9999
3405,4198,2023-09-06,0,0,9999
3405,4199,2024-12-25,0,1,476
3412,4207,2022-02-06,0,0,9999
3431,4229,2024-06-11,0,0,9999
3434,4236,2025-11-28,0,0,9999
3459,4274,2025-04-12,0,1,1790
3459,4275,2025-09-16,0,2,157
3459,4276,2020-05-18,0,0,9999
3461,4277,2024-04-17,0,0,9999
3462,4279,2023-10-04,0,0,9999
3474,4294,2024-12-23,0,0,9999
3476,4298,2025-09-23,0,0,9999
3485,4314,2025-10-08,1,0,9999
3485,4316,2025-10-19,0,1,11
3486,4317,2024-01-13,0,0,9999
3489,4320,2025-10-31,0,0,9999
3493,4327,2024-06-04,0,0,9999
3512,4350,2024-08-07,0,0,9999
3517,4355,2024-08-15,0,0,9999
3526,4372,2023-11-29,0,0,9999
3530,4376,2024-12-20,0,0,9999
3544,4390,2025-09-07,0,0,9999
3552,4397,2024-08-30,0,0,9999
3552,4399,2025-07-18,0,1,322
3555,4405,2025-01-19,0,0,9999
3556,4407,2023-01-27,0,1,380
3556,4409,2022-01-12,0,0,9999
3558,4410,2026-01-29,0,0,9999
3560,4414,2020-09-23,0,0,9999
3564,4420,2025-04-20,0,0,9999
3575,4432,2025-08-02,0,0,9999
3576,4434,2025-11-08,0,0,9999
3588,4450,2025-08-30,0,0,9999
3592,4459,2025-09-19,0,1,815
3592,4460,2023-06-27,0,0,9999
3593,4462,2025-02-02,0,1,126
3593,4463,2024-09-29,0,0,9999
3594,4466,2025-04-30,0,0,9999
3600,4470,2024-09-08,0,0,9999
3601,4471,2024-02-28,0,0,9999
3602,4472,2023-03-25,0,0,9999
3602,4475,2025-05-21,0,1,788
3604,4478,2023-09-23,0,0,9999
3611,4485,2024-07-28,0,0,9999
3623,4494,2024-02-17,0,0,9999
3626,4498,2025-12-23,0,0,9999
3628,4501,2021-06-14,0,0,9999
3643,4515,2025-01-16,0,0,9999
3661,4543,2025-11-14,0,0,9999
3667,4546,2025-06-17,0,0,9999
3670,4552,2025-03-25,0,0,9999
3680,4564,2025-11-25,0,0,9999
3681,4568,2025-09-23,0,0,9999
3696,4586,2021-11-28,0,0,9999
3699,4589,2025-10-30,0,0,9999
3720,4619,2026-01-30,0,0,9999
3721,4621,2025-06-13,0,0,9999
3727,4627,2020-07-23,0,0,9999
3729,4629,2025-02-28,0,0,9999
3734,4635,2025-03-23,0,0,9999
3735,4637,2024-06-16,0,0,9999
3735,4638,2025-09-01,0,1,442
3738,4642,2025-06-19,0,0,9999
3743,4647,2026-01-18,0,0,9999
3754,4664,2024-07-24,0,0,9999
3770,4686,2022-12-20,0,0,9999
3774,4690,2024-07-05,0,0,9999
3786,4703,2025-07-08,0,0,9999
3789,4705,2023-10-29,0,0,9999
3790,4706,2024-11-27,0,0,9999
3791,4709,2026-01-02,0,0,9999
3796,4713,2023-11-09,0,0,9999
3810,4727,2020-11-21,0,0,9999
3817,4736,2023-11-15,0,0,9999
3822,4742,2025-03-23,0,0,9999
3826,4747,2025-06-04,0,0,9999
3828,4749,2024-03-28,0,0,9999
3851,4780,2024-04-21,0,0,9999
3855,4784,2023-02-16,0,0,9999
3862,4797,2026-01-20,0,0,9999
3863,4798,2026-01-06,0,0,9999
3865,4804,2024-01-26,0,0,9999
3876,4820,2024-03-17,0,0,9999
3884,4831,2024-05-06,0,0,9999
3903,4854,2023-06-11,0,0,9999
3907,4863,2025-11-21,0,0,9999
3910,4869,2020-09-22,0,0,9999
3910,4871,2025-06-11,0,1,1723
3911,4873,2022-08-17,0,0,9999
3925,4893,2025-09-13,0,0,9999
3929,4895,2025-05-02,0,0,9999
3931,4897,2024-11-01,0,0,9999
3932,4898,2024-06-30,0,0,9999
3937,4906,2025-07-21,0,0,9999
3954,4931,2021-08-13,0,0,9999
3960,4937,2025-08-23,0,0,9999
3961,4938,2025-09-01,0,0,9999
3973,4956,2024-12-23,0,0,9999
3976,4961,2024-01-15,0,0,9999
3980,4965,2022-03-02,0,0,9999
4003,4989,2024-07-14,0,0,9999
4011,5000,2025-07-21,0,0,9999
4026,5017,2026-01-24,0,0,9999
4027,5018,2023-03-29,0,0,9999
4048,5044,2022-06-18,0,0,9999
4049,5048,2020-09-06,0,0,9999
4053,5049,2024-07-11,0,0,9999
4065,5064,2025-08-23,0,0,9999
4067,5071,2025-08-27,0,0,9999
4070,5075,2025-03-31,0,0,9999
4071,5076,2024-05-19,0,0,9999
4079,5085,2024-11-29,0,0,9999
4087,5095,2022-08-19,0,0,9999
4092,5104,2025-08-15,0,0,9999
4094,5106,2020-10-07,0,0,9999
4095,5107,2022-05-15,0,0,9999
4096,5109,2024-02-10,0,0,9999
4098,5112,2025-07-20,0,0,9999
4099,5114,2025-07-27,0,0,9999
4100,5117,2025-04-24,0,0,9999
4117,5142,2022-06-01,0,0,9999
4120,5148,2025-12-29,0,0,9999
4155,5188,2021-05-22,0,0,9999
4165,5206,2023-11-25,0,0,9999
4167,5209,2019-09-16,0,0,9999
4184,5228,2024-12-09,0,0,9999
4184,5229,2025-03-10,0,1,91
4195,5242,2026-01-28,0,0,9999
4198,5246,2025-08-10,0,0,9999
4202,5252,2025-11-13,0,0,9999
4204,5255,2025-07-26,0,0,9999
4205,5256,2025-09-28,0,1,652
4205,5257,2023-12-16,0,0,9999
4206,5261,2024-09-29,0,0,9999
4211,5265,2026-01-30,0,0,9999
4212,5267,2025-09-24,0,0,9999
4213,5268,2024-09-16,0,0,9999
4224,5281,2025-11-12,0,0,9999
4227,5287,2026-01-30,0,0,9999
4233,5295,2026-01-30,0,0,9999
4242,5305,2025-01-17,0,0,9999
4247,5313,2025-05-26,0,0,9999
4252,5321,2021-06-20,0,0,9999
4252,5322,2023-03-18,0,1,636
4252,5323,2025-09-28,0,2,925
4262,5334,2025-11-18,0,0,9999
4279,5354,2022-10-27,0,0,9999
4280,5355,2021-11-01,0,0,9999
4281,5357,2023-09-15,0,0,9999
4286,5360,2025-01-28,0,0,9999
4292,5372,2024-03-21,0,0,9999
4296,5378,2023-12-17,0,0,9999
4305,5389,2026-01-30,0,0,9999
4312,5395,2025-11-24,0,0,9999
4314,5398,2022-06-09,0,0,9999
4320,5404,2021-04-09,0,0,9999
4322,5408,2024-10-02,0,0,9999
4326,5411,2023-03-30,0,0,9999
4344,5428,2025-11-10,0,0,9999
4346,5431,2022-12-12,0,0,9999
4360,5446,2025-04-08,0,0,9999
4366,5453,2026-01-17,0,0,9999
4368,5458,2023-04-19,0,0,9999
4382,5470,2025-05-04,0,0,9999
4383,5471,2022-08-09,0,0,9999
4384,5473,2023-07-25,0,0,9999
4393,5486,2025-08-28,0,0,9999
4406,5502,2024-11-09,0,0,9999
4411,5505,2021-12-23,0,0,9999
4417,5513,2020-09-01,0,0,9999
4421,5520,2025-11-29,0,0,9999
4429,5526,2026-01-30,0,0,9999
4439,5539,2024-05-28,0,0,9999
4440,5541,2023-09-17,0,0,9999
4441,5543,2025-11-26,0,0,9999
4449,5552,2025-07-28,0,0,9999
4464,5581,2025-08-31,0,0,9999
4468,5583,2024-01-22,0,0,9999
4469,5585,2022-01-01,0,0,9999
4484,5606,2023-07-27,0,0,9999
4508,5637,2021-03-19,0,0,9999
4518,5647,2024-11-12,0,1,109
4518,5649,2024-07-26,0,0,9999
4521,5651,2021-09-08,0,0,9999
4535,5667,2025-02-20,0,0,9999
4545,5674,2025-04-26,0,0,9999
4546,5675,2021-05-02,0,0,9999
4550,5680,2025-12-10,0,1,73
4550,5681,2025-09-28,0,0,9999
4552,5683,2023-04-26,0,0,9999
4558,5687,2023-11-15,0,0,9999
4566,5696,2025-07-20,0,0,9999
4609,5748,2023-12-16,0,0,9999
4610,5750,2024-03-23,0,0,9999
4612,5752,2025-12-14,0,0,9999
4614,5757,2025-05-07,0,0,9999
4617,5760,2025-06-24,0,0,9999
4618,5761,2026-01-29,0,0,9999
4633,5772,2025-12-22,0,0,9999
4634,5773,2024-04-02,0,0,9999
4642,5780,2026-01-27,0,0,9999
4645,5787,2022-04-14,0,0,9999
4650,5795,2024-07-13,0,0,9999
4653,5797,2026-01-27,0,0,9999
4665,5812,2025-11-01,0,0,9999
4669,5818,2023-04-13,0,0,9999
4671,5821,2025-03-04,0,0,9999
4674,5829,2024-11-26,0,0,9999
4684,5844,2024-06-08,0,0,9999
4687,5848,2025-06-14,0,0,9999
4688,5849,2023-07-18,0,0,9999
4692,5855,2025-11-18,0,0,9999
4694,5860,2020-11-30,0,0,9999
4698,5863,2022-05-06,0,0,9999
4701,5869,2025-06-14,0,1,154
4701,5870,2025-01-11,0,0,9999
4703,5871,2026-01-16,0,0,9999
4705,5877,2024-09-09,0,1,282
4705,5879,2023-12-02,0,0,9999
4714,5892,2025-12-25,0,0,9999
4716,5897,2020-06-02,0,0,9999
4734,5915,2021-11-18,0,0,9999
4743,5932,2024-03-18,0,0,9999
4747,5938,2024-11-30,0,0,9999
4755,5946,2025-11-13,0,1,215
4755,5947,2025-04-12,0,0,9999
4760,5952,2022-07-08,0,0,9999
4777,5979,2025-12-25,0,0,9999
4783,5990,2025-09-10,0,0,9999
4784,5991,2025-12-01,0,0,9999
4788,5998,2024-04-07,0,1,308
4788,5999,2023-06-04,0,0,9999
4790,6000,2024-03-14,0,0,9999
4793,6003,2025-09-21,0,0,9999
4804,6014,2025-12-27,0,0,9999
4827,6039,2023-01-11,0,0,9999
4835,6049,2022-06-05,0,0,9999
4850,6068,2020-01-23,0,0,9999
4850,6069,2025-08-24,0,2,130
4850,6070,2025-04-16,0,1,1910
4854,6072,2025-04-13,0,0,9999
4862,6083,2024-11-01,0,0,9999
4877,6111,2023-09-19,0,0,9999
4881,6117,2024-01-21,0,0,9999
4885,6123,2024-11-18,0,0,9999
4891,6132,2024-05-30,0,0,9999
4900,6143,2025-07-14,0,0,9999
4914,6161,2024-09-07,0,0,9999
4918,6166,2025-03-25,0,0,9999
4926,6174,2026-01-25,0,0,9999
4928,6177,2025-06-04,0,0,9999
4929,6178,2025-09-30,0,0,9999
4938,6188,2026-01-30,0,1,1
4938,6190,2026-01-30,0,1,1
4938,6191,2026-01-29,1,0,9999
4952,6212,2024-12-29,0,0,9999
4960,6223,2025-05-21,0,0,9999
4968,6233,2025-11-19,0,0,9999
4971,6236,2020-11-14,0,0,9999
4984,6256,2025-11-16,0,0,9999
4988,6262,2025-04-28,0,0,9999
4990,6266,2024-01-18,0,0,9999
4996,6270,2024-08-18,0,0,9999
5000,6276,2025-09-20,0,0,9999
5009,6279,2023-04-12,0,0,9999
5027,6310,2021-06-06,0,0,9999
5030,6313,2026-01-29,0,0,9999
5051,6345,2025-09-05,0,0,9999
5061,6353,2025-10-20,0,0,9999
5064,6358,2024-05-30,0,0,9999
5067,6364,2022-06-18,0,0,9999
5083,6377,2025-03-06,0,0,9999
5087,6384,2021-05-01,0,0,9999
5099,6398,2024-05-06,0,0,9999
5103,6407,2024-12-01,0,0,9999
5111,6414,2022-03-20,0,0,9999
5124,6425,2026-01-02,0,0,9999
5132,6436,2025-07-16,0,0,9999
5135,6439,2022-07-25,0,0,9999
5136,6441,2022-11-26,0,0,9999
5138,6443,2025-10-23,0,0,9999
5139,6444,2025-04-09,0,0,9999
5140,6446,2026-01-21,0,0,9999
5141,6447,2024-01-13,0,0,9999
5145,6455,2025-02-01,0,0,9999
5146,6456,2023-01-14,0,0,9999
5151,6462,2025-01-14,0,0,9999
5158,6473,2025-03-19,0,0,9999
5159,6474,2020-12-12,0,0,9999
5159,6475,2022-05-06,0,1,510
5171,6491,2019-08-23,0,0,9999
5175,6496,2025-12-13,0,1,10
5175,6497,2025-12-03,1,0,9999
5192,6513,2025-06-12,0,0,9999
5210,6531,2024-12-13,0,0,9999
5214,6535,2025-01-12,0,0,9999
5220,6542,2025-07-20,0,0,9999
5221,6544,2025-02-27,0,0,9999
5222,6547,2026-01-27,0,0,9999
5238,6565,2023-04-19,0,0,9999
5242,6569,2026-01-27,0,0,9999
5252,6578,2025-03-04,0,0,9999
5268,6598,2023-05-12,0,0,9999
5274,6602,2025-04-03,0,0,9999
5275,6603,2024-06-30,0,0,9999
5278,6605,2024-07-28,0,0,9999
5295,6634,2024-05-30,0,0,9999
5295,6635,2024-11-29,0,1,183
5296,6636,2025-07-28,0,0,9999
5302,6641,2026-01-25,0,0,9999
5310,6649,2025-08-14,0,0,9999
5311,6650,2025-09-13,0,0,9999
5315,6654,2025-02-28,0,0,9999
5320,6657,2025-10-31,1,0,9999
5320,6658,2025-11-20,0,1,20
5323,6661,2025-01-21,0,1,943
5323,6662,2022-06-23,0,0,9999
5324,6664,2021-12-12,0,0,9999
5329,6668,2022-09-09,0,0,9999
5330,6669,2026-01-30,0,0,9999
5332,6671,2025-11-21,0,0,9999
5340,6681,2022-07-30,0,0,9999
5355,6701,2024-09-30,0,0,9999
5357,6704,2025-04-06,0,0,9999
5357,6707,2025-08-13,0,1,129
5365,6719,2023-10-21,0,0,9999
5385,6733,2025-05-10,0,0,9999
5387,6737,2026-01-19,0,0,9999
5402,6759,2024-06-18,0,0,9999
5409,6764,2025-05-25,0,0,9999
5422,6778,2025-12-06,0,0,9999
5444,6799,2025-03-29,0,0,9999
5450,6804,2025-07-13,0,0,9999
5453,6807,2024-11-11,0,0,9999
5454,6809,2026-01-27,0,0,9999
5460,6818,2025-12-11,0,0,9999
5468,6826,2026-01-21,0,0,9999
5471,6829,2023-02-19,0,0,9999
5474,6835,2022-07-28,0,0,9999
5480,6842,2024-07-21,0,0,9999
5480,6843,2025-07-22,0,1,366
5483,6849,2020-11-03,0,0,9999
5496,6861,2023-04-20,0,0,9999
5513,6881,2025-03-13,0,0,9999
5516,6885,2024-08-02,0,0,9999
5521,6890,2024-07-18,0,0,9999
5524,6891,2022-09-25,0,0,9999
5526,6895,2023-07-10,0,0,9999
5544,6923,2023-12-12,0,0,9999
5545,6927,2024-01-07,0,0,9999
5549,6930,2021-09-06,0,0,9999
5557,6938,2021-06-16,0,0,9999
5557,6939,2023-12-25,0,1,922
5570,6956,2023-12-14,0,0,9999
5575,6966,2025-12-29,0,0,9999
5577,6969,2025-11-12,0,0,9999
5581,6977,2022-02-28,0,0,9999
5583,6979,2022-06-06,0,0,9999
5590,6985,2021-03-24,0,0,9999
5601,6998,2024-11-24,0,0,9999
5611,7012,2020-07-26,0,0,9999
5615,7020,2024-02-16,0,0,9999
5618,7022,2023-06-02,0,0,9999
5621,7026,2023-11-24,0,0,9999
5622,7027,2025-04-05,0,0,9999
5624,7028,2026-01-30,0,0,9999
5657,7071,2025-12-23,0,0,9999
5662,7077,2022-07-02,0,0,9999
5675,7093,2020-04-26,0,0,9999
5680,7101,2024-07-25,0,0,9999
5682,7105,2026-01-25,0,0,9999
5693,7123,2026-01-03,0,0,9999
5698,7128,2024-07-26,0,0,9999
5700,7129,2022-06-29,0,0,9999
5702,7132,2025-07-09,0,0,9999
5711,7140,2025-01-08,0,0,9999
5720,7150,2025-04-22,0,0,9999
5723,7153,2024-12-04,0,0,9999
5724,7154,2025-12-21,0,0,9999
5735,7175,2025-06-29,0,0,9999
5737,7177,2024-11-02,0,0,9999
5744,7187,2025-04-13,0,0,9999
5754,7195,2024-10-06,0,0,9999
5757,7197,2025-12-28,0,0,9999
5766,7206,2024-01-04,0,0,9999
5776,7214,2025-12-22,0,0,9999
5784,7222,2025-03-18,0,0,9999
5792,7227,2024-10-10,0,0,9999
5797,7232,2023-05-22,0,0,9999
5799,7234,2022-09-20,0,0,9999
5809,7245,2025-12-09,0,0,9999
5817,7253,2022-11-10,0,0,9999
5818,7254,2025-08-24,0,0,9999
5825,7262,2026-01-27,1,0,9999
5825,7263,2026-01-30,0,1,3
5829,7266,2023-02-23,0,0,9999
5838,7277,2024-05-10,0,0,9999
5862,7307,2025-06-11,0,0,9999
5865,7310,2025-10-26,0,0,9999
5869,7318,2023-02-17,0,0,9999
5870,7319,2022-10-29,0,0,9999
5872,7321,2022-03-27,0,0,9999
5882,7335,2024-09-05,0,0,9999
5896,7346,2024-10-27,0,1,901
5896,7347,2022-05-10,0,0,9999
5906,7354,2024-11-07,0,0,9999
5921,7379,2025-11-26,0,0,9999
5923,7382,2025-12-31,0,0,9999
5935,7403,2022-11-18,0,0,9999
5938,7406,2022-02-25,0,0,9999
5939,7407,2022-03-14,0,0,9999
5972,7439,2025-01-02,0,1,163
5972,7441,2024-07-23,0,0,9999
5976,7447,2025-06-18,0,0,9999
5981,7450,2024-01-26,0,0,9999
6012,7485,2026-01-22,0,0,9999
6015,7488,2026-01-28,0,0,9999
6024,7496,2024-03-29,0,1,1
6024,7497,2024-03-28,1,0,9999
6037,7514,2024-02-10,0,0,9999
6045,7523,2021-06-18,0,0,9999
6050,7533,2023-01-16,0,0,9999
6051,7534,2025-10-06,0,0,9999
6051,7535,2025-12-03,0,1,58
6064,7548,2023-08-27,0,1,10
6064,7549,2023-08-17,1,0,9999
6065,7551,2026-01-18,0,0,9999
6073,7563,2021-10-22,0,0,9999
6086,7573,2025-08-18,0,0,9999
6089,7580,2025-08-11,0,0,9999
6091,7581,2021-09-15,0,0,9999
6092,7583,2024-10-14,0,0,9999
6128,7630,2023-12-25,0,0,9999
6130,7632,2025-01-24,0,0,9999
6138,7641,2025-12-10,0,0,9999
6139,7642,2025-10-03,0,0,9999
6148,7659,2021-03-03,0,0,9999
6150,7663,2024-03-16,0,0,9999
6151,7664,2026-01-22,0,0,9999
6156,7666,2025-06-27,0,1,450
6156,7669,2024-04-03,0,0,9999
6165,7677,2023-05-27,0,0,9999
6174,7691,2024-03-04,0,0,9999
6181,7697,2025-09-04,0,0,9999
6189,7706,2026-01-27,0,0,9999
6193,7710,2025-05-03,0,0,9999
6196,7712,2022-10-07,0,0,9999
6199,7715,2026-01-22,0,0,9999
6203,7718,2026-01-09,0,0,9999
6225,7736,2025-05-08,0,1,102
6225,7737,2025-01-26,0,0,9999
6226,7741,2026-01-19,0,0,9999
6228,7743,2020-06-02,0,0,9999
6232,7746,2025-03-21,0,0,9999
6234,7748,2025-08-09,0,0,9999
6247,7766,2026-01-25,0,0,9999
6255,7773,2025-01-31,0,1,251
6255,7774,2024-05-25,0,0,9999
6259,7778,2024-04-26,0,0,9999
6259,7779,2025-10-30,0,1,552
6261,7782,2021-06-21,0,0,9999
6262,7784,2026-01-30,0,0,9999
6270,7793,2025-09-14,0,0,9999
6291,7819,2025-11-02,0,0,9999
6292,7820,2025-01-18,0,0,9999
6294,7823,2024-02-09,0,0,9999
6300,7828,2024-09-25,0,0,9999
6302,7832,2024-09-11,0,0,9999
6303,7834,2023-04-24,0,0,9999
6312,7844,2021-03-17,0,0,9999
6312,7845,2023-12-01,0,1,989
6327,7864,2023-02-23,0,0,9999
6331,7866,2024-07-14,0,0,9999
6334,7868,2025-09-19,0,0,9999
6337,7872,2020-11-01,0,0,9999
6339,7874,2021-02-24,0,0,9999
6343,7881,2025-03-05,0,0,9999
6363,7920,2020-11-27,0,0,9999
6366,7923,2025-08-08,0,0,9999
6382,7946,2019-09-06,0,0,9999
6382,7947,2024-01-22,0,1,1599
6384,7949,2025-05-03,0,0,9999
6386,7954,2026-01-04,0,0,9999
6414,7993,2026-01-01,0,0,9999
6447,8030,2024-11-15,0,0,9999
6458,8042,2025-05-24,0,0,9999
6465,8051,2025-08-15,0,0,9999
6466,8052,2025-10-17,0,0,9999
6468,8055,2021-03-26,0,0,9999
6480,8069,2022-03-31,0,0,9999
6483,8074,2025-12-18,0,0,9999
6496,8085,2026-01-30,0,0,9999
6497,8086,2023-07-02,0,1,818
6497,8087,2021-04-05,0,0,9999
6505,8093,2023-03-02,0,0,9999
6506,8094,2025-11-02,0,0,9999
6513,8101,2025-01-18,0,0,9999
6514,8103,2024-09-03,0,0,9999
6530,8129,2024-11-17,0,0,9999
6534,8133,2022-07-27,0,0,9999
6540,8139,2019-11-20,0,0,9999
6555,8161,2026-01-29,0,0,9999
6562,8173,2024-08-19,0,0,9999
6565,8177,2020-12-21,0,0,9999
6569,8182,2024-04-07,0,0,9999
6588,8202,2024-04-25,0,0,9999
6594,8215,2020-06-07,0,0,9999
6598,8223,2025-12-25,0,0,9999
6603,8229,2021-06-13,0,1,861
6603,8230,2019-02-03,0,0,9999
6607,8238,2025-10-20,0,1,247
6607,8239,2025-02-15,0,0,9999
6609,8241,2021-10-07,0,0,9999
6613,8248,2025-12-24,0,0,9999
6616,8253,2025-06-16,0,0,9999
6623,8260,2025-07-31,0,0,9999
6624,8262,2022-09-11,0,0,9999
6629,8269,2025-08-21,0,0,9999
6632,8273,2020-10-02,0,0,9999
6641,8277,2019-07-16,0,0,9999
6656,8290,2023-03-17,0,0,9999
6656,8291,2025-09-08,0,1,906
6658,8293,2023-08-14,0,0,9999
6660,8296,2025-10-21,0,0,9999
6663,8300,2023-07-29,0,0,9999
6679,8325,2024-12-24,0,0,9999
6684,8334,2026-01-08,0,0,9999
6685,8335,2024-03-21,0,0,9999
6711,8373,2025-09-02,0,0,9999
6737,8402,2021-12-21,0,0,9999
6738,8405,2021-06-18,0,0,9999
6748,8415,2025-12-22,0,0,9999
6751,8419,2022-11-23,0,0,9999
6757,8423,2026-01-30,0,0,9999
6758,8426,2026-01-28,0,0,9999
6760,8430,2023-01-15,0,0,9999
6767,8443,2025-11-08,0,0,9999
6768,8444,2024-10-20,0,1,915
6768,8445,2022-04-19,0,0,9999
6768,8446,2025-12-18,0,2,424
6771,8452,2024-05-31,0,0,9999
6776,8461,2024-03-27,0,0,9999
6777,8462,2025-11-12,0,0,9999
6783,8469,2025-10-22,0,0,9999
6792,8477,2023-12-05,0,0,9999
6800,8483,2025-09-05,0,0,9999
6806,8494,2024-12-22,0,0,9999
6810,8499,2025-04-30,0,0,9999
6815,8508,2026-01-22,0,0,9999
6819,8513,2022-07-21,0,0,9999
6827,8524,2025-09-28,0,0,9999
6831,8527,2025-10-06,0,0,9999
6834,8531,2026-01-29,0,0,9999
6860,8570,2024-10-11,0,0,9999
6878,8590,2024-10-23,0,0,9999
6881,8594,2025-01-06,0,0,9999
6882,8595,2025-05-05,0,0,9999
6888,8601,2025-12-08,0,0,9999
6897,8612,2026-01-15,0,0,9999
6949,8684,2025-12-10,0,0,9999
6965,8698,2024-02-06,0,0,9999
6971,8702,2025-02-28,0,0,9999
6971,8703,2025-12-22,0,1,297
6976,8707,2021-07-26,0,0,9999
6979,8712,2025-08-18,0,0,9999
6988,8724,2024-06-20,0,0,9999
7002,8741,2025-11-13,0,0,9999
7010,8749,2023-10-10,0,0,9999
7015,8753,2025-03-12,0,0,9999
7021,8761,2025-08-20,0,0,9999
7026,8764,2025-10-02,0,0,9999
7032,8769,2020-09-20,0,0,9999
7036,8774,2023-01-18,0,0,9999
7042,8782,2024-05-09,0,0,9999
7049,8794,2023-03-09,0,0,9999
7056,8807,2025-03-19,0,0,9999
7057,8809,2026-01-10,0,0,9999
7062,8813,2024-07-24,0,0,9999
7063,8814,2022-06-10,0,0,9999
7078,8829,2022-09-07,0,0,9999
7081,8832,2025-02-23,0,0,9999
7081,8833,2025-11-21,0,1,271
7083,8836,2025-06-11,0,0,9999
7089,8843,2023-06-29,0,0,9999
7096,8851,2025-12-17,0,0,9999
7099,8856,2024-11-23,0,0,9999
7102,8859,2020-04-24,0,0,9999
7105,8864,2025-03-13,0,0,9999
7108,8866,2025-05-26,0,0,9999
7109,8869,2024-08-02,0,0,9999
7112,8870,2026-01-01,0,0,9999
7117,8876,2025-08-29,0,0,9999
7119,8877,2023-10-10,0,0,9999
7127,8885,2021-12-02,0,0,9999
7128,8886,2025-02-08,0,0,9999
7136,8897,2025-04-06,0,0,9999
7144,8906,2021-09-23,0,0,9999
7152,8918,2022-01-23,0,0,9999
7155,8921,2025-10-15,0,0,9999
7161,8928,2025-06-21,0,0,9999
7172,8941,2024-07-03,0,0,9999
7172,8943,2025-03-27,0,1,267
7175,8946,2025-11-01,0,0,9999
7176,8948,2025-01-05,0,0,9999
7180,8956,2023-07-19,0,0,9999
7184,8963,2025-09-14,0,0,9999
7185,8964,2024-10-31,0,0,9999
7187,8966,2026-01-29,0,1,2
7187,8967,2026-01-27,1,0,9999
7192,8972,2026-01-13,0,0,9999
7195,8977,2023-12-02,0,0,9999
7203,8982,2024-02-22,0,0,9999
7205,8986,2025-11-29,0,0,9999
7205,8987,2026-01-26,0,1,58
7219,9002,2026-01-04,1,1,2
7219,9003,2026-01-02,1,0,9999
7219,9004,2026-01-28,0,2,24
7223,9008,2021-11-02,0,0,9999
7224,9009,2025-09-30,0,1,41
7224,9010,2025-08-20,0,0,9999
7234,9023,2025-01-03,0,0,9999
7238,9029,2025-02-17,0,1,56
7238,9030,2024-12-23,0,0,9999
7240,9034,2024-06-11,0,0,9999
7247,9041,2023-07-07,0,1,42
7247,9042,2023-05-26,0,0,9999
7260,9055,2021-07-27,0,0,9999
7276,9077,2022-01-23,0,0,9999
7276,9079,2024-01-10,0,1,717
7280,9084,2024-12-19,0,0,9999
7292,9094,2022-03-16,0,0,9999
7297,9101,2025-03-05,0,0,9999
7305,9111,2023-05-22,0,0,9999
7306,9112,2024-11-20,0,0,9999
7312,9119,2021-12-27,0,0,9999
7318,9124,2025-11-13,0,2,19
7318,9125,2025-10-25,1,1,52
7318,9126,2025-09-03,0,0,9999
7327,9135,2025-12-15,0,0,9999
7328,9136,2021-11-07,0,0,9999
7330,9139,2025-10-25,0,0,9999
7334,9147,2026-01-27,0,0,9999
7366,9176,2025-08-19,0,1,1691
7366,9177,2021-01-01,0,0,9999
7369,9181,2022-04-05,0,0,9999
7370,9185,2024-10-23,0,0,9999
7389,9208,2025-12-29,0,0,9999
7398,9219,2025-05-06,0,0,9999
7412,9233,2026-01-19,0,0,9999
7426,9248,2025-01-05,0,0,9999
7428,9252,2023-05-02,0,0,9999
7430,9258,2025-03-31,0,0,9999
7431,9260,2022-06-26,0,0,9999
7434,9265,2025-12-12,0,0,9999
7441,9272,2025-09-25,0,1,177
7441,9274,2025-04-01,0,0,9999
7454,9287,2022-08-28,0,0,9999
7454,9289,2025-09-01,0,1,1100
7466,9302,2024-12-23,0,0,9999
7467,9303,2024-03-02,0,0,9999
7471,9311,2025-12-29,0,0,9999
7473,9318,2021-01-25,0,0,9999
7485,9333,2025-11-07,0,0,9999
7488,9336,2024-05-03,0,0,9999
7490,9341,2025-11-30,0,2,236
7490,9342,2025-04-08,0,1,19
7490,9343,2026-01-13,0,3,44
7490,9344,2025-03-20,1,0,9999
7499,9350,2025-05-22,0,0,9999
7507,9361,2026-01-20,0,0,9999
7510,9366,2023-09-17,0,0,9999
7520,9380,2024-04-15,0,0,9999
7523,9383,2025-03-09,0,0,9999
7524,9385,2025-08-24,0,0,9999
7529,9389,2023-02-20,0,0,9999
7530,9390,2024-08-15,0,0,9999
7536,9397,2020-05-07,1,1,339
7536,9398,2019-06-03,0,0,9999
7536,9399,2020-05-26,0,2,19
7537,9401,2024-08-10,0,0,9999
7544,9411,2022-08-09,0,0,9999
7550,9420,2024-12-16,0,0,9999
7571,9439,2025-11-02,0,0,9999
7576,9446,2025-06-11,0,0,9999
7577,9447,2024-02-09,0,0,9999
7590,9458,2021-12-23,0,0,9999
7599,9465,2025-05-08,0,0,9999
7603,9471,2023-08-03,0,0,9999
7607,9477,2019-11-18,0,0,9999
7608,9478,2022-08-28,0,0,9999
7609,9480,2025-11-07,0,0,9999
7624,9494,2024-02-07,0,0,9999
7630,9500,2025-02-09,0,0,9999
7638,9510,2026-01-30,0,0,9999
7639,9511,2025-09-19,0,0,9999
7641,9513,2021-08-12,0,0,9999
7647,9522,2024-07-08,0,0,9999
7648,9523,2023-04-07,0,1,349
7648,9525,2022-04-23,0,0,9999
7656,9538,2024-07-19,0,0,9999
7656,9539,2025-12-07,0,1,506
7657,9541,2022-10-20,0,0,9999
7680,9558,2025-12-20,0,1,1646
7680,9561,2021-06-18,0,0,9999
7694,9581,2025-10-19,0,0,9999
7704,9594,2025-12-06,0,0,9999
7706,9597,2024-07-08,0,0,9999
7717,9609,2026-01-29,0,0,9999
7718,9610,2025-11-25,0,0,9999
7722,9615,2025-07-15,0,0,9999
7743,9631,2025-08-08,0,0,9999
7767,9655,2025-10-23,0,0,9999
7770,9659,2024-04-15,0,0,9999
7778,9675,2022-09-17,0,0,9999
7783,9681,2025-11-15,0,0,9999
7808,9718,2021-08-02,0,0,9999
7820,9729,2021-03-16,0,0,9999
7822,9732,2025-08-03,0,0,9999
7824,9735,2024-01-04,0,0,9999
7827,9737,2026-01-30,0,0,9999
7835,9746,2022-07-03,0,0,9999
7840,9752,2025-06-06,0,0,9999
7844,9758,2023-11-06,0,0,9999
7847,9760,2025-12-27,0,1,309
7847,9761,2025-02-21,0,0,9999
7858,9776,2023-02-07,0,0,9999
7859,9777,2026-01-29,0,2,12
7859,9778,2026-01-17,1,1,57
7859,9779,2025-11-21,0,0,9999
7875,9801,2023-07-28,0,0,9999
7876,9802,2025-12-10,0,0,9999
7888,9818,2025-12-17,0,0,9999
7890,9821,2024-10-18,0,0,9999
7891,9824,2024-09-30,0,0,9999
7913,9850,2025-09-20,0,0,9999
7929,9862,2025-07-04,0,1,665
7929,9863,2023-09-08,0,0,9999
7934,9872,2022-11-07,0,0,9999
7937,9874,2025-07-04,0,0,9999
7940,9875,2023-06-28,0,0,9999
7947,9886,2019-03-18,0,0,9999
7955,9897,2022-08-23,0,0,9999
7956,9899,2025-10-02,0,0,9999
7961,9908,2025-05-24,0,1,17
7961,9909,2025-05-07,1,0,9999
7968,9921,2025-06-18,0,0,9999
7970,9923,2025-11-09,0,0,9999
7976,9925,2025-10-02,0,0,9999
7979,9929,2022-02-10,0,0,9999
7990,9938,2022-03-18,0,0,9999
7992,9940,2025-07-21,0,0,9999
7996,9945,2026-01-22,0,0,9999
8008,9957,2024-08-25,0,0,9999
8010,9959,2024-01-03,0,0,9999
8014,9967,2024-09-30,0,0,9999
8014,9969,2025-02-25,0,1,148
8039,10004,2025-06-15,0,0,9999
8059,10027,2024-08-08,0,0,9999
8091,10068,2023-11-21,0,0,9999
8102,10086,2025-12-04,0,0,9999
8105,10090,2024-05-16,0,0,9999
8108,10095,2022-04-18,0,0,9999
8109,10096,2023-02-09,0,0,9999
8132,10114,2024-07-21,0,0,9999
8138,10120,2022-11-14,0,0,9999
8140,10122,2024-01-07,0,0,9999
8144,10131,2021-10-24,0,0,9999
8144,10132,2025-07-12,0,1,1357
8161,10150,2025-08-16,0,0,9999
8162,10151,2022-10-02,0,0,9999
8167,10154,2026-01-27,0,0,9999
8180,10167,2023-04-20,0,1,1102
8180,10168,2020-04-13,0,0,9999
8185,10175,2022-08-31,0,0,9999
8195,10184,2025-08-01,0,0,9999
8196,10185,2026-01-04,0,0,9999
8203,10189,2025-06-09,0,0,9999
8205,10193,2026-01-29,0,0,9999
8210,10197,2019-12-05,0,0,9999
8222,10218,2025-07-16,0,0,9999
8229,10225,2024-09-20,0,0,9999
8233,10232,2022-03-31,0,0,9999
8259,10261,2025-03-02,0,0,9999
8260,10262,2024-08-22,0,1,853
8260,10263,2022-04-22,0,0,9999
8263,10265,2024-11-27,0,0,9999
8264,10266,2026-01-18,0,0,9999
8268,10274,2025-12-26,0,0,9999
8277,10283,2025-12-02,0,0,9999
8285,10299,2025-08-11,0,1,481
8285,10301,2024-04-17,0,0,9999
8288,10309,2024-11-28,0,0,9999
8290,10313,2023-05-14,0,0,9999
8295,10317,2025-12-28,0,0,9999
8296,10318,2025-06-12,0,0,9999
8298,10320,2024-05-08,0,0,9999
8303,10325,2025-10-03,0,0,9999
8321,10345,2025-08-04,0,0,9999
8324,10349,2025-08-16,0,0,9999
8330,10359,2021-10-27,0,0,9999
8333,10363,2022-04-05,0,0,9999
8349,10379,2025-08-06,0,0,9999
8369,10393,2025-12-30,0,0,9999
8382,10406,2025-10-27,0,0,9999
8383,10407,2023-11-13,0,1,271
8383,10408,2023-02-15,0,0,9999
8390,10418,2022-07-24,0,0,9999
8407,10433,2023-11-07,0,0,9999
8408,10435,2024-07-04,0,0,9999
8418,10446,2025-12-25,0,0,9999
8423,10455,2024-09-17,0,0,9999
8437,10480,2023-09-27,0,0,9999
8440,10484,2026-01-26,0,0,9999
8441,10490,2021-01-06,0,0,9999
8443,10492,2025-12-14,0,0,9999
8453,10508,2024-02-02,0,0,9999
8463,10520,2021-01-19,0,0,9999
8467,10527,2024-01-19,0,0,9999
8477,10538,2023-12-03,0,0,9999
8479,10540,2025-02-20,0,0,9999
8490,10551,2021-12-19,0,0,9999
8498,10559,2025-06-04,0,0,9999
8508,10569,2022-07-28,0,0,9999
8517,10579,2022-09-03,0,0,9999
8519,10582,2023-03-27,0,0,9999
8529,10592,2020-02-22,0,0,9999
8540,10604,2025-10-23,0,0,9999
8561,10626,2025-06-24,0,0,9999
8564,10630,2023-06-12,0,0,9999
8574,10640,2025-04-08,0,0,9999
8592,10662,2020-07-27,0,0,9999
8596,10668,2022-12-15,0,0,9999
8598,10672,2023-12-02,0,1,226
8598,10673,2023-04-20,0,0,9999
8599,10677,2025-11-09,0,0,9999
8601,10680,2024-04-24,0,1,205
8601,10681,2023-10-02,0,0,9999
8601,10682,2025-02-17,0,2,299
8606,10687,2021-05-29,0,0,9999
8608,10690,2025-12-30,0,0,9999
8610,10695,2024-10-13,0,0,9999
8611,10696,2023-08-04,0,0,9999
8613,10698,2022-02-13,0,0,9999
8619,10706,2024-11-16,0,0,9999
8620,10707,2023-12-28,0,0,9999
8625,10714,2020-10-13,0,0,9999
8636,10726,2024-11-13,0,0,9999
8636,10727,2025-05-11,0,1,179
8638,10730,2024-09-18,0,0,9999
8645,10736,2025-07-25,0,0,9999
8674,10778,2022-08-12,0,0,9999
8674,10779,2023-08-14,0,1,367
8687,10792,2025-12-27,0,0,9999
8700,10807,2024-10-07,0,0,9999
8700,10809,2025-01-25,0,1,110
8705,10813,2025-02-11,0,0,9999
8717,10827,2025-08-29,1,0,9999
8717,10828,2025-09-07,0,1,9
8744,10858,2025-11-21,0,0,9999
8749,10861,2024-11-29,0,0,9999
8749,10862,2026-01-13,0,1,410
8751,10864,2026-01-03,0,0,9999
8757,10873,2022-02-06,0,0,9999
8763,10879,2023-08-23,0,0,9999
8766,10885,2025-08-28,0,1,2194
8766,10886,2019-08-26,0,0,9999
8783,10912,2025-08-19,0,1,544
8783,10914,2024-02-22,0,0,9999
8784,10916,2022-08-29,0,0,9999
8785,10919,2024-07-22,0,0,9999
8813,10955,2024-08-16,0,0,9999
8817,10962,2022-08-24,0,0,9999
8825,10971,2025-04-25,1,0,9999
8825,10972,2025-05-19,0,1,24
8830,10980,2025-08-15,0,1,1357
8830,10981,2021-11-27,0,0,9999
8834,10986,2025-04-15,0,0,9999
8842,11000,2025-05-16,0,0,9999
8845,11005,2025-01-31,0,0,9999
8865,11033,2022-07-13,0,0,9999
8874,11047,2024-03-16,0,0,9999
8880,11052,2025-03-16,0,0,9999
8893,11068,2024-08-22,0,0,9999
8899,11075,2025-12-01,0,0,9999
8902,11078,2025-09-15,0,0,9999
8910,11089,2025-08-24,0,0,9999
8911,11093,2022-09-27,0,0,9999
8913,11095,2020-11-11,0,0,9999
8918,11102,2023-07-22,0,0,9999
8924,11112,2025-10-21,0,0,9999
8927,11118,2025-03-23,0,0,9999
8928,11120,2025-06-02,0,0,9999
8939,11131,2025-10-15,0,0,9999
8946,11139,2023-07-11,0,0,9999
8968,11169,2025-03-31,0,0,9999
8975,11178,2021-08-02,0,0,9999
8976,11179,2023-10-19,0,0,9999
8977,11180,2025-10-04,0,0,9999
8979,11184,2025-12-24,0,0,9999
8980,11186,2024-12-13,0,0,9999
8989,11203,2025-05-31,0,0,9999
8993,11212,2022-11-13,0,0,9999
8999,11217,2024-07-11,0,0,9999
9004,11223,2023-02-15,0,0,9999
9008,11227,2025-08-27,0,0,9999
9012,11230,2025-05-25,0,0,9999
9015,11232,2024-10-16,0,0,9999
9022,11241,2023-05-10,0,0,9999
9029,11250,2023-09-04,0,0,9999
9033,11257,2025-07-26,0,0,9999
9041,11264,2025-05-01,0,0,9999
9051,11281,2024-03-26,0,0,9999
9052,11282,2025-07-01,0,0,9999
9052,11283,2025-12-14,0,1,166
9053,11284,2026-01-05,0,1,108
9053,11287,2025-09-19,0,0,9999
9055,11289,2024-11-17,0,0,9999
9056,11291,2025-10-01,0,0,9999
9059,11295,2025-04-15,0,0,9999
9060,11296,2024-11-15,0,0,9999
9060,11297,2025-08-25,0,1,283
9069,11309,2026-01-01,0,0,9999
9072,11318,2025-11-13,0,0,9999
9077,11323,2025-07-05,0,0,9999
9078,11324,2025-11-13,0,0,9999
9086,11331,2025-12-24,0,0,9999
9099,11346,2024-08-16,0,0,9999
9101,11351,2025-11-03,1,1,20
9101,11352,2025-10-14,1,0,9999
9101,11354,2025-11-19,0,2,16
9102,11356,2023-11-23,0,0,9999
9102,11357,2024-12-12,0,1,385
9122,11384,2023-10-31,0,0,9999
9129,11390,2025-10-22,0,0,9999
9142,11403,2023-05-10,0,0,9999
9153,11411,2025-11-07,0,0,9999
9160,11426,2024-04-06,0,0,9999
9160,11428,2025-03-08,0,1,336
9166,11438,2024-05-13,0,0,9999
9170,11442,2024-12-12,0,0,9999
9178,11450,2023-11-10,0,1,71
9178,11452,2023-08-31,0,0,9999
9195,11475,2025-10-10,0,0,9999
9200,11480,2024-07-17,0,0,9999
9202,11485,2025-04-30,0,0,9999
9208,11495,2024-05-26,0,0,9999
9214,11501,2023-06-01,0,0,9999
9218,11506,2026-01-30,0,0,9999
9219,11508,2024-10-30,0,0,9999
9230,11529,2023-02-14,0,0,9999
9233,11535,2024-05-30,0,0,9999
9236,11536,2023-05-22,0,0,9999
9249,11551,2022-01-05,0,1,200
9249,11552,2021-06-19,0,0,9999
9263,11573,2025-08-15,0,0,9999
9272,11581,2026-01-30,0,0,9999
9281,11591,2025-03-07,0,0,9999
9281,11592,2025-05-09,0,1,63
9285,11594,2026-01-18,0,0,9999
9292,11600,2024-12-24,0,0,9999
9321,11626,2025-06-03,0,0,9999
9323,11632,2022-06-12,0,0,9999
9325,11636,2025-02-22,0,0,9999
9329,11640,2024-11-03,0,0,9999
9334,11644,2024-03-06,0,0,9999
9339,11652,2022-05-24,0,1,511
9339,11653,2020-12-29,0,0,9999
9348,11667,2025-10-19,0,0,9999
9356,11678,2025-05-24,0,0,9999
9364,11687,2025-11-26,0,0,9999
9366,11689,2024-06-17,0,0,9999
9372,11696,2024-10-16,0,0,9999
9381,11706,2023-05-25,0,0,9999
9391,11718,2025-05-10,0,1,1529
9391,11719,2021-03-03,0,0,9999
9395,11724,2025-09-22,0,1,39
9395,11725,2025-08-14,0,0,9999
9397,11727,2024-02-22,0,0,9999
9400,11733,2025-05-17,0,0,9999
9401,11735,2026-01-14,0,0,9999
9403,11740,2025-05-12,0,0,9999
9411,11748,2025-05-21,0,1,225
9411,11749,2024-10-08,0,0,9999
9424,11763,2022-04-04,0,0,9999
9435,11779,2025-02-12,0,0,9999
9435,11780,2025-08-14,0,1,183
9440,11785,2023-09-08,0,0,9999
9442,11787,2022-10-20,0,0,9999
9453,11800,2021-07-25,0,0,9999
9456,11802,2025-12-21,0,0,9999
9458,11804,2024-09-22,0,0,9999
9468,11817,2022-06-03,0,0,9999
9472,11827,2024-10-26,0,0,9999
9473,11829,2022-12-29,0,1,613
9473,11830,2021-04-25,0,0,9999
9473,11831,2023-12-10,0,2,346
9477,11836,2026-01-26,0,0,9999
9479,11841,2025-10-15,0,0,9999
9485,11845,2025-06-26,0,0,9999
9486,11846,2020-11-19,0,0,9999
9486,11847,2023-09-09,0,1,1024
9501,11864,2020-04-03,0,0,9999
9511,11875,2024-06-03,0,0,9999
9511,11876,2025-08-27,0,1,450
9514,11883,2024-12-29,0,0,9999
9515,11884,2024-12-29,0,0,9999
9517,11888,2026-01-03,0,0,9999
9526,11897,2022-08-14,0,0,9999
9527,11898,2024-12-30,0,0,9999
9527,11900,2025-12-09,0,1,344
9532,11907,2025-06-05,0,0,9999
9532,11908,2025-11-30,0,1,178
9557,11940,2025-10-29,0,0,9999
9561,11944,2026-01-29,0,0,9999
9570,11952,2024-11-12,0,0,9999
9574,11959,2025-11-17,0,0,9999
9578,11964,2023-08-02,0,0,9999
9585,11969,2025-12-30,0,0,9999
9588,11972,2026-01-25,0,0,9999
9600,11984,2025-11-03,0,0,9999
9608,11996,2022-11-17,0,0,9999
9617,12008,2025-11-20,0,0,9999
9619,12010,2025-03-09,0,1,468
9619,12012,2023-11-27,0,0,9999
9623,12020,2019-12-23,0,0,9999
9636,12036,2025-12-05,0,0,9999
9643,12045,2023-07-24,0,1,726
9643,12046,2021-07-28,0,0,9999
9649,12055,2025-07-24,0,1,765
9649,12056,2023-06-20,0,0,9999
9660,12066,2025-10-13,0,0,9999
9662,12068,2026-01-01,0,0,9999
9677,12085,2024-01-26,0,0,9999
9686,12098,2025-11-27,0,0,9999
9691,12104,2026-01-30,0,0,9999
9698,12113,2025-06-10,0,0,9999
9711,12127,2025-08-06,0,0,9999
9712,12128,2025-11-19,0,0,9999
9714,12133,2026-01-25,0,0,9999
9717,12137,2023-02-05,0,0,9999
9719,12139,2024-07-12,0,0,9999
9727,12148,2025-08-03,0,0,9999
9732,12159,2023-09-14,0,0,9999
9733,12160,2023-01-20,0,0,9999
9733,12161,2025-11-23,0,1,1038
9736,12165,2025-09-11,0,0,9999
9738,12167,2024-08-18,0,0,9999
9757,12196,2025-10-13,0,0,9999
9759,12199,2025-01-18,0,1,260
9759,12200,2024-05-03,0,0,9999
9761,12201,2025-11-26,0,0,9999
9775,12218,2026-01-17,0,0,9999
9777,12220,2021-09-23,0,0,9999
9796,12236,2023-05-12,0,0,9999
9804,12249,2024-08-19,0,0,9999
9806,12252,2024-08-30,0,0,9999
9809,12257,2024-11-05,0,0,9999
9813,12263,2022-07-20,0,0,9999
9818,12273,2020-06-13,0,0,9999
9852,12310,2025-08-10,0,0,9999
9856,12314,2024-03-06,0,0,9999
9857,12316,2026-01-10,0,0,9999
9861,12323,2026-01-20,0,0,9999
9867,12334,2024-12-11,0,0,9999
9871,12338,2022-06-23,0,0,9999
9873,12340,2025-10-21,0,0,9999
9876,12343,2022-01-30,0,0,9999
9891,12357,2025-01-16,0,0,9999
9893,12359,2021-08-29,0,0,9999
9897,12368,2024-03-04,0,0,9999
9898,12370,2022-12-07,0,0,9999
9900,12376,2022-12-27,0,0,9999
9904,12384,2025-06-08,0,0,9999
9914,12399,2022-03-24,0,0,9999
9915,12404,2022-02-19,0,0,9999
9920,12411,2025-03-17,0,0,9999
9930,12424,2025-05-29,0,0,9999
9935,12433,2024-08-30,0,0,9999
9935,12436,2025-08-16,0,1,351
9960,12465,2025-03-03,0,0,9999
9962,12469,2023-04-25,0,0,9999
9968,12476,2022-12-29,0,0,9999
9968,12477,2025-07-06,0,1,920
9975,12486,2022-07-17,0,0,9999
9980,12494,2025-03-13,0,0,9999
9980,12495,2025-05-30,0,1,78
9983,12498,2024-08-12,0,0,9999
9991,12508,2025-12-02,0,0,9999
9992,12510,2025-06-20,0,0,9999
10014,12535,2023-01-11,0,0,9999
10025,12547,2024-01-02,0,0,9999
10028,12553,2023-03-24,0,0,9999
10028,12554,2024-03-16,0,1,358
10049,12575,2024-04-14,0,0,9999
10051,12578,2024-05-12,0,0,9999
10056,12582,2025-10-06,0,0,9999
10070,12592,2024-06-03,0,1,1344
10070,12593,2020-09-28,0,0,9999
10072,12598,2024-08-30,0,0,9999
10079,12603,2024-01-21,0,0,9999
10082,12610,2022-04-13,0,0,9999
10082,12611,2025-07-21,0,1,1195
10088,12621,2025-07-10,0,0,9999
10095,12633,2024-06-26,0,0,9999
10102,12644,2021-02-27,0,0,9999
10109,12656,2025-11-22,0,0,9999
10110,12657,2025-12-23,0,0,9999
10115,12664,2023-05-08,0,0,9999
10129,12676,2025-02-06,0,0,9999
10133,12679,2024-05-03,0,1,30
10133,12680,2024-04-03,1,0,9999
10146,12699,2024-05-16,0,0,9999
10149,12701,2021-11-28,0,0,9999
10152,12704,2021-04-10,0,0,9999
10158,12712,2025-11-28,0,0,9999
10160,12714,2024-08-10,0,0,9999
10166,12718,2024-05-07,0,0,9999
10173,12725,2021-09-21,0,0,9999
10198,12753,2025-01-02,0,0,9999
10202,12758,2026-01-18,0,0,9999
10205,12762,2022-02-04,0,0,9999
10207,12768,2021-08-13,0,0,9999
10212,12776,2025-12-01,0,0,9999
10218,12781,2024-02-18,0,0,9999
10219,12783,2023-08-25,0,0,9999
10223,12787,2020-04-06,0,0,9999
10240,12811,2024-07-08,0,0,9999
10276,12861,2025-10-30,0,0,9999
10279,12866,2025-07-21,0,0,9999
10282,12871,2023-10-17,0,0,9999
10283,12872,2023-03-16,0,0,9999
10302,12893,2021-05-17,0,0,9999
10305,12896,2025-12-10,0,0,9999
10314,12907,2023-06-25,0,0,9999
10319,12910,2023-09-21,0,0,9999
10320,12911,2025-06-14,0,0,9999
10327,12921,2025-10-31,0,0,9999
10329,12922,2022-11-01,0,0,9999
10331,12923,2025-06-09,0,0,9999
10334,12926,2021-08-09,0,0,9999
10342,12939,2023-02-18,0,0,9999
10345,12943,2021-07-01,0,0,9999
10347,12945,2022-05-21,0,0,9999
10347,12946,2025-01-20,0,1,975
10352,12952,2024-02-07,0,0,9999
10358,12959,2024-03-04,0,0,9999
10361,12963,2023-06-11,0,0,9999
10362,12965,2024-11-16,0,1,1211
10362,12966,2021-07-24,0,0,9999
10367,12972,2024-10-14,0,0,9999
10373,12979,2024-07-27,0,0,9999
10378,12984,2022-08-16,0,0,9999
10382,12988,2025-08-06,0,0,9999
10389,13000,2025-03-26,0,0,9999
10390,13001,2025-06-12,0,0,9999
10393,13004,2025-09-11,0,0,9999
10396,13011,2025-07-06,0,0,9999
10397,13012,2025-08-15,0,0,9999
10403,13020,2026-01-08,0,0,9999
10422,13045,2024-09-04,0,0,9999
10428,13053,2023-09-27,0,0,9999
10435,13061,2025-03-07,0,0,9999
10438,13065,2025-03-11,0,0,9999
10439,13067,2026-01-25,0,0,9999
10448,13078,2025-02-11,0,0,9999
10453,13085,2024-03-11,0,0,9999
10453,13086,2025-05-22,0,1,437
10460,13093,2025-11-30,0,0,9999
10463,13097,2024-12-15,0,0,9999
10465,13099,2025-12-21,0,0,9999
10466,13101,2025-02-27,0,0,9999
10468,13107,2024-10-17,0,0,9999
10470,13110,2024-06-11,0,1,32
10470,13111,2024-05-10,0,0,9999
10472,13117,2022-03-14,0,0,9999
10480,13126,2022-10-31,0,0,9999
10487,13133,2024-05-10,0,0,9999
10492,13139,2021-06-17,0,0,9999
10492,13140,2021-12-14,0,1,180
10498,13151,2022-05-24,0,0,9999
10502,13155,2025-12-24,0,0,9999
10517,13173,2024-04-25,0,0,9999
10523,13178,2025-09-23,0,0,9999
10526,13181,2024-04-06,0,0,9999
10532,13189,2023-02-28,0,0,9999
10536,13192,2026-01-30,0,0,9999
10537,13193,2024-07-18,0,0,9999
10551,13210,2025-10-06,0,2,214
10551,13211,2025-03-06,0,1,293
10551,13212,2024-05-17,0,0,9999
10554,13216,2026-01-12,0,0,9999
10555,13217,2025-10-09,0,0,9999
10558,13221,2024-11-17,0,0,9999
10566,13226,2022-08-14,0,0,9999
10572,13232,2025-11-10,0,0,9999
10577,13239,2026-01-30,0,0,9999
10590,13253,2025-04-25,0,0,9999
10593,13256,2025-06-07,0,0,9999
10597,13260,2025-05-04,0,0,9999
10598,13264,2024-10-02,0,0,9999
10604,13269,2025-03-11,0,0,9999
10606,13271,2026-01-27,0,0,9999
10609,13276,2025-07-02,0,0,9999
10614,13281,2025-07-04,0,0,9999
10652,13330,2025-03-03,0,0,9999
10659,13340,2026-01-09,0,0,9999
10670,13355,2025-10-30,0,1,16
10670,13356,2025-10-14,1,0,9999
10677,13363,2024-10-22,0,0,9999
10684,13369,2021-08-30,0,0,9999
10686,13372,2025-04-15,0,1,58
10686,13373,2025-02-16,0,0,9999
10693,13382,2026-01-27,0,0,9999
10702,13395,2024-07-22,0,0,9999
10710,13403,2024-10-02,0,0,9999
10711,13404,2024-09-04,0,0,9999
10713,13408,2022-04-25,0,0,9999
10715,13413,2024-07-26,0,0,9999
10719,13417,2023-09-22,0,0,9999
10722,13422,2025-11-27,0,0,9999
10723,13424,2025-03-11,0,0,9999
10726,13427,2025-11-02,0,0,9999
10732,13432,2025-05-30,0,0,9999
10733,13433,2026-01-07,0,0,9999
10736,13440,2025-09-17,0,0,9999
10736,13441,2025-12-22,0,1,96
10737,13442,2025-02-14,0,0,9999
10747,13455,2023-11-05,0,0,9999
10766,13477,2025-04-13,0,0,9999
10766,13479,2025-08-28,0,1,137
10773,13485,2025-07-04,0,0,9999
10777,13488,2024-09-19,0,0,9999
10787,13502,2023-06-28,0,0,9999
10789,13507,2026-01-02,0,0,9999
10797,13521,2024-04-09,0,0,9999
10801,13524,2022-11-26,0,0,9999
10815,13541,2025-06-09,0,0,9999
10816,13544,2022-04-29,0,0,9999
10826,13553,2025-08-09,0,0,9999
10826,13554,2025-11-02,0,1,85
10828,13556,2021-07-13,0,0,9999
10834,13564,2023-07-13,0,0,9999
10838,13570,2025-08-29,0,0,9999
10840,13573,2023-12-20,0,0,9999
10847,13585,2023-03-22,0,1,229
10847,13586,2022-08-05,0,0,9999
10854,13594,2026-01-29,0,0,9999
10858,13601,2024-04-14,0,0,9999
10867,13609,2025-12-31,0,0,9999
10875,13617,2024-01-24,0,0,9999
10890,13635,2023-11-05,0,1,847
10890,13636,2021-07-11,0,0,9999
10891,13638,2025-01-27,0,1,1581
10891,13639,2020-09-29,0,0,9999
10907,13658,2023-12-13,0,0,9999
10910,13664,2026-01-01,0,0,9999
10912,13670,2022-12-07,0,0,9999
10912,13671,2024-04-20,0,1,500
10921,13683,2025-11-30,0,0,9999
10925,13687,2026-01-29,0,0,9999
10926,13689,2024-06-12,0,0,9999
10934,13698,2025-04-07,0,0,9999
10938,13702,2025-09-02,0,0,9999
10952,13724,2020-09-14,0,0,9999
10955,13728,2026-01-30,0,0,9999
10972,13747,2021-12-31,0,0,9999
10975,13754,2023-12-05,0,0,9999
10998,13785,2022-02-02,0,0,9999
11004,13792,2022-05-13,0,0,9999
11013,13803,2023-05-02,0,0,9999
11018,13810,2025-09-29,0,0,9999
11022,13815,2023-07-05,0,0,9999
11047,13850,2025-03-15,0,0,9999
11081,13886,2022-02-28,0,0,9999
11087,13892,2025-12-25,0,0,9999
11102,13912,2024-07-22,0,0,9999
11105,13915,2025-10-06,0,0,9999
11115,13923,2023-05-04,0,0,9999
11115,13925,2025-07-06,0,1,794
11118,13928,2025-09-11,0,0,9999
11118,13929,2025-12-26,0,1,106
11124,13945,2024-09-26,0,0,9999
11125,13946,2025-01-15,0,0,9999
11132,13953,2023-01-25,0,0,9999
11133,13954,2026-01-08,0,0,9999
11137,13958,2025-03-27,0,0,9999
11142,13965,2021-05-23,0,0,9999
11144,13968,2024-03-27,0,0,9999
11154,13979,2024-01-08,0,0,9999
11178,14004,2022-10-24,0,0,9999
11192,14027,2025-12-28,0,0,9999
11210,14055,2024-10-24,0,0,9999
11222,14065,2024-10-15,0,0,9999
11250,14092,2025-03-26,0,0,9999
11250,14093,2025-05-13,0,1,48
11254,14096,2021-06-25,0,0,9999
11261,14103,2024-06-06,0,0,9999
11264,14105,2024-09-19,0,1,429
11264,14106,2023-07-18,0,0,9999
11271,14115,2024-08-10,0,0,9999
11272,14117,2020-04-15,0,0,9999
11275,14121,2024-12-22,0,0,9999
11276,14122,2025-12-15,0,0,9999
11286,14130,2026-01-30,0,0,9999
11293,14132,2021-08-14,0,0,9999
11297,14141,2024-04-19,0,0,9999
11303,14149,2025-06-19,0,0,9999
11303,14150,2025-10-09,0,1,112
11306,14156,2020-06-15,0,0,9999
11315,14169,2022-10-24,0,0,9999
11319,14176,2024-10-22,0,0,9999
11325,14180,2025-02-01,0,0,9999
11347,14215,2019-05-09,0,0,9999
11351,14218,2025-11-05,0,0,9999
11356,14225,2022-01-21,0,0,9999
11358,14228,2025-09-24,0,0,9999
11364,14234,2025-06-24,0,0,9999
11392,14266,2024-04-05,0,0,9999
11396,14270,2025-12-05,0,1,202
11396,14271,2025-05-17,0,0,9999
11400,14276,2021-08-19,0,0,9999
11403,14278,2021-03-18,0,0,9999
11405,14282,2022-04-20,0,0,9999
11413,14292,2024-01-23,0,0,9999
11443,14327,2022-02-13,0,0,9999
11447,14329,2025-11-15,0,0,9999
11450,14333,2025-01-05,0,0,9999
11453,14336,2020-08-22,0,0,9999
11455,14339,2024-01-17,0,0,9999
11460,14346,2021-04-18,0,0,9999
11463,14351,2020-06-02,0,0,9999
11479,14371,2022-05-21,0,0,9999
11486,14380,2025-01-19,0,0,9999
11491,14383,2025-08-04,0,0,9999
11500,14395,2025-09-19,0,0,9999
11503,14398,2020-09-09,0,0,9999
11505,14402,2023-05-12,0,0,9999
11506,14406,2023-11-06,0,0,9999
11507,14408,2023-04-30,0,0,9999
11507,14409,2025-03-06,0,1,676
11508,14410,2024-09-01,0,0,9999
11509,14411,2019-05-31,0,0,9999
11518,14418,2023-02-18,0,0,9999
11519,14420,2025-09-09,0,1,58
11519,14422,2025-07-13,0,0,9999
11522,14426,2024-11-14,0,0,9999
11525,14429,2023-04-04,0,0,9999
11527,14431,2025-09-19,0,0,9999
11528,14433,2025-04-13,0,0,9999
11534,14438,2025-04-21,1,0,9999
11534,14439,2025-05-05,0,1,14
11544,14452,2025-11-27,0,0,9999
11544,14454,2026-01-16,0,1,50
11546,14456,2024-08-07,0,0,9999
11553,14464,2024-11-02,0,0,9999
11564,14473,2025-12-13,0,0,9999
11571,14480,2025-06-08,0,0,9999
11581,14494,2023-03-23,0,0,9999
11593,14508,2025-09-20,0,0,9999
11595,14510,2025-03-05,0,0,9999
11617,14538,2020-08-12,0,0,9999
11619,14544,2024-12-28,0,0,9999
11620,14547,2023-11-18,0,0,9999
11621,14549,2024-12-13,0,0,9999
11635,14565,2025-11-09,0,2,550
11635,14566,2023-03-18,0,0,9999
11635,14567,2024-05-08,0,1,417
11642,14578,2021-06-09,0,0,9999
11658,14602,2024-05-27,0,0,9999
11659,14604,2023-12-27,0,0,9999
11682,14638,2025-11-12,0,1,517
11682,14639,2024-06-13,0,0,9999
11707,14670,2024-08-20,0,0,9999
11708,14671,2025-08-23,0,0,9999
11727,14690,2025-05-29,0,0,9999
11727,14691,2025-12-06,0,1,191
11732,14698,2022-07-16,0,0,9999
11734,14700,2023-09-27,0,0,9999
11738,14704,2023-12-30,0,0,9999
11744,14709,2025-11-25,0,0,9999
11747,14713,2023-06-01,0,0,9999
11749,14714,2023-12-30,0,0,9999
11750,14716,2025-12-09,0,0,9999
11760,14733,2026-01-09,0,0,9999
11763,14737,2022-05-17,0,0,9999
11767,14741,2025-10-26,0,0,9999
11773,14748,2026-01-16,0,0,9999
11775,14751,2021-01-21,0,0,9999
11780,14758,2024-08-08,0,1,1490
11780,14759,2020-07-10,0,0,9999
11781,14761,2025-05-29,0,0,9999
11783,14762,2022-05-01,0,0,9999
11791,14769,2023-12-03,0,0,9999
11792,14770,2020-09-01,0,0,9999
11814,14794,2026-01-15,0,0,9999
11826,14816,2025-04-20,0,0,9999
11827,14817,2025-07-10,0,1,1164
11827,14818,2022-05-03,0,0,9999
11829,14825,2023-02-14,0,0,9999
11841,14840,2025-03-05,0,0,9999
11880,14887,2024-07-20,0,0,9999
11883,14891,2025-10-18,0,0,9999
11906,14920,2022-08-26,0,0,9999
11909,14923,2021-10-16,0,0,9999
11926,14939,2022-11-23,0,0,9999
11938,14957,2025-10-01,0,0,9999
11947,14966,2024-07-31,0,0,9999
11952,14974,2024-08-25,0,0,9999
11954,14976,2025-04-03,1,1,167
11954,14977,2025-04-11,0,2,8
11954,14978,2024-10-18,0,0,9999
11961,14984,2023-11-28,0,0,9999
11971,14994,2025-12-13,0,0,9999
11982,15009,2024-10-26,0,0,9999
11999,15032,2024-06-15,0,0,9999
12002,15036,2025-03-25,0,0,9999
12007,15042,2023-02-05,0,0,9999
12007,15043,2023-05-30,0,1,114
12011,15046,2019-09-14,0,0,9999
12037,15072,2025-11-27,0,0,9999
12043,15079,2023-03-08,0,0,9999
12053,15088,2025-12-19,0,0,9999
12057,15092,2025-11-26,0,0,9999
12069,15110,2024-01-01,0,0,9999
12079,15122,2022-07-12,0,0,9999
12085,15130,2024-11-10,0,0,9999
12096,15143,2023-04-29,0,0,9999
12101,15147,2024-11-26,0,0,9999
12115,15161,2024-01-10,0,0,9999
12122,15165,2026-01-10,0,0,9999
12125,15169,2025-10-27,0,0,9999
12131,15175,2025-05-31,0,0,9999
12140,15185,2026-01-10,0,0,9999
12141,15186,2020-11-21,0,0,9999
12146,15194,2023-09-04,0,0,9999
12154,15200,2025-04-02,0,0,9999
12166,15217,2023-09-17,0,0,9999
12170,15224,2025-12-09,0,0,9999
12187,15243,2025-10-13,0,0,9999
12196,15253,2024-04-23,0,0,9999
12201,15257,2023-01-28,0,0,9999
12201,15258,2025-09-23,0,2,556
12201,15259,2024-03-16,0,1,413
12204,15262,2025-02-11,0,0,9999
12255,15326,2024-12-10,0,0,9999
12258,15331,2021-12-26,0,0,9999
12262,15334,2024-07-30,0,0,9999
12272,15341,2026-01-24,0,0,9999
12274,15344,2023-03-25,0,0,9999
12275,15347,2025-11-05,0,1,280
12275,15349,2025-01-29,0,0,9999
12278,15353,2024-09-29,0,0,9999
12279,15355,2023-01-18,0,0,9999
12281,15359,2023-08-19,0,1,529
12281,15360,2022-03-08,0,0,9999
12295,15376,2024-01-13,0,0,9999
12306,15386,2024-05-20,0,0,9999
12316,15398,2024-03-19,0,0,9999
12324,15410,2022-07-25,0,0,9999
12325,15411,2023-08-01,0,0,9999
12328,15415,2024-09-30,0,0,9999
12339,15426,2025-12-02,0,0,9999
12343,15430,2025-12-10,0,0,9999
12349,15438,2024-01-27,0,0,9999
12355,15445,2025-12-21,0,0,9999
12357,15452,2020-05-01,0,0,9999
12359,15455,2025-12-26,0,0,9999
12361,15457,2025-04-13,0,0,9999
12366,15463,2023-03-08,0,0,9999
12377,15472,2024-09-21,0,1,915
12377,15473,2022-03-21,0,0,9999
12394,15498,2021-09-29,0,0,9999
12394,15499,2024-01-03,0,1,826
12398,15508,2025-11-28,0,0,9999
12400,15512,2024-12-11,0,0,9999
12402,15515,2025-07-29,0,0,9999
12407,15524,2026-01-28,0,0,9999
12408,15526,2022-02-25,0,0,9999
12420,15540,2025-02-11,0,0,9999
12437,15562,2021-01-10,0,1,218
12437,15563,2020-06-06,0,0,9999
12441,15566,2023-07-10,0,0,9999
12456,15584,2023-08-17,0,0,9999
12458,15586,2022-12-26,0,0,9999
12459,15590,2025-12-07,0,0,9999
12467,15598,2025-05-26,0,0,9999
12472,15604,2021-04-12,0,0,9999
12472,15605,2024-11-23,0,1,1321
12481,15614,2021-10-10,0,0,9999
12493,15628,2025-11-21,0,0,9999
12497,15635,2023-01-07,0,0,9999
12500,15636,2024-12-26,0,0,9999
12503,15639,2024-12-24,0,0,9999
12506,15641,2025-07-28,0,0,9999
12518,15655,2024-09-24,0,0,9999
12538,15678,2025-08-11,0,0,9999
12540,15681,2025-10-24,0,0,9999
12554,15694,2025-02-19,0,0,9999
12573,15718,2025-07-31,0,0,9999
12577,15722,2025-09-08,0,0,9999
12578,15725,2025-09-27,0,0,9999
12579,15726,2025-08-30,0,0,9999
12581,15727,2023-04-15,0,0,9999
12586,15734,2025-09-30,0,0,9999
12591,15737,2023-12-28,0,1,1191
12591,15738,2020-09-23,0,0,9999
12598,15749,2025-06-17,0,0,9999
12602,15753,2023-06-02,0,1,292
12602,15755,2022-08-14,0,0,9999
12614,15774,2020-05-31,0,0,9999
12620,15783,2026-01-09,0,0,9999
12621,15784,2024-11-24,0,0,9999
12622,15785,2025-06-28,0,1,350
12622,15786,2025-11-23,0,2,148
12622,15787,2024-07-13,0,0,9999
12623,15790,2025-11-15,0,0,9999
12644,15809,2025-10-16,0,0,9999
12647,15815,2026-01-25,0,0,9999
12657,15830,2022-10-05,0,1,772
12657,15831,2020-08-24,0,0,9999
12658,15833,2023-08-23,0,0,9999
12659,15834,2025-06-19,0,0,9999
12661,15836,2023-03-03,0,0,9999
12662,15837,2024-09-23,0,0,9999
12666,15841,2022-11-19,0,0,9999
12673,15850,2026-01-25,0,1,996
12673,15851,2023-05-05,0,0,9999
12677,15856,2025-11-26,0,0,9999
12689,15864,2022-02-06,0,0,9999
12692,15868,2025-07-25,0,0,9999
12715,15899,2025-02-24,0,0,9999
12717,15904,2025-03-18,0,0,9999
12718,15905,2025-11-19,0,1,2
12718,15906,2025-11-17,1,0,9999
12722,15911,2025-12-04,0,0,9999
12731,15924,2023-04-13,0,0,9999
12733,15927,2023-03-02,0,0,9999
12741,15935,2022-11-18,0,0,9999
12747,15945,2023-08-21,0,0,9999
12764,15964,2025-04-05,0,0,9999
12766,15966,2024-04-14,0,0,9999
12775,15976,2025-12-11,0,0,9999
12785,15990,2021-11-10,0,0,9999
12792,15999,2025-08-19,0,0,9999
12792,16000,2025-11-08,1,1,81
12792,16002,2025-11-30,0,2,22
12793,16004,2025-12-12,0,0,9999
12816,16037,2025-11-10,0,0,9999
12818,16038,2026-01-12,0,0,9999
12825,16050,2026-01-21,0,0,9999
12829,16054,2025-01-18,0,0,9999
12840,16062,2024-11-20,0,0,9999
12846,16068,2025-05-14,0,0,9999
12847,16069,2025-12-28,0,0,9999
12852,16075,2025-02-27,0,0,9999
12853,16076,2020-05-14,0,0,9999
12854,16077,2025-12-06,0,0,9999
12858,16080,2025-01-03,0,0,9999
12861,16082,2022-03-28,0,0,9999
12863,16084,2022-02-10,0,0,9999
12865,16086,2022-08-29,0,0,9999
12886,16112,2021-08-24,0,0,9999
12890,16116,2023-05-07,0,0,9999
12899,16126,2022-09-25,0,0,9999
12909,16140,2021-01-20,0,0,9999
12912,16144,2024-10-15,0,0,9999
12916,16147,2024-12-06,0,0,9999
12921,16153,2025-05-14,0,0,9999
12935,16166,2026-01-30,0,0,9999
12941,16170,2025-12-15,0,0,9999
12954,16186,2022-07-25,0,0,9999
12958,16196,2023-03-31,0,0,9999
12978,16215,2023-08-08,0,0,9999
12980,16216,2025-08-24,0,0,9999
12982,16221,2023-01-27,0,0,9999
13011,16268,2019-11-09,0,0,9999
13015,16272,2021-03-30,0,0,9999
13017,16273,2023-11-15,0,0,9999
13019,16276,2025-11-25,0,0,9999
13022,16278,2024-10-30,0,0,9999
13023,16280,2022-12-23,0,0,9999
13037,16296,2020-05-17,0,0,9999
13041,16304,2022-12-12,0,0,9999
13065,16328,2024-05-16,0,0,9999
13071,16336,2023-12-21,0,0,9999
13085,16351,2023-08-14,0,0,9999
13086,16352,2023-02-19,0,0,9999
13094,16367,2022-04-13,0,0,9999
13099,16370,2022-09-19,0,0,9999
13100,16371,2023-09-19,0,0,9999
13100,16372,2024-11-02,0,1,410
13100,16374,2025-12-12,0,2,405
13102,16376,2023-08-13,0,0,9999
13113,16389,2024-09-11,0,0,9999
13116,16391,2025-11-28,0,0,9999
13141,16418,2025-09-18,0,0,9999
13144,16424,2026-01-28,0,0,9999
13157,16444,2023-06-02,0,0,9999
13158,16445,2025-11-30,0,0,9999
13165,16454,2026-01-12,0,0,9999
13174,16468,2025-12-31,0,0,9999
13175,16469,2022-01-30,0,0,9999
13191,16495,2025-01-10,0,0,9999
13199,16506,2021-09-18,0,0,9999
13206,16514,2026-01-22,1,1,19
13206,16515,2026-01-28,0,2,6
13206,16516,2026-01-03,1,0,9999
13215,16526,2023-06-07,0,0,9999
13217,16529,2019-12-02,0,0,9999
13226,16540,2025-07-05,1,0,9999
13226,16541,2025-07-29,0,1,24
13227,16543,2023-12-27,0,0,9999
13231,16550,2023-12-23,0,0,9999
13233,16553,2025-01-18,0,0,9999
13234,16554,2024-10-11,0,0,9999
13236,16560,2025-12-22,0,0,9999
13250,16578,2025-10-05,0,0,9999
13260,16591,2025-10-17,0,0,9999
13262,16593,2026-01-15,0,0,9999
13263,16597,2026-01-14,0,0,9999
13272,16613,2024-04-06,0,0,9999
13272,16614,2025-04-12,0,1,371
13273,16615,2024-09-24,0,0,9999
13283,16624,2025-11-13,0,0,9999
13284,16626,2022-04-09,0,0,9999
13287,16629,2026-01-23,0,0,9999
13298,16642,2023-07-17,0,0,9999
13301,16648,2022-01-02,0,0,9999
13306,16654,2025-10-23,0,0,9999
13314,16664,2024-09-16,0,0,9999
13319,16672,2025-04-02,0,0,9999
13319,16674,2025-08-20,0,1,140
13328,16681,2020-07-07,0,0,9999
13331,16684,2023-12-26,0,0,9999
13349,16709,2022-11-19,0,0,9999
13356,16715,2025-02-13,0,0,9999
13359,16720,2023-12-09,0,0,9999
13359,16721,2024-12-24,0,1,381
13363,16727,2023-04-14,0,0,9999
13368,16733,2022-09-08,0,0,9999
13369,16734,2026-01-18,0,0,9999
13385,16757,2022-01-21,0,0,9999
13390,16764,2024-07-05,0,1,413
13390,16765,2023-05-19,0,0,9999
13392,16766,2022-10-21,0,0,9999
13410,16788,2025-10-14,0,0,9999
13414,16796,2026-01-29,0,0,9999
13416,16799,2025-08-04,0,0,9999
13432,16822,2022-08-07,0,0,9999
13447,16841,2025-10-13,0,0,9999
13472,16864,2026-01-20,0,0,9999
13474,16866,2022-06-07,0,0,9999
13480,16872,2024-12-16,0,0,9999
13483,16875,2022-09-10,0,0,9999
13488,16883,2024-10-27,0,0,9999
13494,16891,2021-11-02,0,0,9999
13497,16898,2025-08-02,0,0,9999
13498,16899,2024-06-17,0,0,9999
13500,16903,2025-12-16,0,0,9999
13501,16904,2023-04-15,0,0,9999
13502,16907,2024-11-23,0,0,9999
13510,16915,2022-10-17,0,0,9999
13515,16922,2023-06-17,0,0,9999
13520,16930,2021-11-05,0,0,9999
13523,16936,2022-02-23,0,0,9999
13523,16937,2022-05-03,0,1,69
13527,16946,2024-01-04,0,0,9999
13540,16957,2025-02-01,0,0,9999
13559,16988,2025-06-07,0,0,9999
13562,16991,2026-01-17,0,0,9999
13570,16999,2025-04-02,0,0,9999
13572,17001,2024-08-27,0,0,9999
13574,17005,2022-09-24,0,0,9999
13583,17012,2021-02-21,0,0,9999
13589,17017,2025-07-30,0,0,9999
13595,17022,2023-03-19,0,0,9999
13600,17026,2025-11-08,0,0,9999
13602,17028,2025-01-13,0,0,9999
13610,17039,2025-04-12,0,0,9999
13620,17053,2022-05-05,0,0,9999
13628,17065,2025-10-09,0,0,9999
13632,17069,2025-09-01,0,0,9999
13632,17070,2025-11-29,0,2,36
13632,17071,2025-10-24,0,1,53
13648,17088,2024-03-11,0,0,9999
13648,17089,2024-10-12,0,1,215
13648,17090,2024-12-06,0,2,55
13650,17092,2022-07-03,0,0,9999
13653,17095,2025-12-24,0,1,1
13653,17096,2025-12-23,1,0,9999
13660,17107,2026-01-26,0,0,9999
13661,17109,2020-10-15,0,0,9999
13662,17112,2021-12-20,0,0,9999
13665,17116,2022-04-25,0,0,9999
13668,17119,2020-09-03,0,0,9999
13673,17124,2025-05-02,0,0,9999
13689,17142,2024-05-20,0,0,9999
13691,17145,2025-10-08,0,0,9999
13695,17150,2026-01-08,0,0,9999
13704,17163,2026-01-18,0,0,9999
13715,17179,2026-01-27,0,0,9999
13715,17180,2026-01-27,0,0,9999
13721,17189,2021-05-07,0,0,9999
13721,17190,2021-07-24,0,1,78
13748,17222,2026-01-19,0,0,9999
13775,17254,2025-06-10,0,0,9999
13782,17266,2024-01-04,0,0,9999
13787,17272,2022-11-18,0,0,9999
13787,17274,2023-11-02,0,1,349
13790,17281,2024-07-21,0,0,9999
13798,17296,2026-01-29,0,0,9999
13801,17299,2022-01-21,0,0,9999
13806,17310,2021-12-17,0,0,9999
13812,17320,2023-06-06,0,0,9999
13813,17322,2026-01-17,0,0,9999
13816,17328,2025-09-16,0,0,9999
13828,17341,2024-05-23,0,0,9999
13835,17349,2025-09-20,0,0,9999
13836,17350,2024-09-21,0,0,9999
13846,17364,2024-04-18,0,0,9999
13852,17370,2022-12-19,0,0,9999
13868,17392,2022-04-24,0,0,9999
13873,17395,2026-01-30,0,0,9999
13875,17397,2025-09-29,0,0,9999
13910,17441,2025-09-30,0,0,9999
13915,17445,2024-10-05,0,0,9999
13934,17472,2025-04-22,0,0,9999
13942,17481,2022-11-27,0,0,9999
13945,17484,2026-01-19,0,0,9999
13948,17486,2024-07-28,0,0,9999
13950,17491,2025-10-11,0,0,9999
13952,17495,2021-04-25,0,0,9999
13958,17504,2025-02-03,0,0,9999
13973,17522,2025-06-18,0,0,9999
13974,17524,2024-02-23,0,0,9999
13981,17530,2024-01-03,0,0,9999
13989,17540,2021-10-30,0,0,9999
13994,17546,2025-04-20,0,0,9999
14000,17553,2025-10-17,0,0,9999
14020,17585,2025-10-26,0,1,306
14020,17586,2024-12-24,0,0,9999
14031,17604,2023-11-21,0,0,9999
14034,17606,2025-12-21,0,0,9999
14044,17615,2022-08-08,0,0,9999
14063,17633,2023-05-15,0,0,9999
14064,17636,2025-12-06,0,0,9999
14068,17641,2023-06-27,0,0,9999
14072,17649,2025-02-27,0,0,9999
14072,17650,2025-07-31,0,1,154
14087,17668,2026-01-30,0,0,9999
14088,17669,2025-11-15,0,1,720
14088,17670,2023-11-26,0,0,9999
14097,17686,2022-09-30,0,0,9999
14107,17697,2023-12-27,0,0,9999
14114,17706,2024-05-06,0,0,9999
14119,17714,2025-08-19,0,0,9999
14120,17716,2026-01-03,0,0,9999
14142,17741,2025-09-10,0,0,9999
14159,17763,2024-09-20,0,0,9999
14162,17769,2022-04-21,0,0,9999
14166,17773,2025-08-18,0,0,9999
14176,17788,2022-09-05,0,0,9999
14179,17792,2025-10-26,0,0,9999
14223,17845,2026-01-23,0,0,9999
14232,17858,2025-09-29,0,1,91
14232,17859,2025-06-30,0,0,9999
14234,17861,2024-12-28,0,0,9999
14239,17870,2025-03-26,0,0,9999
14248,17884,2023-06-14,0,0,9999
14250,17886,2022-06-12,0,1,71
14250,17887,2022-04-02,0,0,9999
14251,17890,2025-03-08,0,0,9999
14253,17893,2022-10-11,0,0,9999
14255,17895,2024-03-22,0,0,9999
14256,17897,2025-02-16,0,0,9999
14265,17905,2025-08-07,0,0,9999
14266,17906,2026-01-23,0,0,9999
14267,17907,2025-07-10,0,0,9999
14276,17915,2026-01-25,0,0,9999
14278,17919,2021-03-17,0,0,9999
14287,17930,2025-11-15,0,0,9999
14299,17947,2025-11-21,0,0,9999
14302,17951,2024-04-16,0,0,9999
14306,17959,2025-10-05,0,0,9999
14313,17967,2022-06-11,0,0,9999
14321,17976,2022-07-11,0,0,9999
14326,17981,2025-03-26,0,0,9999
14331,17986,2022-07-24,0,0,9999
14332,17987,2024-02-13,0,0,9999
14334,17989,2020-06-18,0,0,9999
14348,18004,2021-06-20,0,0,9999
14349,18006,2025-08-13,0,0,9999
14364,18025,2022-12-29,0,0,9999
14374,18036,2025-04-22,0,0,9999
14379,18040,2022-03-10,0,1,551
14379,18041,2020-09-05,0,0,9999
14383,18048,2023-06-04,0,0,9999
14398,18071,2025-12-26,0,0,9999
14399,18072,2024-06-21,0,0,9999
14400,18074,2024-03-16,0,0,9999
14406,18083,2022-05-10,0,0,9999
14407,18084,2023-06-25,0,0,9999
14415,18094,2024-05-02,0,0,9999
14424,18103,2023-10-14,0,0,9999
14427,18107,2024-08-28,0,0,9999
14431,18111,2025-12-16,0,1,1600
14431,18112,2021-07-30,0,0,9999
14434,18116,2024-10-17,0,0,9999
14438,18122,2025-12-04,0,0,9999
14450,18139,2023-04-29,0,0,9999
14470,18166,2020-10-14,0,0,9999
14471,18169,2025-08-05,0,0,9999
14476,18176,2023-10-25,0,0,9999
14476,18177,2024-03-02,0,1,129
14478,18183,2025-10-01,0,0,9999
14492,18202,2024-02-14,0,0,9999
14494,18204,2025-12-28,0,0,9999
14496,18207,2026-01-27,0,0,9999
14498,18209,2025-02-02,0,0,9999
14510,18220,2022-12-20,0,0,9999
14513,18224,2025-01-01,0,0,9999
14526,18236,2024-07-26,0,0,9999
14537,18247,2025-12-13,0,1,1142
14537,18249,2022-10-28,0,0,9999
14544,18258,2026-01-29,0,0,9999
14547,18262,2022-03-25,0,0,9999
14555,18268,2023-12-25,0,0,9999
14566,18279,2023-10-14,0,0,9999
14569,18281,2025-07-15,0,0,9999
14573,18287,2023-03-10,0,0,9999
14573,18288,2024-08-22,0,1,531
14578,18294,2025-12-30,0,0,9999
14581,18298,2024-01-02,0,0,9999
14584,18301,2024-07-05,0,0,9999
14591,18309,2026-01-18,0,0,9999
14600,18319,2024-05-19,0,0,9999
14610,18330,2025-10-11,0,0,9999
14618,18340,2026-01-29,0,0,9999
14626,18347,2025-05-18,0,0,9999
14645,18368,2023-05-27,0,0,9999
14651,18377,2025-03-13,0,0,9999
14653,18384,2025-04-14,0,0,9999
14666,18400,2021-04-16,0,0,9999
14687,18421,2025-03-28,0,0,9999
14687,18422,2025-05-24,0,1,57
14690,18430,2025-12-01,0,0,9999
14697,18437,2025-12-08,0,0,9999
14702,18439,2023-12-02,0,0,9999
14742,18481,2025-06-20,0,0,9999
14762,18502,2021-12-06,0,0,9999
14770,18514,2020-10-03,0,0,9999
14771,18515,2020-02-20,0,0,9999
14773,18517,2022-03-09,0,0,9999
14801,18548,2025-09-07,0,0,9999
14805,18551,2025-09-07,0,0,9999
14807,18554,2019-09-25,0,0,9999
14823,18572,2025-04-06,0,0,9999
14824,18573,2023-01-10,1,0,9999
14824,18574,2023-02-08,0,1,29
14824,18576,2024-11-17,0,2,648
14836,18582,2021-07-26,0,0,9999
14839,18587,2023-12-19,0,0,9999
14845,18594,2023-09-25,0,0,9999
14846,18598,2025-07-24,0,0,9999
14850,18605,2025-07-03,0,0,9999
14857,18611,2025-06-20,1,0,9999
14857,18612,2025-07-17,0,1,27
14857,18613,2026-01-03,0,2,170
14863,18617,2025-05-13,0,0,9999
14865,18622,2025-03-05,0,0,9999
14872,18626,2025-12-31,0,0,9999
14874,18627,2025-02-15,0,0,9999
14884,18642,2024-07-06,0,0,9999
14896,18650,2025-10-19,0,0,9999
14911,18667,2022-04-01,0,0,9999
14920,18678,2025-12-01,0,0,9999
14923,18683,2021-09-08,0,0,9999
14937,18702,2026-01-30,0,0,9999
14937,18703,2026-01-30,0,0,9999
14939,18707,2025-10-04,0,0,9999
14946,18712,2024-06-25,0,0,9999
14957,18723,2023-08-15,0,0,9999
14957,18725,2025-01-08,0,1,512
14962,18732,2023-10-30,0,0,9999
14962,18733,2025-05-30,0,1,578
14966,18737,2025-06-14,0,0,9999
14967,18738,2023-12-12,0,0,9999
14972,18745,2025-11-11,0,1,341
14972,18746,2024-12-05,0,0,9999
14981,18757,2023-09-14,0,0,9999
15002,18781,2021-05-19,0,0,9999
15004,18786,2021-06-14,0,0,9999
15013,18798,2022-03-21,0,0,9999
15018,18799,2023-12-31,0,1,112
15018,18801,2023-09-10,0,0,9999
15032,18826,2025-06-27,0,0,9999
15038,18832,2025-12-09,0,0,9999
15060,18860,2025-07-25,0,0,9999
15063,18866,2022-11-14,0,0,9999
15085,18886,2025-03-15,0,0,9999
15086,18889,2022-10-23,0,0,9999
15089,18896,2025-05-14,0,0,9999
15093,18901,2019-05-21,0,0,9999
15100,18904,2024-07-05,0,0,9999
15104,18909,2024-11-28,0,0,9999
15107,18912,2024-08-07,0,0,9999
15111,18914,2025-01-06,0,0,9999
15114,18919,2019-03-17,0,0,9999
15114,18920,2024-11-07,0,1,2062
15117,18925,2023-10-25,0,0,9999
15125,18935,2025-02-16,0,0,9999
15125,18936,2025-11-17,0,1,274
15126,18937,2019-07-30,0,0,9999
15130,18942,2025-12-23,0,0,9999
15132,18944,2024-03-21,0,0,9999
15135,18945,2026-01-27,0,0,9999
15145,18953,2025-11-20,0,0,9999
15151,18963,2022-12-30,0,0,9999
15154,18972,2026-01-30,0,0,9999
15163,18983,2025-06-03,0,1,42
15163,18984,2025-04-22,0,0,9999
15185,19024,2024-03-14,0,0,9999
15199,19039,2026-01-13,0,0,9999
15201,19044,2020-08-11,0,0,9999
15214,19063,2025-10-07,0,0,9999
15219,19068,2021-12-03,0,0,9999
15221,19072,2025-08-05,0,0,9999
15226,19077,2024-10-28,0,0,9999
15240,19093,2023-05-17,0,0,9999
15246,19102,2025-01-26,0,0,9999
15258,19118,2025-08-31,0,0,9999
15264,19122,2022-06-19,0,0,9999
15270,19129,2022-04-29,0,0,9999
15272,19132,2025-11-27,0,0,9999
15277,19138,2025-03-24,0,0,9999
15282,19148,2023-11-19,0,0,9999
15287,19156,2024-08-29,0,0,9999
15297,19166,2025-10-30,0,0,9999
15298,19168,2024-11-18,0,0,9999
15317,19197,2025-12-07,0,0,9999
15327,19206,2023-01-06,0,0,9999
15338,19226,2025-07-06,0,0,9999
15339,19228,2025-05-25,0,0,9999
15362,19253,2025-11-08,0,0,9999
15380,19272,2020-07-19,0,0,9999
15411,19304,2024-02-02,0,0,9999
15413,19306,2023-02-28,0,0,9999
15424,19319,2020-11-06,0,0,9999
15428,19323,2025-08-29,0,0,9999
15433,19332,2021-07-01,0,0,9999
15447,19347,2025-05-15,0,0,9999
15448,19350,2019-12-22,0,0,9999
15464,19371,2023-10-29,0,0,9999
15474,19382,2025-10-02,0,0,9999
15501,19414,2024-07-10,0,0,9999
15518,19435,2026-01-14,0,0,9999
15529,19449,2025-07-13,0,0,9999
15535,19455,2022-04-27,0,0,9999
15535,19456,2023-12-07,0,1,589
15537,19458,2025-12-16,0,0,9999
15538,19461,2020-06-30,0,0,9999
15539,19462,2025-11-24,0,0,9999
15539,19463,2025-11-24,0,0,9999
15547,19469,2024-02-24,0,0,9999
15548,19470,2022-07-10,0,0,9999
15550,19472,2025-07-08,0,0,9999
15572,19501,2021-01-09,0,0,9999
15573,19502,2024-08-31,0,0,9999
15580,19509,2025-06-13,0,0,9999
15582,19511,2025-11-11,0,0,9999
15583,19513,2023-12-07,0,0,9999
15585,19515,2024-07-26,0,0,9999
15599,19530,2022-12-29,0,0,9999
15603,19533,2021-10-25,0,0,9999
15612,19541,2024-10-24,0,0,9999
15616,19544,2024-08-28,0,0,9999
15633,19557,2025-06-02,0,0,9999
15636,19563,2023-11-16,0,0,9999
15642,19571,2025-12-10,0,0,9999
15643,19574,2025-11-25,0,0,9999
15645,19579,2025-03-12,0,0,9999
15646,19580,2025-12-10,0,0,9999
15657,19594,2020-12-31,0,0,9999
15665,19603,2024-06-26,0,0,9999
15671,19608,2026-01-30,0,0,9999
15674,19612,2024-12-02,0,0,9999
15675,19613,2021-05-15,0,0,9999
15677,19615,2024-11-09,0,0,9999
15679,19616,2022-03-28,0,0,9999
15681,19619,2022-01-14,0,0,9999
15696,19642,2025-07-07,0,0,9999
15704,19652,2024-10-07,0,0,9999
15705,19654,2020-08-05,0,0,9999
15705,19656,2024-03-16,0,1,1319
15706,19658,2024-09-10,0,0,9999
15712,19664,2025-12-25,0,1,1
15712,19665,2025-12-24,1,0,9999
15713,19666,2025-05-16,0,0,9999
15726,19681,2024-03-07,0,0,9999
15729,19685,2025-11-20,0,1,634
15729,19687,2024-02-25,0,0,9999
15738,19697,2025-08-05,0,0,9999
15750,19711,2025-02-16,0,0,9999
15755,19715,2025-10-14,0,0,9999
15758,19717,2025-10-29,0,0,9999
15771,19730,2023-12-19,0,0,9999
15776,19740,2021-12-24,0,0,9999
15782,19746,2022-05-11,0,0,9999
15801,19767,2025-03-07,0,0,9999
15807,19776,2021-12-12,0,0,9999
15807,19777,2025-05-18,0,1,1253
15813,19782,2023-12-14,0,0,9999
15823,19796,2025-10-14,0,0,9999
15825,19798,2024-05-20,0,1,708
15825,19799,2022-06-12,0,0,9999
15828,19804,2023-12-30,0,0,9999
15840,19816,2022-09-12,0,0,9999
15854,19833,2022-01-02,0,0,9999
15858,19838,2025-10-07,0,0,9999
15899,19881,2023-12-11,0,0,9999
15900,19883,2023-08-13,0,1,770
15900,19884,2021-07-04,0,0,9999
15903,19888,2019-10-28,0,0,9999
15903,19889,2021-02-08,0,1,469
15917,19906,2026-01-09,0,0,9999
15922,19915,2025-07-07,0,0,9999
15934,19927,2023-01-01,0,0,9999
15934,19928,2025-05-19,0,1,869
15936,19933,2026-01-21,0,0,9999
15948,19945,2025-12-14,0,0,9999
15954,19957,2025-04-17,0,0,9999
15966,19969,2020-10-15,0,0,9999
15967,19971,2025-12-25,0,0,9999
15968,19972,2024-09-01,0,0,9999
15971,19978,2024-04-29,0,0,9999
15992,20000,2022-11-02,0,0,9999
16003,20013,2025-11-07,0,0,9999
16004,20014,2025-07-14,0,0,9999
16009,20022,2024-08-14,0,0,9999
16013,20030,2025-08-29,0,0,9999
16015,20034,2025-10-28,0,0,9999
16018,20039,2023-10-30,0,1,94
16018,20040,2023-07-28,0,0,9999
16020,20041,2021-09-25,0,0,9999
16035,20062,2024-09-11,0,0,9999
16055,20084,2024-11-18,0,0,9999
16057,20086,2024-01-29,0,0,9999
16059,20088,2025-05-27,0,0,9999
16071,20102,2025-08-25,0,0,9999
16078,20110,2025-01-31,0,0,9999
16104,20143,2022-03-15,0,0,9999
16108,20147,2024-04-14,0,0,9999
16122,20165,2022-07-24,0,0,9999
16122,20166,2023-11-25,0,1,489
16137,20182,2025-11-24,0,0,9999
16139,20185,2026-01-30,0,0,9999
16151,20201,2024-06-19,0,0,9999
16157,20210,2025-11-20,0,0,9999
16159,20214,2019-05-21,0,0,9999
16174,20241,2025-07-27,0,0,9999
16176,20243,2026-01-01,1,0,9999
16176,20246,2026-01-15,0,1,14
16183,20253,2020-07-06,0,0,9999
16190,20260,2025-01-09,0,0,9999
16194,20267,2024-11-21,0,0,9999
16200,20273,2025-12-22,0,0,9999
16209,20287,2022-06-19,0,0,9999
16215,20295,2021-10-16,0,0,9999
16223,20300,2025-03-31,0,0,9999
16225,20307,2023-01-30,0,0,9999
16227,20310,2021-06-07,0,0,9999
16229,20312,2025-07-24,0,0,9999
16230,20313,2024-10-03,0,0,9999
16234,20318,2020-03-14,0,0,9999
16234,20319,2021-09-11,0,1,546
16239,20326,2025-09-30,0,1,1370
16239,20327,2021-12-30,0,0,9999
16246,20333,2025-11-12,0,0,9999
16251,20340,2020-11-15,0,0,9999
16269,20361,2025-10-15,0,0,9999
16276,20370,2023-01-22,0,0,9999
16293,20386,2024-12-22,0,0,9999
16310,20407,2026-01-18,0,0,9999
16313,20410,2024-11-19,0,0,9999
16315,20413,2025-02-15,0,0,9999
16318,20419,2025-03-21,0,0,9999
16328,20429,2025-11-05,0,0,9999
16333,20436,2022-08-22,0,0,9999
16354,20465,2025-12-22,0,0,9999
16357,20468,2026-01-30,0,0,9999
16372,20491,2025-06-12,0,0,9999
16374,20493,2024-09-29,0,0,9999
16380,20507,2023-07-05,0,0,9999
16390,20526,2022-01-20,0,0,9999
16395,20531,2025-09-26,0,0,9999
16399,20538,2025-08-15,0,0,9999
16403,20543,2024-03-21,0,0,9999
16404,20544,2024-11-26,0,0,9999
16418,20561,2025-03-05,0,0,9999
16423,20566,2025-12-18,0,0,9999
16426,20568,2025-12-18,0,0,9999
16427,20571,2025-08-22,0,1,365
16427,20572,2024-08-22,0,0,9999
16429,20575,2025-04-06,0,1,315
16429,20576,2024-05-26,0,0,9999
16434,20585,2026-01-29,0,0,9999
16434,20588,2026-01-29,0,0,9999
16453,20609,2021-06-10,0,0,9999
16462,20619,2022-04-03,0,0,9999
16466,20622,2023-04-05,0,0,9999
16468,20625,2026-01-27,0,0,9999
16473,20632,2025-12-05,0,0,9999
16481,20645,2024-09-24,0,0,9999
16482,20646,2025-12-30,0,0,9999
16490,20655,2023-09-30,0,0,9999
16494,20657,2023-12-28,0,0,9999
16498,20663,2022-09-19,0,0,9999
16502,20672,2024-06-01,0,0,9999
16506,20679,2022-11-03,0,0,9999
16516,20688,2021-03-23,0,0,9999
16518,20689,2025-11-28,0,0,9999
16522,20696,2025-09-01,0,0,9999
16540,20714,2021-04-24,0,0,9999
16554,20729,2025-10-20,0,0,9999
16562,20743,2022-07-13,0,1,51
16562,20746,2022-05-23,0,0,9999
16575,20759,2021-07-15,0,0,9999
16611,20810,2022-06-29,0,0,9999
16620,20824,2021-05-30,0,0,9999
16620,20825,2023-05-12,0,1,712
16621,20826,2023-10-29,0,1,868
16621,20827,2021-06-13,0,0,9999
16625,20831,2025-06-03,0,0,9999
16626,20833,2025-09-18,0,0,9999
16627,20834,2021-09-24,0,0,9999
16635,20844,2026-01-15,0,0,9999
16678,20886,2025-11-03,0,0,9999
16682,20890,2025-11-15,0,0,9999
16687,20899,2025-09-20,0,0,9999
16697,20916,2024-01-21,0,0,9999
16701,20921,2026-01-29,0,0,9999
16701,20922,2026-01-29,0,0,9999
16731,20960,2024-10-05,0,0,9999
16737,20964,2021-05-19,0,0,9999
16752,20987,2023-05-31,0,0,9999
16754,20989,2021-10-14,0,0,9999
16755,20990,2025-02-26,0,0,9999
16762,20999,2023-05-05,0,0,9999
16769,21014,2024-06-19,0,0,9999
16780,21026,2025-06-27,0,0,9999
16795,21045,2023-01-09,0,0,9999
16802,21054,2022-06-09,0,0,9999
16805,21058,2022-09-03,0,0,9999
16816,21071,2024-09-11,0,0,9999
16834,21084,2025-11-27,0,0,9999
16842,21091,2021-03-08,0,0,9999
16842,21092,2024-02-12,0,1,1071
16843,21093,2025-04-19,0,0,9999
16853,21099,2025-08-06,0,0,9999
16854,21100,2025-04-20,0,0,9999
16875,21129,2025-10-29,0,0,9999
16876,21132,2024-12-19,0,0,9999
16879,21136,2024-12-31,0,0,9999
16891,21145,2025-04-23,0,0,9999
16897,21153,2026-01-28,0,0,9999
16905,21161,2024-08-10,0,0,9999
16905,21162,2025-06-01,0,1,295
16912,21171,2025-02-07,0,1,90
16912,21172,2024-11-09,0,0,9999
16931,21197,2026-01-19,0,0,9999
16936,21204,2025-09-08,0,0,9999
16937,21206,2020-10-20,0,0,9999
16939,21209,2023-10-07,0,0,9999
16950,21221,2022-06-20,0,0,9999
16953,21226,2025-10-12,0,0,9999
16965,21244,2024-03-01,0,0,9999
16972,21255,2026-01-21,0,0,9999
16974,21258,2023-11-03,0,0,9999
16976,21262,2025-11-17,0,0,9999
16984,21275,2025-08-17,0,0,9999
16986,21276,2025-01-02,0,0,9999
16994,21283,2022-03-10,0,0,9999
16994,21284,2023-07-20,0,1,497
16997,21286,2025-12-05,0,0,9999
16998,21287,2026-01-29,0,0,9999
17014,21307,2022-03-29,0,0,9999
17019,21314,2025-07-23,0,0,9999
17023,21318,2020-10-08,0,0,9999
17043,21339,2025-02-03,0,0,9999
17067,21357,2024-06-13,0,0,9999
17073,21363,2022-12-29,0,0,9999
17076,21370,2023-06-22,0,0,9999
17089,21384,2023-09-12,0,0,9999
17101,21394,2024-12-12,0,0,9999
17104,21397,2025-07-02,0,0,9999
17118,21420,2026-01-13,0,0,9999
17133,21433,2025-12-02,0,0,9999
17139,21440,2024-12-03,0,0,9999
17142,21448,2021-05-08,0,0,9999
17142,21449,2022-12-02,0,1,573
17144,21452,2026-01-22,0,1,1366
17144,21453,2022-04-27,0,0,9999
17150,21458,2026-01-28,0,1,4
17150,21459,2026-01-24,1,0,9999
17157,21468,2026-01-29,0,0,9999
17160,21476,2026-01-27,0,0,9999
17169,21489,2025-07-02,0,0,9999
17174,21494,2025-09-17,0,0,9999
17192,21510,2024-03-26,0,0,9999
17200,21520,2025-11-06,0,0,9999
17213,21536,2026-01-30,0,0,9999
17217,21543,2021-06-09,0,0,9999
17239,21567,2020-04-12,0,0,9999
17257,21583,2025-12-10,0,0,9999
17282,21607,2020-05-05,0,0,9999
17283,21609,2025-12-06,0,0,9999
17286,21614,2025-02-23,0,0,9999
17287,21615,2019-08-07,0,0,9999
17317,21649,2025-02-15,0,0,9999
17320,21652,2026-01-29,0,0,9999
17341,21682,2022-07-22,0,0,9999
17356,21699,2021-08-13,0,0,9999
17370,21721,2023-09-26,0,1,1259
17370,21722,2020-04-15,0,0,9999
17372,21724,2026-01-01,0,0,9999
17376,21727,2025-05-20,0,2,21
17376,21728,2025-04-29,1,1,608
17376,21729,2023-08-30,0,0,9999
17381,21733,2025-07-11,0,0,9999
17383,21734,2024-02-09,0,0,9999
17386,21739,2025-11-27,0,0,9999
17393,21749,2020-12-09,0,0,9999
17397,21754,2025-05-07,0,0,9999
17400,21759,2021-07-15,0,0,9999
17400,21760,2022-02-08,0,1,208
17407,21771,2026-01-30,0,0,9999
17423,21788,2024-12-13,0,0,9999
17434,21796,2025-02-07,0,0,9999
17439,21805,2026-01-30,0,1,69
17439,21806,2025-11-22,0,0,9999
17441,21811,2021-10-05,0,0,9999
17441,21813,2023-07-15,0,1,648
17457,21839,2025-06-14,0,1,288
17457,21840,2024-08-30,0,0,9999
17458,21843,2025-08-07,0,0,9999
17462,21850,2022-09-30,0,0,9999
17465,21856,2025-01-31,0,0,9999
17470,21862,2025-05-30,0,0,9999
17472,21865,2025-06-08,0,0,9999
17475,21871,2025-10-19,0,1,59
17475,21872,2025-08-21,0,0,9999
17483,21878,2022-11-05,0,0,9999
17495,21896,2025-09-04,0,0,9999
17503,21906,2022-05-28,0,0,9999
17507,21911,2024-12-24,0,0,9999
17509,21913,2024-12-29,0,0,9999
17522,21932,2025-05-11,0,1,1070
17522,21934,2022-06-06,0,0,9999
17523,21936,2023-12-25,0,0,9999
17525,21939,2025-02-02,0,0,9999
17526,21943,2025-05-26,0,0,9999
17533,21956,2025-05-28,0,0,9999
17558,21991,2025-10-20,0,0,9999
17562,21996,2025-12-17,0,0,9999
17573,22005,2024-10-24,0,0,9999
17576,22010,2026-01-16,0,0,9999
17580,22015,2023-08-29,0,0,9999
17582,22018,2021-01-17,0,0,9999
17601,22034,2023-02-01,0,0,9999
17606,22039,2025-06-12,0,0,9999
17608,22041,2024-06-29,0,0,9999
17608,22043,2025-12-29,0,1,548
17614,22048,2025-09-27,0,0,9999
17624,22065,2025-11-25,0,0,9999
17634,22082,2024-02-27,0,0,9999
17642,22090,2025-03-07,0,0,9999
17643,22091,2025-07-25,0,0,9999
17645,22094,2025-11-03,0,0,9999
17687,22145,2024-07-21,0,0,9999
17693,22153,2026-01-30,0,0,9999
17699,22165,2021-01-25,0,0,9999
17704,22173,2021-11-06,0,0,9999
17722,22195,2023-07-18,0,0,9999
17727,22203,2025-02-04,0,1,139
17727,22205,2024-09-18,0,0,9999
17734,22213,2022-05-19,0,0,9999
17737,22218,2023-09-07,0,0,9999
17737,22219,2024-04-09,0,1,215
17744,22230,2020-03-14,0,0,9999
17749,22237,2021-05-15,0,0,9999
17763,22253,2024-08-19,0,0,9999
17764,22254,2025-12-10,0,0,9999
17770,22260,2022-01-26,0,0,9999
17789,22282,2025-12-14,0,0,9999
17790,22285,2022-11-23,0,0,9999
17804,22308,2025-07-15,0,0,9999
17811,22313,2024-12-13,0,1,789
17811,22316,2022-10-16,0,0,9999
17822,22333,2025-12-12,0,0,9999
17836,22348,2024-08-02,0,0,9999
17838,22350,2022-08-12,0,0,9999
17839,22351,2021-06-18,0,0,9999
17840,22353,2023-08-22,0,0,9999
17841,22356,2026-01-30,0,0,9999
17862,22390,2025-05-07,0,0,9999
17863,22392,2021-10-01,0,0,9999
17872,22402,2021-08-28,0,0,9999
17874,22403,2025-09-02,0,2,208
17874,22404,2025-02-06,0,1,313
17874,22405,2024-03-30,0,0,9999
17880,22410,2025-12-14,0,0,9999
17900,22432,2024-07-27,0,0,9999
17920,22458,2023-07-12,0,0,9999
17935,22468,2025-03-24,0,0,9999
17943,22478,2023-12-28,0,0,9999
17946,22481,2025-11-12,0,0,9999
17951,22485,2021-10-01,0,0,9999
17952,22487,2025-06-27,0,0,9999
17952,22488,2025-10-22,0,1,117
17955,22491,2026-01-12,1,0,9999
17955,22492,2026-01-25,0,1,13
17957,22494,2026-01-09,0,1,365
17957,22495,2025-01-09,0,0,9999
17970,22509,2023-09-25,0,0,9999
17977,22516,2024-03-22,0,1,268
17977,22517,2023-06-28,0,0,9999
17994,22538,2024-04-21,0,0,9999
18013,22562,2022-06-08,0,0,9999
18017,22567,2024-05-11,0,0,9999
18018,22568,2022-06-17,0,0,9999
18024,22574,2026-01-15,0,0,9999
18029,22581,2024-06-27,0,0,9999
18033,22585,2024-12-13,0,0,9999
18036,22587,2026-01-30,0,0,9999
18050,22598,2025-11-23,0,0,9999
18063,22612,2024-07-28,0,0,9999
18066,22613,2022-02-12,0,0,9999
18069,22615,2023-07-24,0,0,9999
18073,22621,2026-01-04,0,0,9999
18090,22641,2022-01-26,0,0,9999
18099,22649,2022-12-22,0,0,9999
18100,22650,2025-12-22,0,0,9999
18102,22652,2023-04-21,0,0,9999
18103,22653,2022-12-09,0,0,9999
18110,22663,2024-06-16,0,0,9999
18112,22668,2024-04-09,0,0,9999
18113,22669,2025-12-29,0,0,9999
18114,22670,2020-10-02,0,0,9999
18115,22672,2022-10-17,0,0,9999
18120,22677,2024-06-14,0,2,697
18120,22678,2022-04-15,0,0,9999
18120,22680,2022-07-18,0,1,94
18121,22682,2025-09-01,0,0,9999
18127,22690,2023-07-05,0,0,9999
18131,22694,2025-10-20,0,0,9999
18132,22695,2025-01-26,0,0,9999
18138,22703,2025-06-20,0,0,9999
18149,22710,2025-12-12,0,0,9999
18149,22711,2026-01-12,0,1,31
18159,22726,2023-08-21,0,2,288
18159,22727,2022-11-06,0,1,126
18159,22728,2022-07-03,0,0,9999
18165,22736,2024-02-20,0,0,9999
18170,22744,2024-06-27,0,0,9999
18177,22753,2025-09-28,0,0,9999
18180,22755,2025-12-30,0,0,9999
18192,22764,2022-06-12,0,0,9999
18192,22765,2022-08-01,0,1,50
18195,22768,2024-12-17,0,1,1172
18195,22769,2021-10-02,0,0,9999
18201,22784,2025-07-06,0,0,9999
18208,22795,2020-02-25,0,0,9999
18210,22796,2024-08-11,0,0,9999
18213,22799,2021-05-26,0,0,9999
18220,22812,2025-03-31,0,0,9999
18222,22815,2025-05-21,0,0,9999
18232,22826,2024-05-25,0,0,9999
18239,22836,2025-08-16,0,0,9999
18243,22840,2025-07-16,0,0,9999
18246,22842,2025-07-18,0,0,9999
18256,22853,2025-08-20,0,0,9999
18269,22872,2024-11-13,0,0,9999
18274,22878,2024-04-14,0,0,9999
18275,22881,2025-10-30,0,0,9999
18277,22884,2025-12-04,0,0,9999
18280,22890,2024-12-17,0,0,9999
18282,22892,2025-10-02,0,0,9999
18286,22898,2023-08-28,0,0,9999
18287,22899,2024-11-06,0,0,9999
18288,22901,2025-11-18,0,0,9999
18289,22902,2025-07-10,0,0,9999
18291,22904,2024-09-30,0,0,9999
18292,22906,2025-10-17,0,0,9999
18305,22922,2021-07-22,0,0,9999
18317,22940,2023-03-18,0,0,9999
18324,22952,2025-08-30,0,0,9999
18332,22961,2024-03-30,0,0,9999
18333,22963,2024-06-23,0,1,1404
18333,22966,2020-08-19,0,0,9999
18335,22969,2025-11-08,0,1,807
18335,22971,2023-08-24,0,0,9999
18362,23004,2025-05-25,0,1,1435
18362,23005,2021-06-20,0,0,9999
18367,23013,2025-03-29,0,0,9999
18372,23020,2023-03-19,0,0,9999
18376,23024,2024-12-19,0,0,9999
18378,23025,2022-05-07,0,0,9999
18379,23026,2024-12-17,0,0,9999
18408,23053,2025-09-16,0,0,9999
18410,23056,2023-12-15,0,1,104
18410,23058,2023-09-02,0,0,9999
18427,23077,2026-01-28,0,0,9999
18444,23095,2026-01-14,0,0,9999
18449,23101,2021-11-10,0,1,195
18449,23102,2021-04-29,0,0,9999
18454,23107,2023-03-29,0,0,9999
18462,23122,2025-10-24,0,0,9999
18466,23129,2025-01-14,0,0,9999
18467,23130,2021-12-31,0,0,9999
18484,23156,2025-05-06,0,0,9999
18497,23175,2026-01-20,0,0,9999
18504,23182,2026-01-25,0,0,9999
18539,23218,2023-11-27,0,0,9999
18557,23235,2026-01-30,0,0,9999
18562,23240,2026-01-08,0,0,9999
18565,23244,2025-12-14,0,1,82
18565,23246,2025-09-23,0,0,9999
18567,23248,2021-08-25,0,0,9999
18581,23264,2023-03-21,0,0,9999
18588,23274,2025-07-10,0,0,9999
18595,23286,2023-12-11,0,0,9999
18598,23289,2025-11-01,0,0,9999
18607,23302,2023-12-19,0,0,9999
18617,23315,2025-12-15,0,0,9999
18619,23318,2023-12-04,0,0,9999
18623,23324,2026-01-25,0,0,9999
18624,23325,2025-11-30,1,1,35
18624,23326,2025-12-08,0,2,8
18624,23328,2025-10-26,0,0,9999
18628,23335,2025-05-08,0,0,9999
18640,23350,2023-01-26,0,0,9999
18644,23357,2025-11-07,0,0,9999
18646,23359,2024-10-31,0,0,9999
18654,23368,2024-02-05,0,0,9999
18657,23373,2025-09-01,0,0,9999
18671,23392,2024-12-04,0,0,9999
18689,23410,2023-08-12,0,0,9999
18707,23430,2020-03-19,0,0,9999
18707,23431,2020-10-26,0,1,221
18707,23433,2024-04-26,0,2,1278
18713,23445,2024-03-05,0,0,9999
18727,23462,2024-07-29,0,0,9999
18729,23464,2023-04-30,0,0,9999
18739,23478,2025-11-30,0,1,35
18739,23479,2025-10-26,0,0,9999
18749,23488,2024-03-30,0,0,9999
18752,23497,2022-04-17,0,0,9999
18762,23512,2025-02-12,0,0,9999
18768,23518,2025-06-09,0,0,9999
18772,23521,2026-01-20,0,0,9999
18777,23530,2023-08-07,0,0,9999
18777,23532,2024-03-30,0,1,236
18779,23534,2025-07-20,0,2,190
18779,23535,2024-12-24,1,0,9999
18779,23537,2025-01-11,0,1,18
18785,23548,2025-10-16,0,0,9999
18807,23569,2025-01-23,0,1,257
18807,23571,2024-05-11,0,0,9999
18815,23580,2021-10-25,0,0,9999
18817,23582,2025-01-31,0,0,9999
18818,23586,2024-07-28,0,0,9999
18819,23587,2022-01-12,0,1,77
18819,23588,2021-10-27,0,0,9999
18833,23602,2026-01-30,0,0,9999
18847,23628,2023-02-17,0,0,9999
18850,23632,2023-08-30,0,0,9999
18853,23636,2021-11-21,0,0,9999
18853,23637,2026-01-18,0,1,1519
18857,23642,2020-04-17,0,0,9999
18874,23663,2019-07-20,0,0,9999
18886,23677,2024-04-24,0,0,9999
18888,23683,2021-10-15,0,0,9999
18891,23690,2023-06-28,0,0,9999
18891,23691,2024-08-31,0,1,430
18910,23709,2025-04-29,0,0,9999
18913,23711,2023-05-30,0,0,9999
18913,23713,2025-03-20,0,1,660
18922,23730,2026-01-28,0,0,9999
18934,23743,2021-08-16,0,0,9999
18936,23746,2025-11-16,0,0,9999
18937,23747,2023-12-23,0,0,9999
18938,23748,2023-10-25,0,0,9999
18944,23752,2025-10-31,0,0,9999
18953,23762,2024-06-01,0,0,9999
18954,23765,2020-12-21,0,0,9999
18955,23766,2025-03-10,0,0,9999
18966,23783,2025-05-10,0,0,9999
18973,23796,2023-04-26,0,0,9999
18981,23803,2023-07-19,0,0,9999
18982,23804,2021-04-11,0,0,9999
18985,23809,2025-09-22,0,0,9999
18987,23812,2023-07-26,0,0,9999
19002,23829,2024-06-16,0,0,9999
19005,23831,2024-05-10,0,0,9999
19018,23847,2022-07-23,0,0,9999
19018,23848,2023-01-22,0,1,183
19024,23855,2025-05-24,0,0,9999
19031,23860,2025-12-19,0,0,9999
19037,23867,2025-10-04,0,0,9999
19039,23869,2023-09-20,0,0,9999
19060,23894,2023-04-04,0,0,9999
19072,23908,2023-07-27,0,0,9999
19074,23909,2025-04-29,0,0,9999
19085,23926,2024-07-02,0,0,9999
19102,23950,2023-11-30,0,0,9999
19103,23951,2022-10-29,0,0,9999
19104,23952,2025-05-16,0,1,88
19104,23953,2025-02-17,0,0,9999
19105,23954,2025-08-15,0,1,874
19105,23955,2023-03-25,0,0,9999
19128,23986,2023-12-10,0,0,9999
19149,24013,2024-07-25,0,0,9999
19156,24025,2023-12-29,0,1,1034
19156,24026,2021-02-28,0,0,9999
19157,24027,2025-01-18,0,0,9999
19159,24030,2025-01-16,0,0,9999
19182,24057,2024-03-04,0,0,9999
19186,24062,2025-11-19,0,0,9999
19194,24074,2024-02-09,0,0,9999
19216,24097,2019-06-21,0,0,9999
19221,24104,2023-07-17,0,0,9999
19225,24109,2025-12-29,0,0,9999
19234,24119,2024-02-28,0,0,9999
19253,24143,2023-12-18,0,0,9999
19277,24173,2024-07-25,0,0,9999
19280,24177,2025-06-15,0,1,107
19280,24178,2025-02-28,0,0,9999
19282,24182,2025-01-19,0,0,9999
19294,24196,2024-02-18,0,0,9999
19300,24202,2025-02-03,0,1,752
19300,24204,2023-01-13,0,0,9999
19305,24208,2024-04-21,0,0,9999
19321,24228,2024-09-17,0,0,9999
19336,24248,2025-02-21,0,0,9999
19339,24250,2021-07-31,0,0,9999
19357,24269,2025-08-01,0,0,9999
19362,24273,2025-02-16,0,0,9999
19378,24295,2025-12-17,0,0,9999
19385,24301,2026-01-29,0,0,9999
19398,24317,2024-01-26,0,0,9999
19399,24318,2025-01-16,0,2,365
19399,24319,2020-12-08,0,0,9999
19399,24320,2024-01-17,0,1,1135
19406,24331,2025-12-02,0,0,9999
19410,24337,2026-01-01,0,0,9999
19413,24341,2025-03-25,0,1,1163
19413,24342,2022-01-17,0,0,9999
19436,24364,2024-08-02,0,0,9999
19461,24395,2025-12-24,0,0,9999
19470,24401,2026-01-29,0,0,9999
19491,24424,2026-01-30,0,0,9999
19501,24441,2025-03-30,0,0,9999
19503,24445,2023-01-23,0,0,9999
19509,24451,2024-03-04,0,0,9999
19512,24456,2025-05-21,0,0,9999
19516,24462,2026-01-12,0,0,9999
19522,24466,2025-05-13,0,0,9999
19525,24469,2024-08-16,0,0,9999
19529,24472,2021-08-08,0,0,9999
19536,24479,2026-01-28,0,0,9999
19541,24486,2019-11-13,0,0,9999
19547,24497,2021-07-29,0,0,9999
19555,24506,2026-01-17,0,1,78
19555,24507,2025-10-31,0,0,9999
19566,24521,2022-11-02,0,0,9999
19583,24542,2024-01-02,0,0,9999
19593,24552,2023-07-22,0,0,9999
19594,24554,2024-07-13,0,0,9999
19599,24560,2021-03-28,0,0,9999
19601,24563,2023-01-22,0,1,1119
19601,24565,2019-12-30,0,0,9999
19602,24567,2021-11-16,0,0,9999
19602,24568,2023-05-15,0,1,545
19606,24574,2025-04-08,0,0,9999
19609,24578,2022-09-30,0,0,9999
19620,24590,2026-01-13,0,0,9999
19627,24599,2021-01-24,0,0,9999
19629,24600,2025-05-31,0,1,1152
19629,24602,2022-04-05,0,0,9999
19637,24611,2024-10-27,0,0,9999
19638,24613,2025-05-29,0,0,9999
19639,24615,2024-03-25,0,0,9999
19667,24649,2025-02-07,0,0,9999
19683,24668,2024-12-01,0,1,1080
19683,24670,2021-12-17,0,0,9999
19683,24671,2025-09-01,0,2,274
19684,24672,2023-12-13,0,0,9999
19696,24682,2022-04-11,0,0,9999
19699,24685,2026-01-19,0,0,9999
19716,24700,2020-11-06,0,0,9999
19719,24703,2022-01-25,0,0,9999
19732,24715,2022-07-31,0,0,9999
19736,24719,2022-11-08,0,0,9999
19737,24721,2024-02-14,0,0,9999
19768,24748,2025-07-18,0,0,9999
19774,24753,2025-09-02,0,0,9999
19781,24758,2025-02-26,0,1,18
19781,24759,2025-02-08,1,0,9999
19794,24775,2021-12-09,0,0,9999
19798,24779,2024-11-15,0,0,9999
19809,24795,2021-12-09,0,0,9999
19823,24809,2021-07-14,0,0,9999
19829,24816,2024-02-06,0,0,9999
19831,24818,2025-04-27,0,1,288
19831,24820,2026-01-28,0,2,276
19831,24821,2024-07-13,0,0,9999
19851,24847,2022-10-06,0,0,9999
19851,24848,2024-04-15,0,1,557
19857,24855,2024-12-13,0,0,9999
19861,24862,2024-04-11,0,0,9999
19861,24864,2025-12-09,0,1,607
19863,24865,2020-09-19,0,0,9999
19867,24867,2025-12-06,0,0,9999
19884,24881,2024-02-05,0,0,9999
19886,24885,2022-05-03,0,0,9999
19898,24902,2025-11-16,0,0,9999
19910,24918,2025-09-11,0,0,9999
19916,24922,2025-10-06,0,0,9999
19927,24933,2022-12-31,0,0,9999
19928,24934,2022-06-07,0,0,9999
19929,24935,2025-06-02,0,1,908
19929,24936,2022-12-07,0,0,9999
19936,24945,2023-08-08,0,0,9999
19940,24953,2025-09-20,0,0,9999
19941,24954,2025-01-18,0,0,9999
19947,24962,2021-06-14,0,0,9999
19960,24974,2024-11-04,0,0,9999
20002,25037,2025-12-02,0,0,9999
20005,25043,2025-05-29,0,0,9999
20019,25060,2025-12-07,0,0,9999
20025,25065,2024-04-26,0,0,9999
20035,25078,2023-07-01,0,0,9999
20037,25081,2023-09-07,0,0,9999
20040,25085,2019-11-13,0,0,9999
20040,25086,2025-07-18,0,1,2074
20045,25088,2025-10-17,0,0,9999
20046,25091,2021-12-29,0,0,9999
20051,25099,2022-10-24,0,0,9999
20057,25108,2026-01-12,0,0,9999
20060,25112,2026-01-29,0,0,9999
20061,25113,2022-08-19,0,0,9999
20066,25120,2022-08-21,0,0,9999
20070,25124,2024-07-05,0,0,9999
20070,25125,2025-03-06,0,1,244
20073,25128,2025-12-16,1,0,9999
20073,25129,2025-12-20,0,1,4
20083,25140,2025-08-06,0,0,9999
20092,25149,2020-10-12,0,0,9999
20097,25150,2025-08-26,0,0,9999
20100,25152,2023-02-28,0,0,9999
20101,25154,2022-01-09,0,0,9999
20110,25162,2025-01-30,0,0,9999
20111,25166,2025-12-15,0,0,9999
20128,25183,2024-07-18,0,0,9999
20129,25185,2025-09-24,0,0,9999
20132,25187,2023-09-22,0,0,9999
20145,25198,2021-10-19,0,0,9999
20150,25206,2023-10-30,0,0,9999
20152,25207,2024-08-14,0,0,9999
20154,25208,2022-11-22,0,1,62
20154,25209,2022-09-21,0,0,9999
20156,25212,2025-11-26,0,0,9999
20157,25214,2021-08-01,0,0,9999
20168,25226,2020-04-06,0,0,9999
20170,25228,2025-09-10,0,1,651
20170,25229,2023-11-29,0,0,9999
20173,25232,2025-09-23,0,1,38
20173,25233,2025-08-16,0,0,9999
20174,25234,2022-08-06,0,0,9999
20186,25251,2026-01-08,0,0,9999
20211,25281,2020-03-01,0,0,9999
20221,25301,2024-05-17,0,0,9999
20222,25302,2023-02-01,0,0,9999
20245,25329,2026-01-29,0,0,9999
20246,25331,2026-01-07,0,0,9999
20254,25338,2025-06-26,0,0,9999
20255,25341,2023-05-26,0,0,9999
20268,25353,2025-08-02,0,0,9999
20271,25357,2022-04-13,0,0,9999
20289,25378,2025-10-22,0,0,9999
20301,25390,2025-10-18,0,0,9999
20326,25415,2025-10-27,0,1,289
20326,25416,2025-01-11,0,0,9999
20339,25426,2024-11-20,0,0,9999
20344,25436,2025-12-05,0,0,9999
20352,25447,2023-06-23,0,0,9999
20355,25449,2025-04-20,0,0,9999
20357,25451,2026-01-02,0,0,9999
20359,25453,2023-03-27,0,0,9999
20364,25456,2025-02-16,0,0,9999
20368,25460,2025-11-26,0,0,9999
20387,25487,2025-07-05,0,0,9999
20390,25491,2022-06-10,0,0,9999
20394,25496,2025-12-18,0,0,9999
20400,25505,2024-03-22,0,0,9999
20413,25516,2025-11-10,0,0,9999
20416,25519,2025-07-05,0,0,9999
20429,25534,2025-06-05,0,0,9999
20439,25545,2024-08-30,0,0,9999
20444,25554,2020-02-28,0,0,9999
20446,25556,2023-06-18,0,0,9999
20455,25568,2024-07-04,0,0,9999
20459,25571,2024-09-16,0,0,9999
20463,25574,2024-02-19,0,0,9999
20469,25582,2024-08-28,0,0,9999
20473,25593,2022-08-17,0,0,9999
20483,25602,2025-02-04,0,0,9999
20484,25603,2024-10-13,0,0,9999
20484,25604,2025-05-17,0,1,216
20491,25616,2025-01-06,0,1,308
20491,25617,2024-03-04,0,0,9999
20495,25626,2022-05-25,0,0,9999
20502,25635,2025-01-06,0,0,9999
20506,25638,2026-01-17,0,0,9999
20510,25642,2025-01-14,0,0,9999
20524,25657,2024-02-26,0,0,9999
20547,25682,2022-07-24,0,0,9999
20562,25698,2025-12-06,0,0,9999
20570,25712,2023-09-05,0,0,9999
20582,25729,2021-11-05,0,0,9999
20591,25738,2025-09-26,0,0,9999
20599,25748,2023-08-11,0,0,9999
20601,25750,2024-03-13,0,0,9999
20602,25751,2025-12-22,0,0,9999
20604,25754,2025-08-16,0,0,9999
20605,25755,2026-01-27,0,0,9999
20605,25756,2026-01-27,0,0,9999
20611,25765,2024-09-17,0,0,9999
20613,25767,2026-01-29,0,0,9999
20623,25781,2022-01-29,0,0,9999
20630,25788,2025-10-14,0,0,9999
20636,25796,2025-12-25,0,0,9999
20637,25797,2025-04-02,0,0,9999
20640,25801,2024-06-06,0,0,9999
20648,25813,2019-11-11,0,0,9999
20658,25824,2024-01-11,0,0,9999
20659,25826,2025-08-12,0,0,9999
20671,25840,2023-05-31,0,1,13
20671,25841,2023-05-18,1,0,9999
20678,25847,2024-03-05,0,0,9999
20680,25851,2024-02-15,0,0,9999
20698,25869,2025-11-28,0,0,9999
20709,25882,2025-11-22,0,0,9999
20727,25899,2025-04-06,0,0,9999
20729,25902,2026-01-26,1,0,9999
20729,25904,2026-01-27,0,1,1
20733,25912,2025-11-01,0,0,9999
20734,25916,2026-01-26,0,0,9999
20738,25920,2024-11-05,0,0,9999
20755,25940,2023-09-29,0,0,9999
20786,25966,2023-08-06,0,0,9999
20786,25967,2024-12-11,0,1,493
20786,25969,2025-11-24,0,2,348
20797,25990,2025-06-09,0,0,9999
20800,25992,2021-08-30,0,0,9999
20804,25996,2025-11-17,0,1,667
20804,25997,2024-01-20,0,0,9999
20806,26000,2023-10-03,0,0,9999
20821,26018,2023-05-07,0,0,9999
20822,26019,2025-12-15,0,0,9999
20829,26029,2025-09-29,0,0,9999
20838,26039,2022-04-12,0,0,9999
20838,26042,2024-02-18,0,1,677
20847,26054,2021-04-11,0,0,9999
20848,26056,2025-09-07,0,0,9999
20857,26067,2021-03-24,0,0,9999
20868,26089,2025-02-20,0,0,9999
20870,26091,2022-07-20,0,1,960
20870,26092,2019-12-03,0,0,9999
20885,26108,2025-08-26,0,0,9999
20887,26109,2024-07-21,0,0,9999
20891,26114,2023-05-06,0,0,9999
20891,26115,2024-05-09,0,1,369
20896,26123,2022-06-19,0,0,9999
20899,26129,2023-08-18,0,0,9999
20904,26135,2023-04-06,0,0,9999
20908,26140,2025-01-11,0,0,9999
20927,26160,2022-03-10,0,0,9999
20927,26161,2023-09-29,0,1,568
20927,26162,2024-02-06,0,2,130
20931,26166,2024-10-07,0,0,9999
20932,26168,2025-02-22,0,0,9999
20934,26171,2021-08-29,0,0,9999
20939,26174,2026-01-08,0,0,9999
20945,26179,2023-02-14,0,0,9999
20946,26181,2022-09-03,0,0,9999
20946,26182,2023-03-27,0,1,205
20950,26184,2023-12-02,0,0,9999
20952,26185,2026-01-20,0,0,9999
20957,26190,2025-02-22,0,0,9999
20966,26199,2025-07-30,0,1,104
20966,26200,2025-04-17,0,0,9999
20970,26204,2025-12-06,0,0,9999
20998,26242,2023-05-27,0,0,9999
21011,26256,2025-07-17,0,0,9999
21024,26271,2025-08-01,0,0,9999
21027,26273,2025-09-13,0,0,9999
21029,26274,2023-06-12,0,0,9999
21034,26281,2026-01-14,0,0,9999
21042,26288,2024-08-19,0,0,9999
21065,26312,2024-12-20,0,1,487
21065,26315,2023-08-21,0,0,9999
21067,26316,2024-01-15,0,0,9999
21067,26317,2024-02-21,0,1,37
21078,26326,2022-07-02,0,0,9999
21098,26346,2026-01-27,0,0,9999
21102,26352,2025-04-09,0,0,9999
21104,26354,2024-05-25,0,0,9999
21111,26362,2024-07-15,0,0,9999
21123,26383,2023-06-30,0,0,9999
21140,26399,2024-10-09,0,0,9999
21154,26414,2024-02-12,0,0,9999
21185,26457,2025-04-06,0,0,9999
21200,26477,2023-09-20,0,0,9999
21207,26485,2025-06-19,0,0,9999
21211,26491,2023-08-04,0,0,9999
21212,26493,2024-10-16,0,0,9999
21218,26499,2025-04-03,0,0,9999
21222,26503,2025-12-31,0,0,9999
21225,26510,2025-12-23,0,0,9999
21226,26513,2023-07-10,0,0,9999
21227,26514,2023-03-17,0,0,9999
21232,26520,2021-12-02,0,0,9999
21243,26536,2025-06-16,0,0,9999
21249,26543,2024-10-20,0,0,9999
21250,26544,2024-06-09,0,0,9999
21255,26548,2021-01-20,0,0,9999
21259,26554,2021-10-27,0,0,9999
21260,26556,2024-03-16,0,0,9999
21261,26557,2021-12-18,0,0,9999
21271,26570,2025-01-16,0,0,9999
21272,26571,2024-07-25,0,0,9999
21279,26581,2025-08-06,0,0,9999
21288,26587,2023-12-14,0,0,9999
21324,26624,2024-04-02,0,0,9999
21326,26626,2025-01-25,0,0,9999
21327,26630,2026-01-27,0,0,9999
21339,26640,2025-08-20,0,0,9999
21348,26649,2024-01-15,0,0,9999
21380,26677,2025-11-23,0,0,9999
21382,26679,2020-10-14,0,0,9999
21401,26702,2021-08-12,0,0,9999
21401,26705,2025-12-18,0,1,1589
21411,26713,2025-10-07,0,0,9999
21412,26714,2025-11-27,0,0,9999
21413,26715,2024-08-20,0,0,9999
21425,26728,2020-02-15,0,0,9999
21425,26729,2024-03-05,0,1,1480
21426,26732,2025-06-10,0,0,9999
21427,26733,2020-07-16,0,0,9999
21429,26736,2025-03-31,0,0,9999
21443,26751,2025-11-20,0,0,9999
21454,26762,2025-12-28,0,0,9999
21459,26767,2023-10-29,0,0,9999
21462,26771,2024-06-04,0,0,9999
21467,26778,2025-08-26,0,1,415
21467,26780,2024-07-07,0,0,9999
21474,26786,2025-06-28,0,0,9999
21480,26793,2025-09-08,0,0,9999
21498,26809,2022-11-10,0,0,9999
21504,26813,2025-10-25,0,0,9999
21505,26815,2023-06-17,0,0,9999
21505,26816,2023-10-26,0,1,131
21514,26827,2025-04-20,0,0,9999
21526,26842,2025-01-14,0,0,9999
21527,26845,2022-11-21,0,0,9999
21533,26851,2024-07-23,0,0,9999
21543,26862,2022-05-11,0,0,9999
21543,26863,2024-10-17,0,1,890
21544,26867,2023-12-22,0,0,9999
21547,26872,2025-11-18,0,0,9999
21558,26884,2022-06-15,0,0,9999
21589,26924,2025-09-20,0,0,9999
21592,26928,2025-06-10,0,0,9999
21595,26934,2025-05-17,0,0,9999
21604,26946,2022-12-31,0,0,9999
21632,26981,2021-05-24,0,0,9999
21650,27004,2025-09-02,0,0,9999
21653,27009,2024-10-22,0,0,9999
21661,27016,2026-01-30,0,0,9999
21663,27020,2025-05-25,0,0,9999
21668,27029,2023-04-24,0,0,9999
21669,27030,2023-04-12,0,0,9999
21683,27052,2025-04-06,0,0,9999
21691,27062,2024-07-04,0,0,9999
21700,27075,2023-08-11,0,0,9999
21707,27083,2025-03-28,0,0,9999
21711,27088,2024-12-07,0,0,9999
21713,27089,2025-11-22,0,0,9999
21714,27091,2024-06-01,0,0,9999
21715,27092,2022-03-27,0,0,9999
21740,27125,2023-12-13,0,0,9999
21754,27134,2024-12-06,0,0,9999
21754,27135,2025-08-15,0,2,37
21754,27136,2025-07-09,0,1,215
21756,27140,2025-07-25,0,0,9999
21757,27141,2025-06-29,0,0,9999
21785,27166,2025-10-03,0,0,9999
21815,27203,2026-01-28,0,0,9999
21819,27209,2025-08-16,0,0,9999
21822,27216,2021-04-10,0,0,9999
21825,27219,2023-07-02,0,0,9999
21831,27226,2025-03-25,0,0,9999
21835,27234,2022-06-13,0,0,9999
21844,27251,2025-02-19,0,0,9999
21853,27266,2025-09-12,0,1,11
21853,27267,2025-09-01,1,0,9999
21859,27275,2022-07-17,0,0,9999
21864,27282,2026-01-28,0,0,9999
21866,27287,2022-04-05,0,0,9999
21897,27309,2024-07-06,0,0,9999
21904,27318,2026-01-08,0,0,9999
21905,27319,2019-05-24,0,0,9999
21907,27320,2025-05-03,0,0,9999
21910,27324,2022-02-19,0,0,9999
21912,27326,2024-11-03,0,0,9999
21916,27333,2022-02-26,0,0,9999
21919,27337,2025-12-01,0,0,9999
21924,27343,2025-11-04,0,1,8
21924,27344,2025-10-27,1,0,9999
21926,27345,2023-06-02,0,0,9999
21929,27348,2024-04-30,0,0,9999
21930,27350,2023-01-22,0,0,9999
21934,27354,2023-10-31,0,0,9999
21936,27358,2023-11-09,0,0,9999
21937,27359,2024-08-13,0,0,9999
21956,27386,2024-03-25,0,0,9999
21971,27405,2025-12-25,0,0,9999
21981,27414,2023-08-01,0,0,9999
21984,27419,2025-06-27,0,0,9999
21986,27421,2024-08-25,0,0,9999
21991,27426,2025-10-02,0,0,9999
21999,27435,2024-04-01,0,0,9999
22001,27437,2024-08-11,0,0,9999
22003,27440,2022-07-23,0,0,9999
22007,27443,2025-07-29,0,1,188
22007,27445,2025-01-22,0,0,9999
22008,27447,2020-12-28,0,0,9999
22012,27450,2025-12-06,0,0,9999
22025,27464,2026-01-21,0,0,9999
22035,27478,2022-08-30,0,0,9999
22046,27492,2022-09-17,0,0,9999
22059,27507,2025-08-02,0,0,9999
22086,27542,2024-03-27,0,1,123
22086,27543,2025-11-29,0,2,612
22086,27544,2023-11-25,0,0,9999
22096,27555,2024-12-06,0,0,9999
22099,27560,2024-06-01,0,0,9999
22108,27576,2025-10-18,0,0,9999
22115,27593,2025-12-25,0,0,9999
22116,27596,2025-02-09,0,0,9999
22118,27600,2024-10-30,0,0,9999
22119,27602,2020-11-26,0,0,9999
22134,27619,2025-07-11,0,0,9999
22146,27637,2021-07-02,0,0,9999
22157,27655,2025-03-12,0,0,9999
22159,27659,2022-08-08,0,0,9999
22172,27676,2025-03-17,0,0,9999
22174,27679,2025-04-19,0,0,9999
22176,27682,2023-02-05,0,0,9999
22178,27685,2024-01-16,0,0,9999
22201,27722,2025-09-22,0,0,9999
22206,27730,2025-08-30,0,0,9999
22223,27753,2022-01-09,0,0,9999
22263,27808,2025-11-29,0,0,9999
22265,27811,2025-10-06,0,0,9999
22268,27817,2026-01-14,1,0,9999
22268,27819,2026-01-27,0,1,13
22274,27824,2025-12-05,0,0,9999
22275,27826,2022-04-06,0,0,9999
22291,27845,2024-12-29,0,0,9999
22292,27846,2024-05-18,0,0,9999
22309,27866,2021-01-31,0,1,73
22309,27867,2020-11-19,0,0,9999
22313,27871,2022-05-31,0,0,9999
22318,27877,2026-01-30,0,0,9999
22319,27878,2025-08-20,0,0,9999
22338,27898,2025-07-12,0,0,9999
22340,27902,2024-06-24,0,0,9999
22343,27912,2024-11-12,0,0,9999
22349,27916,2024-05-04,0,0,9999
22349,27918,2024-08-20,0,1,108
22373,27946,2024-07-24,0,0,9999
22376,27948,2025-01-06,0,0,9999
22380,27953,2026-01-21,0,0,9999
22394,27975,2025-11-23,0,0,9999
22399,27983,2019-06-08,0,0,9999
22405,27991,2025-08-30,0,0,9999
22406,27992,2024-07-21,0,0,9999
22410,27997,2025-10-28,0,1,6
22410,27998,2025-10-22,1,0,9999
22451,28040,2024-11-13,0,0,9999
22456,28050,2024-10-29,0,0,9999
22462,28055,2024-12-01,0,0,9999
22467,28058,2023-05-14,0,0,9999
22481,28076,2021-09-27,0,0,9999
22493,28093,2024-03-04,0,0,9999
22498,28100,2022-05-31,0,0,9999
22500,28101,2026-01-29,0,0,9999
22511,28110,2022-12-20,0,0,9999
22511,28111,2025-07-24,0,1,947
22532,28141,2024-11-04,0,0,9999
22533,28142,2025-03-05,0,0,9999
22550,28166,2025-11-10,0,0,9999
22554,28172,2022-09-13,0,0,9999
22558,28175,2025-07-15,0,2,24
22558,28176,2025-06-21,1,1,326
22558,28178,2024-07-30,0,0,9999
22561,28181,2023-09-08,0,0,9999
22563,28182,2021-09-23,0,0,9999
22577,28202,2026-01-29,0,0,9999
22591,28214,2025-10-11,0,0,9999
22596,28221,2026-01-29,0,0,9999
22606,28234,2026-01-29,0,0,9999
22607,28237,2026-01-28,0,1,4
22607,28239,2026-01-24,1,0,9999
22609,28241,2022-05-29,0,0,9999
22611,28245,2023-09-30,0,0,9999
22639,28287,2022-06-21,0,0,9999
22659,28312,2025-11-10,0,0,9999
22668,28321,2024-01-04,0,0,9999
22668,28322,2025-11-18,0,1,684
22687,28346,2021-10-22,0,0,9999
22693,28354,2020-01-23,0,0,9999
22693,28355,2023-09-05,0,2,417
22693,28356,2022-07-15,0,1,904
22693,28357,2024-06-27,0,3,296
22698,28360,2025-10-18,0,0,9999
22700,28362,2025-08-27,0,0,9999
22715,28386,2020-10-26,0,0,9999
22718,28390,2025-07-11,0,0,9999
22725,28397,2024-12-10,0,0,9999
22729,28402,2026-01-26,0,0,9999
22733,28405,2022-05-21,0,0,9999
22734,28406,2024-06-22,0,0,9999
22741,28412,2023-07-12,0,0,9999
22743,28413,2025-12-26,0,1,299
22743,28414,2025-03-02,0,0,9999
22754,28429,2025-09-07,0,0,9999
22755,28431,2024-12-20,0,0,9999
22759,28436,2024-11-04,0,0,9999
22779,28462,2025-03-07,0,0,9999
22781,28464,2025-04-11,0,0,9999
22792,28484,2025-08-01,0,1,212
22792,28485,2025-01-01,0,0,9999
22797,28491,2025-09-11,0,0,9999
22800,28495,2025-09-03,0,0,9999
22815,28508,2025-05-03,0,0,9999
22817,28510,2024-09-27,0,0,9999
22830,28526,2022-08-22,0,0,9999
22833,28532,2025-01-19,0,0,9999
22834,28535,2025-07-21,0,0,9999
22845,28550,2021-02-12,0,0,9999
22854,28560,2025-10-24,0,0,9999
22861,28572,2025-11-26,0,0,9999
22863,28574,2022-08-15,0,0,9999
22863,28576,2024-12-25,0,1,863
22864,28577,2025-12-02,0,0,9999
22867,28585,2026-01-29,0,0,9999
22867,28587,2026-01-29,0,0,9999
22874,28596,2021-03-29,0,0,9999
22876,28600,2023-01-10,0,0,9999
22880,28603,2023-01-15,0,0,9999
22913,28649,2024-05-29,0,0,9999
22914,28652,2022-02-11,0,0,9999
22924,28663,2025-07-13,0,0,9999
22925,28664,2025-04-02,0,0,9999
22948,28702,2024-12-24,0,0,9999
22948,28703,2025-11-20,0,1,331
22959,28717,2025-10-28,0,0,9999
22965,28729,2023-06-19,0,0,9999
22969,28735,2026-01-29,0,0,9999
22975,28738,2025-02-08,0,0,9999
22976,28739,2022-05-26,0,0,9999
22987,28750,2023-12-02,0,0,9999
22994,28759,2025-05-12,1,1,161
22994,28760,2025-05-30,0,2,18
22994,28762,2024-12-02,0,0,9999
23004,28776,2025-05-04,0,0,9999
23012,28783,2023-06-08,0,0,9999
23020,28793,2025-11-06,0,0,9999
23020,28795,2025-12-10,0,1,34
23021,28797,2024-10-31,0,0,9999
23026,28801,2023-07-03,0,0,9999
23030,28803,2025-09-12,0,0,9999
23035,28810,2024-11-05,0,0,9999
23037,28812,2023-04-11,0,0,9999
23085,28872,2025-01-14,0,0,9999
23086,28875,2023-02-09,0,0,9999
23089,28877,2022-01-14,0,0,9999
23102,28892,2024-07-26,0,0,9999
23108,28901,2025-04-05,0,0,9999
23115,28908,2024-05-31,0,1,636
23115,28909,2022-09-03,0,0,9999
23121,28915,2024-07-25,0,0,9999
23125,28921,2025-01-31,0,0,9999
23126,28922,2025-07-24,0,0,9999
23131,28926,2023-01-03,0,0,9999
23134,28929,2025-11-16,0,0,9999
23140,28936,2021-03-24,0,0,9999
23157,28962,2021-06-18,0,0,9999
23161,28971,2025-11-08,0,0,9999
23167,28981,2023-07-18,0,0,9999
23170,28985,2025-07-21,0,0,9999
23181,28998,2021-06-26,0,0,9999
23187,29007,2024-08-01,0,0,9999
23204,29024,2026-01-04,0,0,9999
23223,29047,2025-03-25,0,0,9999
23224,29048,2025-10-08,0,0,9999
23227,29051,2021-06-26,0,0,9999
23242,29067,2025-10-23,0,0,9999
23244,29070,2019-12-25,0,0,9999
23256,29089,2024-09-13,0,0,9999
23259,29093,2025-11-23,0,0,9999
23270,29113,2025-09-12,0,0,9999
23284,29132,2023-12-10,0,0,9999
23290,29142,2026-01-21,0,0,9999
23300,29152,2025-09-07,0,0,9999
23315,29163,2025-05-22,0,0,9999
23320,29168,2025-05-30,0,0,9999
23321,29170,2025-08-13,0,0,9999
23326,29180,2026-01-22,0,0,9999
23333,29187,2025-05-07,0,0,9999
23335,29189,2023-11-24,0,0,9999
23337,29192,2025-07-05,0,0,9999
23339,29195,2021-08-12,0,0,9999
23339,29196,2023-02-22,0,1,559
23342,29198,2023-08-08,0,0,9999
23346,29204,2021-06-01,0,1,367
23346,29205,2020-05-30,0,0,9999
23350,29211,2024-03-04,0,0,9999
23363,29224,2026-01-29,0,0,9999
23373,29232,2026-01-05,0,1,360
23373,29233,2025-01-10,0,0,9999
23380,29242,2026-01-25,0,0,9999
23386,29249,2021-12-22,0,0,9999
23390,29253,2022-05-10,0,0,9999
23392,29255,2023-02-20,0,0,9999
23396,29260,2022-05-14,0,0,9999
23409,29272,2021-09-16,0,0,9999
23414,29280,2024-08-04,0,0,9999
23420,29288,2024-05-26,0,0,9999
23420,29290,2025-02-03,0,1,253
23432,29310,2024-01-19,0,0,9999
23437,29315,2025-10-23,0,0,9999
23459,29339,2022-08-22,0,0,9999
23466,29352,2021-07-10,0,0,9999
23471,29356,2025-08-27,0,0,9999
23479,29366,2022-04-19,0,0,9999
23503,29392,2024-05-10,0,0,9999
23516,29412,2025-11-29,0,0,9999
23520,29416,2026-01-30,0,0,9999
23525,29424,2024-05-13,0,0,9999
23537,29444,2026-01-05,0,1,895
23537,29447,2023-07-25,0,0,9999
23545,29456,2024-02-13,0,0,9999
23550,29460,2025-11-17,1,0,9999
23550,29461,2025-11-22,0,1,5
23554,29470,2024-10-15,0,0,9999
23559,29480,2025-03-02,0,0,9999
23562,29487,2025-12-22,0,0,9999
23573,29500,2022-06-16,0,0,9999
23580,29507,2025-02-04,0,0,9999
23585,29512,2020-04-08,0,0,9999
23585,29513,2024-06-10,0,1,1524
23586,29514,2025-05-12,0,0,9999
23587,29515,2026-01-30,0,0,9999
23587,29516,2026-01-30,0,0,9999
23604,29538,2022-07-25,0,0,9999
23609,29542,2025-12-13,0,0,9999
23613,29545,2026-01-27,0,0,9999
23624,29564,2022-01-07,0,0,9999
23633,29576,2026-01-28,0,0,9999
23654,29600,2024-09-27,0,0,9999
23663,29610,2022-03-08,0,0,9999
23698,29651,2025-03-19,0,0,9999
23710,29667,2024-11-04,0,0,9999
23716,29674,2019-08-24,0,0,9999
23725,29682,2023-12-14,0,0,9999
23733,29692,2024-04-19,0,1,601
23733,29694,2022-08-27,0,0,9999
23735,29697,2025-06-09,0,0,9999
23737,29700,2024-03-28,0,0,9999
23741,29705,2025-02-09,0,0,9999
23743,29708,2022-07-26,0,0,9999
23756,29724,2025-08-28,0,0,9999
23761,29733,2025-12-16,0,0,9999
23763,29735,2024-04-10,0,0,9999
23768,29741,2024-12-23,0,0,9999
23779,29757,2024-02-11,0,0,9999
23782,29761,2024-06-06,0,0,9999
23796,29777,2025-05-25,0,0,9999
23808,29787,2024-07-29,0,0,9999
23808,29788,2025-10-06,0,1,434
23814,29794,2024-03-26,1,0,9999
23814,29795,2024-03-30,0,1,4
23819,29799,2025-04-12,0,1,247
23819,29800,2024-08-08,0,0,9999
23820,29802,2021-06-08,0,0,9999
23826,29810,2023-10-31,0,0,9999
23827,29811,2025-11-04,0,0,9999
23837,29825,2025-12-13,0,0,9999
23842,29830,2021-11-03,0,0,9999
23857,29847,2025-12-28,0,0,9999
23873,29862,2026-01-10,0,0,9999
23877,29866,2024-11-19,0,0,9999
23899,29892,2025-06-06,0,0,9999
23905,29899,2026-01-30,0,0,9999
23914,29910,2023-07-22,0,0,9999
23916,29913,2020-11-17,0,0,9999
23917,29914,2024-03-19,0,0,9999
23917,29917,2024-09-19,0,1,184
23924,29921,2020-02-29,0,0,9999
23934,29933,2023-09-04,0,0,9999
23935,29934,2026-01-20,0,1,322
23935,29935,2025-03-04,0,0,9999
23938,29940,2021-11-04,0,1,334
23938,29941,2020-12-05,0,0,9999
23938,29943,2025-01-24,0,2,1177
23943,29948,2025-10-27,0,0,9999
23949,29955,2025-12-11,0,0,9999
23976,29982,2024-03-11,0,0,9999
23977,29985,2020-07-08,0,0,9999
23981,29993,2024-11-29,0,0,9999
23985,29997,2025-12-25,0,0,9999
23987,29998,2022-06-20,0,0,9999
23997,30016,2020-07-13,0,0,9999
23997,30017,2023-04-19,0,1,1010
23997,30018,2025-11-18,0,2,944
23999,30020,2025-08-06,0,0,9999
24000,30022,2025-05-19,0,0,9999
24012,30039,2022-02-05,0,0,9999
24013,30043,2022-01-10,0,0,9999
24030,30061,2025-12-29,0,0,9999
24052,30088,2021-11-30,0,0,9999
24053,30091,2024-06-07,0,0,9999
24057,30097,2023-06-04,0,0,9999
24070,30116,2022-10-19,0,0,9999
24075,30124,2025-12-15,0,0,9999
24090,30141,2023-07-11,0,1,750
24090,30143,2021-06-21,0,0,9999
24111,30165,2024-03-30,0,0,9999
24112,30166,2023-05-08,0,0,9999
24120,30180,2025-11-03,0,0,9999
24126,30185,2026-01-22,0,0,9999
24136,30193,2024-11-26,0,0,9999
24141,30198,2020-08-10,0,0,9999
24141,30199,2022-07-29,0,1,718
24145,30204,2021-10-25,0,0,9999
24158,30228,2025-10-05,0,0,9999
24170,30242,2025-02-12,0,0,9999
24176,30248,2025-12-04,0,0,9999
24180,30258,2025-09-04,0,0,9999
24185,30267,2025-12-23,0,0,9999
24189,30273,2021-09-09,0,0,9999
24194,30282,2025-12-22,0,0,9999
24200,30287,2020-11-14,0,0,9999
24202,30289,2021-07-19,0,0,9999
24203,30291,2023-12-17,0,0,9999
24210,30302,2026-01-15,0,0,9999
24221,30319,2022-06-09,0,0,9999
24224,30322,2022-11-12,0,0,9999
24232,30329,2025-03-15,0,0,9999
24235,30337,2025-01-10,0,0,9999
24244,30346,2022-01-05,0,0,9999
24257,30363,2025-04-02,0,1,208
24257,30364,2024-09-06,0,0,9999
24260,30368,2021-09-18,0,0,9999
24275,30383,2025-09-08,0,0,9999
24278,30385,2024-02-18,0,0,9999
24279,30386,2025-05-08,0,0,9999
24295,30407,2025-10-10,0,0,9999
24302,30411,2023-06-03,0,0,9999
24316,30434,2024-10-04,0,0,9999
24319,30441,2024-11-12,0,0,9999
24321,30443,2025-12-26,0,1,1
24321,30444,2025-12-25,1,0,9999
24323,30448,2022-09-07,0,0,9999
24326,30452,2025-04-19,0,0,9999
24330,30455,2023-04-13,0,0,9999
24336,30463,2024-09-04,0,0,9999
24336,30464,2026-01-25,0,1,508
24339,30468,2022-08-28,0,0,9999
24343,30474,2025-01-10,0,0,9999
24344,30475,2020-08-18,0,0,9999
24354,30485,2021-12-28,0,0,9999
24357,30488,2021-03-31,0,0,9999
24357,30489,2021-09-22,0,1,175
24363,30497,2025-08-17,0,0,9999
24374,30510,2025-03-23,0,0,9999
24377,30512,2025-10-17,0,0,9999
24380,30519,2025-09-30,0,0,9999
24384,30526,2026-01-29,0,0,9999
24385,30530,2023-11-22,0,0,9999
24387,30533,2024-05-29,0,0,9999
24411,30567,2021-08-01,0,0,9999
24422,30582,2024-02-07,0,0,9999
24456,30619,2024-12-10,0,0,9999
24466,30637,2025-04-28,0,0,9999
24479,30652,2025-09-14,0,0,9999
24519,30695,2025-03-18,0,0,9999
24520,30698,2025-08-02,0,0,9999
24525,30704,2023-10-13,0,0,9999
24538,30718,2025-07-24,0,0,9999
24562,30749,2025-07-12,0,0,9999
24565,30754,2025-09-24,0,0,9999
24566,30755,2024-01-19,0,0,9999
24569,30761,2025-12-14,0,0,9999
24588,30780,2025-08-19,0,0,9999
24595,30795,2022-02-23,0,0,9999
24601,30803,2024-05-06,0,0,9999
24610,30814,2025-10-31,0,1,73
24610,30817,2025-08-19,0,0,9999
24612,30818,2021-04-22,0,0,9999
24629,30841,2025-01-19,0,0,9999
24629,30842,2025-11-15,0,1,300
24631,30846,2024-08-02,0,0,9999
24633,30849,2023-09-13,0,0,9999
24642,30858,2024-05-05,0,0,9999
24647,30866,2024-07-06,0,0,9999
24653,30874,2024-05-28,0,0,9999
24658,30882,2025-11-07,0,0,9999
24661,30889,2025-10-01,0,0,9999
24676,30906,2024-11-12,0,0,9999
24677,30907,2025-07-01,0,0,9999
24678,30908,2023-08-03,0,0,9999
24687,30919,2025-10-31,0,0,9999
24688,30921,2024-03-15,0,0,9999
24697,30932,2024-01-16,0,0,9999
24709,30944,2023-08-06,0,0,9999
24710,30947,2025-07-12,0,0,9999
24718,30959,2024-11-01,0,0,9999
24721,30965,2024-01-09,0,0,9999
24723,30967,2024-10-09,0,0,9999
24738,30988,2025-09-15,0,0,9999
24741,30991,2026-01-16,0,0,9999
24760,31008,2021-04-03,0,0,9999
24769,31023,2024-10-08,0,0,9999
24779,31031,2024-12-29,0,0,9999
24795,31046,2019-11-18,0,0,9999
24801,31054,2025-01-19,0,0,9999
24807,31062,2024-09-09,0,0,9999
24813,31067,2025-11-23,0,0,9999
24825,31080,2020-06-19,0,0,9999
24829,31084,2024-06-10,0,0,9999
24848,31107,2024-07-02,0,0,9999
24852,31109,2025-04-24,0,0,9999
24872,31132,2024-09-10,0,0,9999
24875,31136,2024-02-15,0,0,9999
24875,31137,2024-12-08,0,1,297
24891,31159,2025-11-20,0,0,9999
24893,31163,2025-08-22,0,0,9999
24896,31167,2022-11-26,0,0,9999
24910,31183,2023-07-11,0,0,9999
24911,31185,2024-05-26,0,0,9999
24928,31205,2024-08-24,0,0,9999
24933,31211,2022-08-04,0,0,9999
24933,31212,2023-11-29,0,1,482
24934,31215,2022-08-07,0,0,9999
24937,31217,2022-09-04,0,0,9999
24940,31221,2024-07-05,0,0,9999
24943,31226,2025-01-01,0,0,9999
24947,31230,2025-05-23,0,0,9999
24948,31231,2025-12-13,0,0,9999
24969,31249,2025-08-14,0,0,9999
24972,31253,2025-12-24,0,0,9999
24978,31260,2020-07-07,0,0,9999
24985,31268,2023-09-21,0,0,9999
24986,31270,2025-10-09,0,0,9999
24987,31271,2025-09-30,0,0,9999
25023,31309,2026-01-02,0,0,9999
25029,31318,2025-03-17,0,0,9999
25032,31321,2025-03-02,0,0,9999
25033,31323,2026-01-02,0,0,9999
25039,31335,2025-10-08,0,1,50
25039,31336,2025-08-19,0,0,9999
25042,31343,2025-08-03,0,0,9999
25045,31347,2025-02-02,0,0,9999
25053,31358,2025-07-30,0,0,9999
25067,31370,2025-07-26,0,0,9999
25067,31372,2025-12-18,0,1,145
25079,31384,2026-01-12,0,0,9999
25080,31388,2025-02-05,0,0,9999
25081,31392,2025-12-07,0,0,9999
25082,31393,2025-08-31,0,0,9999
25084,31394,2025-11-20,0,0,9999
25087,31400,2022-12-14,0,0,9999
25087,31401,2023-01-27,0,1,44
25092,31404,2025-03-25,0,0,9999
25094,31407,2025-07-27,0,0,9999
25114,31428,2024-08-16,0,0,9999
25122,31437,2020-12-14,0,0,9999
25134,31453,2021-09-22,0,0,9999
25135,31454,2026-01-09,0,1,447
25135,31457,2024-10-19,0,0,9999
25141,31461,2024-05-10,0,0,9999
25143,31465,2025-06-19,0,0,9999
25144,31467,2025-03-03,0,0,9999
25161,31490,2024-09-16,0,0,9999
25164,31496,2025-04-23,0,0,9999
25174,31505,2025-11-14,0,0,9999
25179,31513,2023-12-24,0,0,9999
25182,31517,2021-07-11,0,0,9999
25192,31529,2025-08-03,0,0,9999
25195,31534,2024-10-12,0,0,9999
25197,31537,2025-10-12,0,0,9999
25198,31540,2024-12-02,0,0,9999
25199,31541,2025-04-21,0,0,9999
25204,31545,2022-05-23,0,0,9999
25213,31555,2022-07-18,0,0,9999
25216,31560,2025-10-13,0,0,9999
25226,31573,2025-10-06,0,0,9999
25231,31577,2023-11-09,0,0,9999
25237,31586,2025-05-31,0,1,13
25237,31588,2025-05-18,1,0,9999
25239,31591,2024-02-28,0,0,9999
25241,31594,2025-12-29,0,0,9999
25243,31597,2023-05-06,0,0,9999
25250,31610,2025-05-28,0,0,9999
25258,31621,2024-01-08,0,0,9999
25268,31635,2024-02-18,0,0,9999
25269,31636,2022-08-27,0,0,9999
25287,31653,2025-10-07,0,0,9999
25307,31679,2025-12-09,1,0,9999
25307,31680,2025-12-14,0,1,5
25309,31681,2025-12-24,0,0,9999
25317,31689,2022-08-29,0,0,9999
25325,31697,2021-03-28,0,0,9999
25327,31698,2025-04-28,0,0,9999
25330,31701,2025-11-27,0,0,9999
25331,31702,2022-05-20,0,0,9999
25337,31711,2021-07-30,0,0,9999
25340,31715,2020-06-17,0,0,9999
25340,31716,2023-06-26,0,2,795
25340,31717,2021-04-22,0,1,309
25353,31738,2025-09-25,0,0,9999
25356,31741,2024-08-25,0,0,9999
25372,31762,2020-11-11,0,0,9999
25390,31783,2025-02-01,0,0,9999
25393,31788,2025-03-29,0,0,9999
25403,31801,2023-09-10,0,0,9999
25409,31807,2023-06-10,0,0,9999
25410,31808,2022-08-21,0,0,9999
25421,31820,2024-11-09,0,0,9999
25427,31829,2024-09-20,0,0,9999
25430,31835,2025-10-07,0,0,9999
25462,31875,2026-01-30,0,0,9999
25462,31876,2026-01-30,0,0,9999
25469,31887,2020-08-20,0,0,9999
25478,31900,2025-12-19,0,0,9999
25479,31903,2025-09-06,0,0,9999
25482,31908,2025-06-14,0,0,9999
25502,31932,2021-08-18,0,0,9999
25503,31933,2024-09-02,0,0,9999
25508,31940,2022-03-15,0,0,9999
25512,31945,2025-10-27,0,0,9999
25515,31946,2021-02-19,0,0,9999
25518,31951,2022-08-20,0,0,9999
25534,31976,2025-10-21,0,0,9999
25537,31979,2024-05-17,0,0,9999
25541,31986,2022-08-15,0,1,229
25541,31987,2021-12-29,0,0,9999
25543,31993,2024-10-10,0,0,9999
25545,31997,2021-10-04,0,0,9999
25570,32029,2024-05-01,0,0,9999
25576,32037,2023-12-11,0,0,9999
25581,32043,2022-04-03,0,0,9999
25582,32045,2023-07-14,0,0,9999
25583,32047,2025-11-21,0,0,9999
25584,32048,2023-10-28,0,0,9999
25593,32062,2023-10-10,0,0,9999
25608,32076,2026-01-08,0,0,9999
25620,32092,2022-03-12,0,0,9999
25627,32102,2024-07-25,0,0,9999
25636,32109,2025-03-27,0,0,9999
25642,32118,2024-09-10,0,0,9999
25682,32167,2021-11-18,0,0,9999
25687,32173,2026-01-28,0,0,9999
25689,32175,2025-12-28,0,0,9999
25692,32179,2025-09-15,0,0,9999
25696,32186,2024-06-28,0,0,9999
25701,32192,2024-03-10,0,0,9999
25707,32197,2025-06-13,0,0,9999
25721,32209,2024-08-22,0,0,9999
25727,32218,2026-01-14,0,0,9999
25731,32224,2025-05-20,0,0,9999
25734,32229,2023-08-19,0,0,9999
25743,32236,2023-03-06,0,0,9999
25745,32240,2022-05-19,0,1,190
25745,32241,2021-11-10,0,0,9999
25754,32250,2020-03-11,0,0,9999
25757,32255,2021-02-10,0,0,9999
25760,32260,2025-12-17,0,1,306
25760,32261,2025-02-14,0,0,9999
25775,32281,2025-07-10,0,0,9999
25783,32286,2024-03-19,0,0,9999
25791,32295,2022-08-07,0,0,9999
25794,32299,2025-05-26,0,0,9999
25810,32314,2022-02-27,0,0,9999
25813,32316,2022-08-15,0,0,9999
25820,32327,2024-06-18,0,0,9999
25826,32334,2022-02-13,0,0,9999
25839,32345,2025-04-30,0,1,93
25839,32348,2025-01-27,0,0,9999
25860,32372,2025-12-22,0,1,165
25860,32373,2025-07-10,0,0,9999
25862,32374,2025-10-28,0,0,9999
25863,32375,2022-12-30,0,0,9999
25876,32387,2025-05-20,0,1,523
25876,32390,2023-12-14,0,0,9999
25891,32412,2024-01-28,0,0,9999
25905,32431,2025-12-02,0,0,9999
25918,32449,2023-10-09,0,0,9999
25919,32452,2024-04-06,0,0,9999
25926,32460,2021-11-26,0,0,9999
25934,32470,2022-12-25,0,0,9999
25936,32472,2025-10-07,0,0,9999
25939,32480,2025-04-04,0,0,9999
25942,32483,2021-02-18,0,0,9999
25946,32487,2025-01-25,0,0,9999
25946,32488,2025-09-18,0,1,236
25948,32492,2025-12-13,0,0,9999
25951,32495,2024-06-06,0,0,9999
25955,32500,2025-04-29,0,0,9999
25984,32535,2025-12-29,0,0,9999
25988,32540,2025-02-27,0,0,9999
25992,32544,2025-05-27,0,0,9999
25995,32547,2020-06-24,0,0,9999
25999,32550,2023-10-20,0,0,9999
26000,32553,2025-07-19,0,0,9999
26008,32560,2025-05-23,0,0,9999
26054,32603,2026-01-04,0,0,9999
26059,32611,2024-01-08,0,0,9999
26071,32626,2026-01-21,0,3,39
26071,32627,2025-12-13,0,2,103
26071,32628,2025-09-01,0,1,14
26071,32629,2025-08-18,1,0,9999
26073,32632,2025-11-23,0,0,9999
26078,32642,2023-05-22,0,0,9999
26078,32643,2026-01-28,0,1,982
26081,32647,2020-11-15,0,0,9999
26103,32673,2024-07-24,0,0,9999
26113,32688,2023-07-13,0,0,9999
26130,32712,2025-12-09,0,0,9999
26131,32713,2023-09-30,0,0,9999
26132,32714,2025-11-14,0,0,9999
26147,32737,2024-12-17,0,0,9999
26151,32746,2025-12-29,0,1,693
26151,32747,2024-02-05,0,0,9999
26154,32750,2025-09-26,0,0,9999
26160,32755,2025-05-24,0,1,285
26160,32756,2024-08-12,0,0,9999
26164,32760,2025-01-11,0,0,9999
26173,32771,2025-05-31,0,0,9999
26173,32772,2025-07-21,0,1,51
26178,32774,2022-02-21,0,0,9999
26184,32780,2026-01-29,0,0,9999
26192,32786,2019-10-12,0,0,9999
26197,32794,2026-01-01,0,0,9999
26221,32821,2025-01-21,0,0,9999
26226,32829,2025-03-27,0,0,9999
26234,32836,2022-08-23,0,0,9999
26237,32838,2025-09-27,0,0,9999
26239,32840,2025-07-05,0,0,9999
26240,32841,2024-07-11,0,0,9999
26257,32859,2023-10-09,0,0,9999
26269,32879,2021-12-27,0,0,9999
26289,32904,2022-03-26,0,0,9999
26300,32921,2023-07-18,0,0,9999
26310,32930,2024-08-11,0,0,9999
26316,32941,2025-12-18,0,0,9999
26326,32955,2024-05-03,0,0,9999
26353,32991,2025-11-05,0,0,9999
26362,32999,2025-06-13,0,0,9999
26365,33001,2025-12-21,0,0,9999
26387,33021,2021-11-07,0,0,9999
26402,33041,2025-06-09,0,0,9999
26402,33042,2025-11-12,0,2,111
26402,33044,2025-07-24,0,1,45
26403,33045,2025-12-19,0,0,9999
26419,33062,2025-12-25,0,1,22
26419,33063,2025-12-03,1,0,9999
26431,33074,2025-10-22,0,0,9999
26435,33078,2025-09-20,0,0,9999
26442,33089,2024-12-17,0,0,9999
26452,33102,2024-09-22,0,0,9999
26453,33103,2025-03-11,0,0,9999
26455,33106,2024-04-14,0,0,9999
26458,33109,2024-10-09,0,0,9999
26487,33144,2025-12-23,0,0,9999
26488,33149,2025-04-28,0,0,9999
26489,33151,2022-03-15,0,0,9999
26489,33152,2024-11-21,0,1,982
26511,33178,2025-11-21,0,0,9999
26521,33187,2025-08-29,0,0,9999
26523,33191,2023-04-01,0,0,9999
26528,33198,2024-10-20,0,0,9999
26530,33202,2025-11-04,0,0,9999
26531,33203,2025-04-03,0,0,9999
26532,33204,2026-01-01,0,0,9999
26534,33205,2023-01-12,0,0,9999
26539,33214,2024-08-04,0,0,9999
26541,33220,2025-11-10,0,0,9999
26543,33223,2025-11-11,0,0,9999
26548,33231,2026-01-30,0,0,9999
26551,33235,2025-03-17,0,0,9999
26556,33240,2022-05-16,0,0,9999
26579,33260,2026-01-19,0,0,9999
26588,33273,2025-10-18,0,0,9999
26589,33276,2025-03-08,0,0,9999
26602,33293,2025-06-24,0,0,9999
26615,33305,2026-01-29,0,0,9999
26622,33315,2024-05-01,0,0,9999
26634,33332,2024-11-18,0,0,9999
26638,33336,2021-12-01,0,0,9999
26656,33352,2026-01-01,0,0,9999
26666,33358,2025-12-17,0,0,9999
26675,33369,2025-04-22,0,0,9999
26688,33393,2025-03-30,0,0,9999
26693,33398,2023-05-27,0,0,9999
26695,33403,2026-01-22,0,0,9999
26700,33410,2025-09-28,0,0,9999
26705,33420,2022-12-24,0,0,9999
26715,33434,2025-08-01,0,1,42
26715,33435,2025-06-20,0,0,9999
26737,33458,2023-03-05,0,0,9999
26738,33459,2026-01-29,0,0,9999
26744,33464,2024-02-13,0,0,9999
26748,33468,2025-11-20,0,0,9999
26753,33475,2023-04-29,0,0,9999
26753,33476,2024-07-02,0,1,430
26761,33488,2022-10-20,0,0,9999
26778,33504,2025-11-18,0,0,9999
26786,33512,2024-05-10,0,0,9999
26794,33521,2025-11-18,0,0,9999
26799,33525,2021-02-25,0,0,9999
26802,33526,2025-07-19,0,0,9999
26817,33542,2021-03-26,0,0,9999
26820,33545,2025-08-19,0,0,9999
26821,33546,2021-12-21,0,0,9999
26840,33569,2026-01-08,0,0,9999
26843,33577,2025-01-31,0,0,9999
26846,33581,2025-01-10,0,1,441
26846,33582,2023-10-27,0,0,9999
26851,33588,2024-10-18,0,0,9999
26870,33608,2025-11-03,0,0,9999
26875,33612,2025-09-14,0,0,9999
26877,33614,2023-10-10,0,0,9999
26877,33617,2023-12-23,0,1,74
26885,33624,2022-08-15,0,0,9999
26890,33630,2026-01-25,0,0,9999
26904,33641,2026-01-02,0,0,9999
26908,33645,2023-09-18,0,0,9999
26913,33652,2021-03-13,0,0,9999
26921,33665,2025-03-30,0,0,9999
26942,33686,2023-10-15,0,0,9999
26948,33695,2025-06-03,0,0,9999
26955,33701,2025-10-17,0,0,9999
26960,33707,2023-08-24,0,0,9999
26970,33724,2025-12-03,0,0,9999
26974,33728,2020-05-23,0,0,9999
26984,33740,2025-10-04,0,0,9999
26992,33745,2024-07-27,0,0,9999
27002,33755,2021-07-13,0,0,9999
27007,33765,2026-01-27,0,0,9999
27011,33774,2025-11-08,0,0,9999
27022,33782,2025-09-23,0,0,9999
27029,33790,2022-01-30,0,0,9999
27061,33832,2023-12-03,0,0,9999
27064,33836,2023-08-07,0,0,9999
27070,33844,2023-04-05,0,0,9999
27071,33845,2026-01-21,0,0,9999
27088,33866,2025-05-26,0,0,9999
27097,33877,2025-02-04,1,0,9999
27097,33878,2025-02-26,0,1,22
27106,33892,2021-12-23,0,0,9999
27113,33900,2024-02-10,0,0,9999
27126,33914,2025-09-13,0,0,9999
27143,33936,2025-10-29,0,0,9999
27147,33938,2022-12-13,0,0,9999
27150,33941,2026-01-27,0,0,9999
27151,33942,2023-11-25,0,0,9999
27156,33952,2026-01-05,0,0,9999
27158,33953,2024-03-11,0,0,9999
27160,33955,2024-04-10,0,0,9999
27162,33959,2021-04-23,0,0,9999
27166,33965,2025-09-30,0,0,9999
27173,33972,2023-01-04,0,0,9999
27176,33975,2023-10-12,0,0,9999
27178,33977,2024-12-13,0,0,9999
27178,33979,2026-01-01,0,1,384
27179,33982,2023-11-03,0,0,9999
27182,33987,2025-05-05,0,0,9999
27184,33991,2020-09-08,0,0,9999
27187,33992,2023-06-10,0,0,9999
27193,34003,2023-09-20,0,0,9999
27221,34031,2025-06-22,0,0,9999
27235,34047,2023-04-26,0,0,9999
27235,34048,2024-03-28,0,1,337
27245,34056,2024-10-28,0,0,9999
27248,34064,2026-01-17,0,0,9999
27253,34071,2024-05-09,0,0,9999
27253,34072,2024-08-11,0,1,94
27266,34088,2024-10-01,0,0,9999
27280,34107,2022-11-06,0,0,9999
27286,34112,2024-05-27,0,0,9999
27290,34119,2024-06-28,0,0,9999
27291,34122,2025-11-26,0,0,9999
27293,34125,2026-01-17,0,0,9999
27294,34127,2025-10-05,0,0,9999
27306,34141,2023-06-04,0,0,9999
27314,34154,2024-10-09,0,0,9999
27320,34161,2023-07-14,0,0,9999
27340,34182,2020-08-29,0,0,9999
27346,34193,2022-09-05,0,0,9999
27360,34210,2021-10-22,0,0,9999
27360,34211,2025-03-08,0,1,1233
27390,34249,2022-10-09,0,0,9999
27390,34250,2022-11-23,0,1,45
27394,34255,2025-02-15,0,0,9999
27394,34256,2025-03-20,0,1,33
27406,34268,2021-04-14,0,0,9999
27412,34272,2024-10-02,0,0,9999
27417,34282,2024-10-16,0,0,9999
27421,34289,2026-01-14,0,0,9999
27424,34292,2025-02-12,0,0,9999
27429,34300,2025-11-14,0,0,9999
27432,34302,2025-12-14,0,0,9999
27435,34309,2025-12-22,0,0,9999
27443,34315,2026-01-29,0,0,9999
27444,34318,2025-11-13,0,0,9999
27445,34320,2025-08-03,0,0,9999
27452,34330,2025-04-02,1,0,9999
27452,34331,2025-04-11,0,1,9
27461,34339,2021-05-23,0,0,9999
27462,34341,2020-09-11,0,0,9999
27469,34347,2025-06-14,0,0,9999
27474,34353,2025-05-28,0,0,9999
27479,34359,2025-03-14,0,0,9999
27485,34366,2024-12-04,0,0,9999
27495,34375,2025-05-22,0,0,9999
27506,34391,2026-01-21,0,0,9999
27525,34414,2026-01-30,0,0,9999
27529,34423,2024-05-13,0,0,9999
27534,34430,2025-10-03,0,1,300
27534,34431,2024-12-07,0,0,9999
27535,34432,2022-03-15,0,1,903
27535,34433,2019-09-24,0,0,9999
27542,34442,2024-04-06,0,0,9999
27543,34444,2026-01-04,0,0,9999
27555,34458,2024-07-14,0,0,9999
27573,34478,2024-05-28,0,0,9999
27574,34479,2025-11-02,0,0,9999
27583,34492,2025-04-28,0,0,9999
27584,34494,2023-12-16,0,0,9999
27606,34518,2025-09-12,0,0,9999
27619,34536,2024-05-10,0,0,9999
27624,34539,2026-01-02,0,0,9999
27634,34557,2024-05-11,0,0,9999
27648,34575,2021-07-09,0,0,9999
27649,34576,2025-01-12,0,0,9999
27656,34584,2026-01-30,0,0,9999
27658,34585,2023-02-07,0,0,9999
27662,34588,2025-07-08,0,0,9999
27667,34592,2025-08-26,0,0,9999
27674,34603,2026-01-22,0,0,9999
27678,34608,2025-07-08,0,0,9999
27682,34611,2025-05-16,0,0,9999
27683,34615,2025-12-20,0,0,9999
27693,34627,2023-03-28,0,0,9999
27709,34646,2025-06-12,0,0,9999
27715,34653,2025-08-04,0,0,9999
27716,34654,2025-10-06,0,0,9999
27724,34662,2025-09-18,0,0,9999
27726,34664,2019-11-28,0,0,9999
27737,34678,2025-08-01,0,0,9999
27739,34680,2025-06-10,0,0,9999
27745,34688,2025-02-24,0,1,98
27745,34689,2024-11-18,0,0,9999
27753,34700,2025-12-30,0,0,9999
27764,34717,2025-12-10,0,0,9999
27787,34737,2025-08-20,0,0,9999
27794,34744,2024-08-10,0,0,9999
27798,34750,2025-12-29,0,0,9999
27805,34757,2020-12-03,0,0,9999
27809,34762,2024-06-04,0,0,9999
27810,34764,2025-08-31,0,1,662
27810,34766,2023-11-08,0,0,9999
27833,34797,2019-09-25,0,0,9999
27833,34798,2022-12-29,0,1,1191
27836,34803,2025-07-01,0,0,9999
27841,34812,2026-01-26,0,0,9999
27844,34818,2025-10-02,0,0,9999
27849,34824,2021-09-03,0,0,9999
27857,34836,2022-12-08,0,0,9999
27859,34837,2025-11-13,0,0,9999
27890,34871,2025-06-23,0,0,9999
27899,34886,2023-01-30,0,0,9999
27931,34927,2025-09-24,0,1,590
27931,34928,2024-02-12,0,0,9999
27942,34939,2022-04-21,0,0,9999
27950,34944,2025-10-25,0,0,9999
27969,34962,2022-08-30,0,0,9999
27971,34964,2026-01-13,0,0,9999
27982,34973,2025-08-01,0,0,9999
27982,34974,2025-10-04,0,1,64
27983,34975,2022-02-03,0,0,9999
27986,34979,2025-07-18,0,0,9999
27993,34984,2020-01-07,0,0,9999
27997,34991,2025-09-10,0,1,2156
27997,34992,2019-10-16,0,0,9999
27999,34994,2025-02-22,0,0,9999
28001,34999,2026-01-26,0,0,9999
28016,35019,2023-05-09,0,0,9999
28022,35023,2024-10-30,0,0,9999
28031,35034,2024-08-16,0,0,9999
28040,35043,2026-01-29,0,0,9999
28052,35057,2026-01-11,0,0,9999
28063,35074,2024-08-07,0,0,9999
28081,35092,2025-06-30,0,1,235
28081,35093,2024-11-07,0,0,9999
28085,35098,2022-05-20,0,0,9999
28089,35104,2022-08-18,0,0,9999
28097,35112,2026-01-30,0,0,9999
28107,35117,2024-03-19,0,1,137
28107,35120,2023-11-03,0,0,9999
28113,35129,2025-10-23,0,0,9999
28115,35134,2026-01-24,0,0,9999
28116,35137,2026-01-24,0,0,9999
28118,35143,2024-12-09,0,0,9999
28128,35153,2024-05-13,0,0,9999
28142,35170,2022-03-25,0,0,9999
28198,35240,2022-07-07,0,0,9999
28203,35246,2025-03-15,0,0,9999
28207,35250,2020-02-17,0,0,9999
28220,35260,2025-02-18,0,0,9999
28225,35268,2025-08-18,0,0,9999
28230,35274,2025-11-25,0,0,9999
28248,35291,2025-08-11,0,0,9999
28258,35304,2025-08-07,0,0,9999
28271,35324,2020-12-31,0,0,9999
28271,35325,2022-04-29,0,2,195
28271,35326,2021-10-16,0,1,289
28277,35330,2020-08-18,0,0,9999
28281,35334,2024-03-24,0,0,9999
28286,35347,2021-07-15,0,0,9999
28288,35350,2025-08-29,0,0,9999
28305,35369,2025-08-23,0,0,9999
28305,35371,2025-10-08,0,1,46
28305,35372,2026-01-06,0,2,90
28320,35391,2025-12-23,0,0,9999
28323,35394,2023-04-04,0,0,9999
28327,35400,2025-04-10,0,0,9999
28331,35408,2024-03-18,0,0,9999
28335,35414,2024-08-30,0,0,9999
28337,35416,2025-02-03,0,0,9999
28348,35431,2024-11-04,0,0,9999
28354,35441,2024-06-27,0,0,9999
28357,35443,2024-08-05,0,0,9999
28360,35447,2025-12-09,0,0,9999
28362,35450,2023-01-06,0,0,9999
28365,35452,2024-12-18,0,0,9999
28371,35457,2025-08-25,0,0,9999
28381,35471,2020-09-02,0,0,9999
28390,35482,2024-06-05,0,0,9999
28400,35490,2025-04-11,0,0,9999
28404,35494,2023-09-23,0,0,9999
28415,35504,2020-08-05,0,0,9999
28434,35526,2024-02-13,0,0,9999
28434,35527,2024-04-11,0,1,58
28441,35541,2025-02-23,0,0,9999
28458,35568,2019-07-30,0,0,9999
28461,35573,2025-10-03,0,0,9999
28473,35583,2025-01-23,0,0,9999
28479,35589,2025-05-27,0,0,9999
28483,35600,2024-03-05,0,0,9999
28494,35611,2025-05-16,0,0,9999
28496,35615,2025-09-06,0,0,9999
28499,35620,2026-01-09,0,0,9999
28535,35668,2021-07-27,0,0,9999
28546,35685,2024-04-02,0,0,9999
28549,35693,2026-01-28,0,0,9999
28553,35698,2025-07-07,0,0,9999
28557,35706,2024-04-12,0,0,9999
28558,35709,2024-05-24,0,0,9999
28560,35711,2025-10-02,0,0,9999
28563,35716,2024-12-20,0,0,9999
28567,35722,2025-09-26,0,0,9999
28572,35729,2020-06-12,0,0,9999
28597,35757,2025-09-28,0,2,1494
28597,35759,2020-12-05,0,0,9999
28597,35760,2021-08-26,0,1,264
28606,35772,2023-07-17,0,0,9999
28618,35790,2024-07-30,0,0,9999
28623,35798,2022-08-10,0,0,9999
28627,35808,2024-07-25,0,0,9999
28633,35817,2024-02-19,0,0,9999
28633,35819,2024-06-19,0,1,121
28668,35852,2025-10-13,0,0,9999
28668,35853,2026-01-01,0,1,80
28669,35856,2024-03-19,0,0,9999
28673,35861,2022-12-28,0,0,9999
28677,35869,2023-04-23,0,0,9999
28679,35870,2025-09-09,0,0,9999
28681,35875,2026-01-02,0,0,9999
28685,35880,2024-11-30,0,0,9999
28691,35893,2024-08-31,0,0,9999
28693,35898,2026-01-26,0,1,176
28693,35899,2025-08-03,0,0,9999
28701,35906,2025-01-24,0,0,9999
28705,35913,2025-10-10,0,0,9999
28706,35915,2025-03-23,0,0,9999
28720,35933,2024-08-18,0,0,9999
28738,35948,2025-10-24,0,0,9999
28756,35966,2025-03-03,0,0,9999
28757,35968,2022-04-11,0,0,9999
28766,35984,2026-01-18,0,0,9999
28780,36000,2025-05-21,0,0,9999
28790,36015,2026-01-03,0,0,9999
28791,36017,2024-11-22,0,0,9999
28794,36020,2022-08-26,0,0,9999
28796,36024,2023-05-14,0,1,268
28796,36026,2022-08-19,0,0,9999
28813,36045,2025-05-09,0,0,9999
28826,36061,2022-09-07,0,0,9999
28841,36077,2025-10-08,0,0,9999
28855,36089,2021-03-04,0,0,9999
28858,36092,2020-05-11,0,0,9999
28861,36094,2021-10-04,0,0,9999
28869,36106,2025-05-01,0,0,9999
28875,36111,2024-10-14,0,0,9999
28891,36127,2024-01-10,0,0,9999
28893,36130,2022-09-18,0,0,9999
28897,36136,2025-12-24,0,0,9999
28913,36159,2023-04-30,0,0,9999
28915,36161,2023-08-21,0,0,9999
28917,36164,2022-03-31,0,0,9999
28939,36191,2025-08-24,0,0,9999
28943,36192,2025-12-27,0,0,9999
28961,36209,2026-01-08,0,0,9999
28967,36218,2024-09-19,0,0,9999
28971,36223,2023-12-29,0,0,9999
28973,36226,2025-04-06,0,2,22
28973,36228,2023-09-22,0,0,9999
28973,36229,2025-03-15,1,1,540
28977,36232,2025-11-17,0,0,9999
28979,36234,2025-08-24,0,1,1788
28979,36235,2020-10-01,0,0,9999
28984,36244,2024-03-28,0,0,9999
28988,36253,2022-06-28,0,0,9999
29012,36276,2023-01-15,0,2,589
29012,36277,2020-12-02,0,0,9999
29012,36278,2021-06-05,0,1,185
29018,36282,2023-01-13,0,1,80
29018,36285,2022-10-25,0,0,9999
29027,36294,2023-04-15,0,0,9999
29043,36311,2022-08-14,0,0,9999
29050,36319,2025-07-04,0,1,279
29050,36320,2024-09-28,0,0,9999
29050,36321,2025-08-11,0,2,38
29054,36324,2024-06-15,0,1,488
29054,36325,2023-02-13,0,0,9999
29059,36332,2021-09-05,0,0,9999
29060,36335,2022-05-15,0,0,9999
29066,36345,2023-04-14,0,0,9999
29066,36346,2024-03-23,0,1,344
29086,36369,2024-08-15,0,0,9999
29088,36373,2025-05-09,0,0,9999
29089,36374,2025-08-15,0,0,9999
29093,36379,2025-10-08,0,0,9999
29122,36415,2025-09-01,0,0,9999
29131,36422,2024-10-12,0,0,9999
29140,36437,2025-09-15,0,0,9999
29143,36441,2025-10-13,0,0,9999
29144,36443,2021-11-01,0,0,9999
29146,36445,2022-08-30,0,0,9999
29153,36457,2023-11-24,0,0,9999
29159,36467,2024-01-06,0,0,9999
29165,36480,2022-02-18,0,0,9999
29181,36497,2024-06-03,0,0,9999
29183,36500,2021-04-24,0,0,9999
29191,36509,2022-09-30,0,0,9999
29191,36510,2025-09-23,0,1,1089
29193,36512,2024-05-07,0,0,9999
29194,36513,2025-07-14,0,0,9999
29201,36521,2023-07-05,0,0,9999
29221,36545,2022-12-05,0,0,9999
29222,36546,2026-01-28,0,0,9999
29229,36552,2025-05-04,0,0,9999
29233,36557,2024-07-26,0,0,9999
29235,36563,2024-12-04,0,0,9999
29243,36571,2024-10-20,0,0,9999
29245,36573,2024-11-15,0,0,9999
29252,36578,2022-07-13,0,0,9999
29257,36584,2025-04-25,0,0,9999
29274,36605,2022-02-20,0,0,9999
29276,36608,2023-02-20,0,0,9999
29283,36616,2022-10-10,0,0,9999
29304,36641,2025-11-21,0,0,9999
29309,36650,2025-05-26,0,0,9999
29322,36669,2024-01-14,0,0,9999
29324,36671,2025-02-17,0,0,9999
29329,36681,2025-10-07,0,0,9999
29332,36684,2024-09-15,0,0,9999
29342,36697,2021-08-27,0,0,9999
29375,36729,2021-09-24,0,0,9999
29376,36731,2025-12-24,0,0,9999
29380,36737,2025-12-16,0,0,9999
29383,36741,2025-09-02,0,0,9999
29395,36759,2026-01-18,0,0,9999
29396,36763,2024-12-04,0,0,9999
29397,36765,2025-12-23,0,0,9999
29418,36795,2023-02-06,0,0,9999
29435,36808,2022-12-30,0,0,9999
29435,36810,2025-12-30,0,1,1096
29449,36826,2025-05-31,0,0,9999
29452,36828,2025-03-20,0,0,9999
29457,36833,2023-09-26,0,0,9999
29464,36840,2025-10-03,0,0,9999
29466,36842,2025-11-18,0,0,9999
29468,36843,2025-05-16,0,0,9999
29475,36856,2025-03-04,0,1,305
29475,36857,2024-05-03,0,0,9999
29478,36861,2023-02-09,1,0,9999
29478,36863,2023-03-05,0,1,24
29479,36864,2025-08-14,0,0,9999
29487,36875,2024-06-23,0,0,9999
29497,36886,2021-03-03,0,0,9999
29506,36903,2024-03-07,0,0,9999
29508,36907,2022-05-18,0,0,9999
29517,36922,2025-04-20,0,0,9999
29530,36938,2025-09-08,0,0,9999
29531,36940,2021-03-29,0,0,9999
29536,36945,2023-03-18,0,0,9999
29541,36952,2023-10-17,0,0,9999
29545,36959,2025-12-09,0,0,9999
29553,36969,2026-01-18,0,0,9999
29566,36982,2025-05-06,0,0,9999
29579,37001,2025-11-13,0,0,9999
29580,37002,2022-01-29,0,0,9999
29585,37007,2023-03-05,0,0,9999
29592,37013,2021-01-21,0,0,9999
29602,37028,2022-03-18,0,0,9999
29613,37038,2025-09-07,0,0,9999
29614,37040,2026-01-27,0,0,9999
29618,37047,2025-05-07,0,0,9999
29632,37060,2021-06-15,0,0,9999
29632,37061,2023-04-06,0,1,660
29657,37086,2023-06-12,0,1,448
29657,37088,2022-03-21,0,0,9999
29661,37092,2025-08-02,0,0,9999
29662,37093,2025-01-12,0,0,9999
29663,37094,2024-03-14,0,0,9999
29664,37095,2025-12-30,0,0,9999
29684,37115,2024-08-14,0,1,205
29684,37116,2024-01-22,0,0,9999
29713,37154,2025-01-25,0,0,9999
29715,37156,2024-09-18,0,0,9999
29718,37157,2025-01-08,0,0,9999
29718,37158,2025-08-16,0,1,220
29735,37177,2022-02-10,0,0,9999
29740,37181,2024-02-23,0,0,9999
29750,37195,2026-01-29,0,0,9999
29751,37197,2025-09-28,0,0,9999
29754,37204,2024-09-23,0,0,9999
29774,37227,2025-07-16,0,0,9999
29791,37244,2026-01-25,0,0,9999
29818,37279,2024-04-03,0,0,9999
29835,37301,2025-01-22,0,0,9999
29841,37309,2026-01-27,0,0,9999
29850,37315,2020-05-16,0,0,9999
29852,37317,2025-06-02,0,0,9999
29853,37318,2025-12-27,0,0,9999
29854,37320,2025-06-22,0,0,9999
29855,37321,2025-10-23,0,0,9999
29858,37323,2024-05-18,0,0,9999
29861,37326,2021-09-02,0,0,9999
29865,37331,2025-12-05,0,0,9999
29879,37345,2024-10-01,0,0,9999
29881,37347,2021-07-15,0,0,9999
29912,37378,2025-11-26,0,0,9999
29931,37397,2025-05-29,0,0,9999
29937,37406,2025-09-29,0,0,9999
29944,37414,2024-03-21,0,0,9999
29946,37418,2025-06-22,0,0,9999
29947,37420,2025-12-22,0,0,9999
29950,37426,2022-08-23,0,0,9999
29954,37430,2021-10-09,0,0,9999
29979,37464,2025-04-14,0,0,9999
29986,37468,2019-11-16,0,0,9999
29994,37484,2025-11-27,0,2,17
29994,37485,2025-11-01,1,0,9999
29994,37487,2025-11-10,1,1,9
29999,37493,2023-08-24,0,0,9999
30025,37526,2025-10-09,0,0,9999
30033,37539,2024-09-05,0,0,9999
30050,37565,2025-04-15,0,0,9999
30053,37567,2025-05-06,0,0,9999
30056,37569,2026-01-27,0,0,9999
30069,37583,2025-10-31,0,0,9999
30084,37596,2026-01-23,0,0,9999
30091,37604,2020-05-17,0,0,9999
30093,37605,2025-03-17,0,0,9999
30118,37628,2024-12-25,0,0,9999
30121,37632,2024-10-28,0,0,9999
30130,37641,2024-02-06,0,0,9999
30132,37643,2022-06-05,0,0,9999
30138,37649,2025-12-05,0,0,9999
30151,37662,2023-03-26,0,0,9999
30190,37705,2026-01-28,0,0,9999
30192,37708,2024-02-28,0,0,9999
30200,37715,2025-05-11,0,0,9999
30202,37716,2025-12-19,0,0,9999
30211,37723,2024-12-24,0,0,9999
30222,37734,2025-08-20,0,2,441
30222,37735,2024-06-05,0,1,301
30222,37736,2023-08-09,0,0,9999
30239,37759,2023-01-17,0,0,9999
30262,37793,2022-12-07,0,0,9999
30277,37812,2025-12-29,0,0,9999
30282,37815,2025-07-24,0,0,9999
30283,37817,2024-12-06,0,0,9999
30283,37818,2025-12-20,0,1,379
30296,37826,2023-12-14,0,0,9999
30298,37830,2025-01-10,0,0,9999
30306,37836,2023-05-01,0,0,9999
30314,37845,2025-09-16,0,0,9999
30327,37858,2024-06-29,0,0,9999
30330,37862,2026-01-09,0,0,9999
30332,37865,2024-11-05,0,0,9999
30334,37866,2022-01-01,0,0,9999
30342,37881,2025-09-07,0,0,9999
30349,37890,2025-07-14,0,0,9999
30355,37897,2025-07-26,0,0,9999
30363,37906,2023-08-26,0,0,9999
30394,37943,2025-12-06,0,0,9999
30396,37945,2026-01-03,0,0,9999
30397,37947,2022-10-22,0,0,9999
30398,37949,2025-10-10,0,0,9999
30414,37971,2025-08-24,0,1,34
30414,37972,2025-07-21,0,0,9999
30428,37987,2025-07-25,0,0,9999
30429,37988,2026-01-29,0,0,9999
30430,37991,2024-02-10,0,0,9999
30436,38002,2024-12-22,0,0,9999
30440,38009,2022-08-19,0,0,9999
30453,38028,2023-07-01,0,0,9999
30458,38035,2025-12-11,0,0,9999
30462,38043,2022-05-06,0,0,9999
30462,38045,2023-01-16,0,1,255
30463,38047,2026-01-19,0,0,9999
30466,38051,2025-09-26,0,0,9999
30468,38054,2024-09-03,0,0,9999
30472,38061,2022-12-10,0,0,9999
30487,38077,2025-12-11,0,0,9999
30504,38096,2021-05-18,0,1,28
30504,38097,2021-04-20,1,0,9999
30505,38098,2025-03-12,0,0,9999
30516,38112,2022-08-23,0,0,9999
30516,38113,2023-07-20,0,1,331
30529,38133,2022-01-06,0,0,9999
30538,38148,2022-02-24,0,0,9999
30552,38160,2022-12-06,0,0,9999
30558,38168,2024-02-11,0,0,9999
30567,38181,2026-01-21,0,0,9999
30569,38185,2022-12-27,0,0,9999
30588,38212,2024-07-26,0,0,9999
30592,38220,2023-09-06,0,0,9999
30594,38223,2025-12-26,0,0,9999
30597,38226,2019-07-11,0,0,9999
30600,38229,2024-01-07,0,0,9999
30604,38235,2025-01-23,0,0,9999
30609,38238,2023-06-10,0,0,9999
30616,38250,2024-08-15,0,0,9999
30623,38255,2025-07-27,0,0,9999
30631,38262,2025-11-11,0,0,9999
30633,38267,2025-02-26,0,1,757
30633,38268,2023-01-31,0,0,9999
30635,38270,2026-01-05,0,0,9999
30636,38272,2024-01-18,0,0,9999
30638,38275,2022-06-16,0,0,9999
30639,38276,2022-12-03,0,0,9999
30647,38287,2025-12-28,0,0,9999
30651,38293,2025-01-11,0,0,9999
30654,38296,2025-07-07,0,0,9999
30659,38303,2022-05-25,0,0,9999
30669,38313,2022-10-01,0,0,9999
30679,38328,2022-06-27,0,0,9999
30687,38340,2021-03-30,0,0,9999
30690,38344,2024-04-17,0,0,9999
30702,38357,2026-01-27,0,0,9999
30708,38363,2019-11-09,0,0,9999
30709,38366,2024-06-24,0,0,9999
30715,38377,2025-10-28,0,0,9999
30716,38380,2024-07-28,0,0,9999
30719,38385,2023-09-17,0,0,9999
30719,38386,2025-08-28,0,1,711
30722,38394,2021-07-28,0,0,9999
30731,38403,2024-12-07,0,0,9999
30738,38413,2025-10-03,0,0,9999
30756,38430,2023-04-05,0,0,9999
30765,38437,2022-02-21,0,0,9999
30780,38451,2024-04-13,0,0,9999
30781,38453,2025-12-18,0,0,9999
30783,38457,2024-12-24,0,0,9999
30807,38489,2024-09-20,0,0,9999
30815,38497,2024-06-01,0,0,9999
30816,38498,2025-12-13,0,0,9999
30820,38503,2025-04-16,0,0,9999
30826,38512,2023-08-03,0,0,9999
30833,38525,2025-06-21,0,0,9999
30838,38535,2025-10-06,0,0,9999
30842,38539,2023-11-17,0,0,9999
30843,38541,2024-12-03,0,0,9999
30844,38543,2021-08-09,0,0,9999
30857,38557,2024-05-25,1,0,9999
30857,38558,2024-05-31,0,1,6
30860,38561,2024-12-30,0,0,9999
30867,38568,2024-08-11,0,0,9999
30871,38575,2025-04-27,0,1,1271
30871,38576,2021-11-03,0,0,9999
30876,38580,2021-05-01,0,0,9999
30879,38582,2025-01-25,0,0,9999
30879,38583,2025-11-26,0,1,305
30896,38608,2023-11-15,0,0,9999
30902,38617,2020-02-07,0,0,9999
30903,38621,2025-09-21,0,0,9999
30912,38635,2021-03-24,0,0,9999
30917,38643,2026-01-30,0,0,9999
30921,38648,2025-08-24,0,0,9999
30923,38649,2025-12-29,0,0,9999
30926,38652,2024-05-03,0,0,9999
30927,38655,2022-08-10,0,0,9999
30929,38658,2025-10-25,0,0,9999
30948,38674,2023-04-29,0,0,9999
30952,38679,2024-12-01,0,0,9999
30953,38680,2022-11-24,0,0,9999
30969,38700,2021-08-30,0,0,9999
30979,38709,2024-04-01,0,0,9999
30982,38711,2023-10-02,0,0,9999
30987,38714,2025-11-03,0,0,9999
30990,38720,2022-10-11,0,0,9999
30992,38723,2024-06-15,0,0,9999
31011,38743,2025-12-19,0,0,9999
31012,38745,2022-12-01,0,0,9999
31024,38762,2023-03-01,0,0,9999
31034,38774,2025-04-25,0,0,9999
31036,38776,2024-04-25,0,0,9999
31044,38790,2023-07-05,0,0,9999
31058,38802,2024-01-28,0,0,9999
31067,38819,2025-08-26,0,0,9999
31075,38828,2023-05-03,0,0,9999
31093,38848,2023-09-07,0,0,9999
31098,38854,2022-08-29,0,0,9999
31107,38860,2025-07-21,0,0,9999
31110,38863,2026-01-01,0,0,9999
31127,38878,2021-07-12,0,0,9999
31131,38879,2024-04-11,0,0,9999
31135,38882,2025-10-17,0,0,9999
31137,38885,2023-04-29,0,0,9999
31138,38887,2023-05-22,0,0,9999
31150,38899,2026-01-29,0,0,9999
31164,38916,2023-03-09,0,0,9999
31165,38917,2023-10-17,0,0,9999
31179,38933,2025-05-08,0,0,9999
31183,38943,2026-01-30,0,0,9999
31184,38945,2025-12-28,0,0,9999
31186,38946,2023-08-05,0,1,840
31186,38947,2021-04-17,0,0,9999
31203,38971,2025-05-22,0,0,9999
31206,38973,2025-10-26,0,0,9999
31207,38974,2024-11-09,0,0,9999
31210,38977,2024-09-30,0,0,9999
31225,39004,2026-01-28,0,0,9999
31228,39007,2024-07-23,0,0,9999
31232,39012,2022-04-26,0,0,9999
31236,39013,2023-06-05,0,0,9999
31249,39026,2023-11-30,0,0,9999
31253,39032,2025-05-01,0,0,9999
31262,39046,2022-06-09,0,0,9999
31271,39053,2024-12-14,0,0,9999
31278,39063,2026-01-08,0,0,9999
31283,39068,2025-03-03,0,0,9999
31290,39079,2024-01-18,0,0,9999
31300,39091,2024-04-29,0,0,9999
31303,39095,2024-02-29,0,0,9999
31303,39096,2025-11-15,0,1,625
31304,39098,2024-05-20,0,0,9999
31308,39101,2025-09-25,0,0,9999
31314,39111,2025-09-03,0,0,9999
31315,39112,2024-08-25,0,0,9999
31318,39115,2023-03-03,0,0,9999
31320,39116,2025-01-17,0,0,9999
31323,39122,2025-04-09,0,0,9999
31332,39137,2025-03-06,0,0,9999
31336,39141,2024-09-11,0,0,9999
31338,39144,2023-11-19,0,0,9999
31345,39154,2021-10-30,0,0,9999
31349,39158,2025-01-07,0,0,9999
31352,39163,2024-05-29,0,0,9999
31366,39178,2026-01-02,0,0,9999
31369,39182,2025-07-31,0,0,9999
31376,39191,2025-09-15,0,0,9999
31383,39202,2025-07-30,0,0,9999
31388,39208,2025-05-08,0,0,9999
31393,39213,2020-07-23,0,0,9999
31412,39227,2025-06-11,0,0,9999
31416,39231,2026-01-28,0,0,9999
31417,39234,2026-01-28,0,0,9999
31419,39236,2023-02-07,0,0,9999
31432,39249,2023-10-27,0,0,9999
31433,39252,2026-01-16,0,0,9999
31435,39253,2022-07-22,0,0,9999
31437,39254,2026-01-18,0,0,9999
31445,39262,2021-03-03,0,0,9999
31454,39273,2025-01-27,0,0,9999
31458,39278,2025-06-22,0,0,9999
31474,39297,2022-02-17,0,0,9999
31487,39310,2026-01-28,1,0,9999
31487,39312,2026-01-30,0,1,2
31497,39320,2024-12-16,0,0,9999
31513,39339,2024-01-14,0,0,9999
31516,39343,2026-01-30,0,0,9999
31519,39345,2024-03-09,0,0,9999
31529,39356,2023-10-03,0,0,9999
31531,39358,2025-12-09,0,0,9999
31539,39371,2023-05-25,0,0,9999
31587,39412,2025-04-20,0,0,9999
31592,39421,2020-07-24,0,0,9999
31594,39423,2022-11-10,0,0,9999
31609,39440,2025-05-29,0,1,239
31609,39441,2024-10-02,0,0,9999
31617,39451,2025-09-09,0,0,9999
31620,39456,2025-06-30,0,0,9999
31625,39463,2025-09-04,0,0,9999
31626,39464,2022-10-29,0,0,9999
31628,39469,2026-01-18,0,0,9999
31642,39490,2022-04-22,0,0,9999
31642,39491,2022-08-03,0,1,103
31659,39507,2026-01-30,0,0,9999
31661,39508,2025-10-17,0,0,9999
31663,39512,2023-07-24,0,0,9999
31665,39514,2026-01-15,0,0,9999
31672,39523,2026-01-21,0,0,9999
31673,39524,2023-02-12,0,0,9999
31687,39545,2024-01-31,0,0,9999
31689,39549,2026-01-29,0,0,9999
31694,39556,2026-01-24,0,0,9999
31695,39557,2022-02-23,0,0,9999
31705,39568,2026-01-23,0,1,455
31705,39571,2024-10-25,0,0,9999
31709,39574,2026-01-03,0,0,9999
31714,39578,2025-10-21,0,0,9999
31720,39589,2024-05-07,0,0,9999
31730,39599,2023-12-14,0,0,9999
31749,39620,2023-05-14,0,0,9999
31767,39647,2025-06-14,0,0,9999
31768,39648,2025-05-05,0,0,9999
31775,39656,2020-03-07,0,0,9999
31808,39701,2025-04-22,0,0,9999
31810,39704,2025-05-27,0,0,9999
31810,39705,2025-07-14,0,1,48
31812,39709,2026-01-11,0,0,9999
31824,39723,2024-03-21,0,0,9999
31831,39730,2024-05-17,0,0,9999
31832,39734,2024-08-21,0,0,9999
31838,39742,2022-08-13,0,0,9999
31838,39745,2023-08-18,0,1,370
31840,39746,2023-04-22,0,0,9999
31844,39752,2024-05-26,0,0,9999
31866,39775,2024-10-19,0,1,355
31866,39776,2023-10-30,0,0,9999
31876,39787,2022-09-28,0,0,9999
31883,39801,2025-07-28,0,0,9999
31889,39805,2025-12-04,0,0,9999
31899,39815,2022-04-05,0,0,9999
31905,39821,2022-12-22,0,0,9999
31913,39827,2024-06-03,0,0,9999
31915,39834,2022-10-28,0,0,9999
31934,39854,2026-01-29,0,0,9999
31950,39874,2024-03-12,0,0,9999
31952,39876,2024-06-11,0,0,9999
31956,39878,2025-05-14,0,0,9999
31972,39900,2025-07-14,0,0,9999
31982,39909,2025-11-16,0,0,9999
31988,39915,2023-07-24,0,0,9999
31991,39920,2022-12-10,0,0,9999
32000,39935,2025-09-18,0,0,9999
32004,39943,2024-11-22,0,1,83
32004,39944,2024-08-31,0,0,9999
32008,39948,2025-12-08,0,0,9999
32011,39951,2025-05-20,0,0,9999
32017,39960,2025-07-11,0,1,397
32017,39963,2024-06-09,0,0,9999
32037,39991,2022-11-17,0,1,420
32037,39993,2021-09-23,0,0,9999
32039,39995,2023-08-08,0,0,9999
32047,40008,2024-11-04,0,0,9999
32049,40013,2025-07-21,0,0,9999
32053,40018,2023-08-30,0,0,9999
32072,40042,2024-05-17,0,0,9999
32072,40043,2024-10-05,0,1,141
32073,40045,2025-07-18,0,0,9999
32090,40068,2024-03-22,0,0,9999
32095,40079,2021-01-30,0,0,9999
32095,40082,2021-04-03,0,1,63
32098,40084,2023-06-06,0,0,9999
32098,40086,2025-07-23,0,1,778
32112,40100,2023-02-07,0,0,9999
32112,40101,2023-04-06,0,1,58
32114,40104,2025-10-11,0,0,9999
32121,40112,2022-10-31,0,0,9999
32131,40123,2023-12-07,0,0,9999
32137,40129,2022-12-19,0,0,9999
32144,40136,2025-03-11,0,0,9999
32150,40146,2025-07-16,0,0,9999
32151,40148,2024-02-09,0,0,9999
32151,40149,2025-06-24,0,1,501
32155,40153,2026-01-24,0,0,9999
32178,40178,2025-11-23,0,1,69
32178,40180,2025-09-15,0,0,9999
32199,40196,2025-06-29,0,0,9999
32211,40212,2025-03-18,0,0,9999
32213,40214,2023-09-27,0,0,9999
32226,40227,2025-10-04,0,0,9999
32243,40244,2025-05-04,0,1,750
32243,40245,2023-04-15,0,0,9999
32252,40252,2023-08-21,0,0,9999
32264,40269,2025-04-06,0,0,9999
32267,40278,2019-04-07,0,0,9999
32272,40289,2025-10-20,0,0,9999
32277,40294,2025-11-10,0,0,9999
32281,40298,2025-01-08,0,0,9999
32284,40302,2025-02-22,0,0,9999
32285,40303,2024-11-11,0,0,9999
32288,40307,2025-11-12,0,0,9999
32293,40314,2025-12-27,0,0,9999
32295,40316,2024-12-19,0,0,9999
32295,40318,2025-11-10,0,1,326
32298,40323,2023-04-02,0,0,9999
32302,40327,2025-11-15,0,0,9999
32304,40329,2024-06-19,0,0,9999
32326,40358,2025-03-30,0,0,9999
32328,40360,2021-11-20,0,0,9999
32331,40366,2024-11-08,0,0,9999
32345,40377,2026-01-26,0,0,9999
32351,40385,2021-08-26,0,0,9999
32351,40387,2025-07-13,0,1,1417
32354,40390,2025-09-27,0,0,9999
32357,40393,2023-03-15,0,0,9999
32362,40397,2024-10-24,0,0,9999
32363,40399,2025-11-22,0,0,9999
32366,40403,2023-11-22,0,0,9999
32371,40414,2022-09-06,0,0,9999
32376,40420,2025-10-22,0,0,9999
32377,40421,2020-03-20,0,0,9999
32378,40422,2025-09-26,0,0,9999
32383,40427,2023-08-20,0,0,9999
32398,40445,2026-01-20,0,0,9999
32411,40461,2026-01-27,0,0,9999
32414,40470,2024-09-30,0,0,9999
32422,40478,2025-10-29,0,0,9999
32426,40485,2021-11-04,0,0,9999
32432,40499,2025-03-13,0,0,9999
32433,40501,2023-02-17,0,0,9999
32448,40521,2025-06-13,0,0,9999
32450,40523,2026-01-16,0,0,9999
32455,40527,2022-01-13,0,0,9999
32461,40532,2025-02-14,0,0,9999
32477,40552,2026-01-20,0,0,9999
32484,40557,2025-06-11,0,0,9999
32486,40561,2024-01-16,0,0,9999
32492,40568,2024-09-19,0,0,9999
32497,40575,2025-12-05,0,0,9999
32502,40581,2020-03-06,0,0,9999
32502,40582,2021-09-14,0,1,557
32504,40585,2024-07-10,0,0,9999
32527,40619,2021-07-15,0,0,9999
32528,40620,2023-09-08,0,0,9999
32538,40635,2025-04-07,0,0,9999
32543,40643,2026-01-25,0,0,9999
32545,40646,2023-04-05,0,0,9999
32546,40647,2024-05-26,0,0,9999
32551,40654,2025-12-22,0,0,9999
32552,40655,2026-01-09,0,0,9999
32553,40658,2025-11-25,0,0,9999
32557,40660,2024-01-18,0,0,9999
32557,40661,2024-06-09,0,1,143
32557,40663,2024-11-14,0,2,158
32566,40672,2024-08-01,0,0,9999
32566,40674,2025-08-17,0,2,252
32566,40675,2024-12-08,0,1,129
32573,40684,2024-05-31,0,0,9999
32579,40693,2024-08-25,0,0,9999
32583,40698,2024-05-24,0,0,9999
32584,40699,2025-11-19,0,0,9999
32585,40702,2023-06-01,0,0,9999
32593,40711,2025-06-20,0,0,9999
32608,40728,2025-01-20,0,0,9999
32629,40748,2025-12-17,0,0,9999
32630,40749,2025-02-15,0,0,9999
32638,40757,2025-03-27,0,0,9999
32641,40765,2022-10-19,0,0,9999
32643,40766,2026-01-30,0,0,9999
32648,40776,2024-01-04,0,0,9999
32663,40795,2024-08-04,0,0,9999
32664,40796,2024-05-14,0,1,602
32664,40797,2022-09-20,0,0,9999
32673,40805,2024-08-23,0,0,9999
32676,40806,2024-04-15,0,0,9999
32690,40824,2026-01-03,0,0,9999
32699,40832,2025-11-01,0,0,9999
32700,40833,2025-11-30,0,0,9999
32723,40859,2026-01-28,0,0,9999
32736,40878,2021-09-10,0,0,9999
32737,40879,2025-08-31,0,0,9999
32760,40907,2022-08-28,0,0,9999
32761,40908,2025-06-08,0,0,9999
32764,40913,2023-10-16,0,0,9999
32768,40920,2024-03-30,0,0,9999
32775,40932,2023-01-30,0,0,9999
32775,40933,2025-12-26,0,1,1061
32788,40943,2024-01-12,0,0,9999
32788,40944,2024-08-05,0,1,206
32807,40966,2022-04-01,1,0,9999
32807,40967,2022-04-19,0,1,18
32807,40968,2022-08-28,0,2,131
32814,40976,2026-01-29,0,0,9999
32815,40977,2022-05-09,0,0,9999
32821,40985,2025-09-29,0,0,9999
32823,40986,2025-08-24,0,1,6
32823,40987,2025-08-18,1,0,9999
32826,40991,2024-08-17,0,0,9999
32828,40993,2025-04-21,0,0,9999
32829,40997,2023-01-05,0,0,9999
32831,40998,2023-06-03,0,1,212
32831,40999,2022-11-03,0,0,9999
32850,41024,2026-01-15,1,0,9999
32850,41025,2026-01-16,0,1,1
32856,41032,2025-01-15,0,0,9999
32874,41054,2025-08-26,0,0,9999
32914,41098,2024-12-28,0,0,9999
32937,41127,2024-11-17,0,0,9999
32939,41128,2025-08-31,1,0,9999
32939,41129,2025-09-13,0,1,13
32945,41136,2023-02-23,0,0,9999
32948,41138,2025-02-19,0,0,9999
32952,41141,2026-01-22,0,0,9999
32960,41153,2023-10-03,0,0,9999
32970,41162,2021-10-02,0,0,9999
32983,41178,2026-01-30,0,0,9999
32994,41189,2024-02-15,0,0,9999
32994,41190,2026-01-17,0,2,351
32994,41191,2025-01-31,0,1,351
33019,41220,2025-12-13,0,0,9999
33032,41240,2025-04-22,0,0,9999
33051,41264,2025-12-16,0,0,9999
33070,41291,2024-11-28,0,0,9999
33077,41301,2024-09-08,0,0,9999
33081,41308,2021-10-04,0,0,9999
33082,41309,2025-02-28,0,0,9999
33092,41326,2021-06-19,0,0,9999
33096,41336,2023-02-27,0,0,9999
33120,41370,2025-03-18,0,0,9999
33124,41375,2025-03-15,0,0,9999
33125,41376,2024-04-05,0,0,9999
33143,41400,2025-10-10,0,0,9999
33156,41416,2025-06-12,0,0,9999
33157,41418,2025-07-31,0,0,9999
33173,41433,2024-03-20,0,0,9999
33179,41440,2022-05-21,0,0,9999
33184,41448,2023-10-01,0,0,9999
33186,41450,2025-04-07,0,0,9999
33188,41453,2020-12-20,0,0,9999
33191,41460,2025-08-28,0,0,9999
33195,41465,2024-06-22,0,0,9999
33203,41472,2025-11-10,0,2,74
33203,41473,2025-03-14,0,0,9999
33203,41474,2025-08-28,0,1,167
33203,41475,2025-12-15,0,3,35
33210,41481,2025-09-02,0,0,9999
33226,41504,2025-08-10,0,0,9999
33236,41515,2025-09-05,0,0,9999
33239,41518,2024-12-21,0,0,9999
33242,41520,2025-05-18,0,0,9999
33250,41531,2025-04-09,0,0,9999
33250,41532,2025-11-10,0,2,184
33250,41533,2025-05-10,0,1,31
33250,41534,2025-12-30,0,3,50
33262,41551,2023-03-26,0,0,9999
33262,41552,2025-10-08,0,2,46
33262,41553,2025-08-23,0,1,881
33284,41576,2023-02-12,0,0,9999
33284,41577,2025-02-20,0,1,739
33287,41579,2025-04-10,0,0,9999
33294,41591,2025-06-06,0,0,9999
33303,41600,2024-11-21,0,0,9999
33303,41601,2025-06-14,0,1,205
33307,41606,2024-12-26,0,0,9999
33319,41613,2025-04-03,0,0,9999
33334,41633,2024-11-08,0,0,9999
33339,41639,2024-07-06,0,0,9999
33342,41641,2025-07-17,0,0,9999
33342,41642,2025-11-20,0,1,126
33346,41646,2022-02-12,0,0,9999
33346,41647,2024-09-03,0,1,934
33352,41653,2024-07-30,0,0,9999
33358,41660,2025-02-28,0,0,9999
33359,41664,2024-06-22,0,0,9999
33363,41672,2021-09-30,0,0,9999
33372,41684,2025-06-28,0,0,9999
33374,41685,2025-08-27,0,0,9999
33378,41691,2025-04-20,0,0,9999
33409,41725,2024-06-01,0,0,9999
33410,41726,2025-12-30,0,0,9999
33421,41737,2025-07-05,0,0,9999
33429,41748,2024-10-06,0,1,75
33429,41750,2024-07-23,0,0,9999
33432,41752,2025-04-17,0,0,9999
33435,41755,2024-08-07,0,0,9999
33436,41758,2026-01-24,0,0,9999
33440,41762,2023-09-17,0,0,9999
33456,41777,2021-12-25,0,0,9999
33462,41781,2025-11-21,0,0,9999
33466,41785,2024-02-15,0,0,9999
33469,41788,2024-05-29,0,0,9999
33469,41789,2026-01-08,0,1,589
33470,41790,2026-01-30,0,0,9999
33519,41845,2025-07-31,0,0,9999
33528,41857,2023-11-28,0,0,9999
33536,41865,2026-01-07,0,0,9999
33545,41874,2024-10-19,0,0,9999
33571,41903,2025-11-28,0,0,9999
33581,41911,2024-12-13,0,2,368
33581,41912,2022-11-04,0,0,9999
33581,41913,2023-12-11,0,1,402
33607,41946,2025-01-05,0,0,9999
33618,41958,2025-11-04,0,0,9999
33634,41979,2020-11-09,0,0,9999
33636,41986,2025-07-01,0,0,9999
33639,41992,2025-10-05,0,0,9999
33644,42000,2024-11-01,0,0,9999
33645,42001,2026-01-04,0,0,9999
33647,42003,2023-12-27,0,0,9999
33649,42006,2020-03-01,0,0,9999
33666,42026,2023-03-23,0,0,9999
33670,42030,2024-10-26,0,0,9999
33679,42038,2022-12-28,0,0,9999
33683,42042,2025-10-01,0,0,9999
33690,42052,2025-09-19,0,1,1713
33690,42054,2021-01-10,0,0,9999
33695,42058,2026-01-26,0,1,88
33695,42059,2025-10-30,0,0,9999
33696,42060,2025-01-28,0,0,9999
33696,42061,2025-07-27,0,1,180
33699,42068,2025-07-27,0,0,9999
33714,42084,2024-09-13,0,0,9999
33716,42086,2025-04-23,0,0,9999
33719,42091,2024-01-23,0,0,9999
33722,42094,2021-10-01,0,0,9999
33722,42095,2025-03-27,0,1,1273
33739,42111,2023-08-26,0,0,9999
33749,42119,2026-01-15,0,0,9999
33753,42122,2023-10-22,0,0,9999
33756,42124,2025-07-09,0,0,9999
33758,42126,2020-07-10,0,0,9999
33763,42132,2024-08-31,0,0,9999
33767,42137,2025-05-27,0,0,9999
33772,42143,2025-10-15,0,0,9999
33780,42153,2022-05-22,0,0,9999
33786,42157,2025-09-29,0,0,9999
33788,42162,2024-07-30,0,0,9999
33791,42165,2026-01-24,0,0,9999
33812,42186,2026-01-28,0,0,9999
33822,42197,2021-07-10,0,0,9999
33825,42200,2025-07-30,0,0,9999
33832,42204,2023-07-07,0,0,9999
33834,42207,2024-02-07,0,0,9999
33835,42210,2026-01-19,0,0,9999
33840,42218,2021-11-11,0,0,9999
33846,42227,2026-01-30,0,0,9999
33846,42228,2026-01-30,0,0,9999
33862,42238,2026-01-16,0,0,9999
33876,42261,2024-08-06,0,0,9999
33876,42262,2025-08-16,0,1,375
33881,42268,2024-11-12,0,0,9999
33885,42273,2025-09-02,0,1,108
33885,42274,2025-05-17,0,0,9999
33889,42282,2024-12-18,0,0,9999
33890,42285,2026-01-06,0,0,9999
33900,42299,2026-01-25,0,0,9999
33907,42310,2025-03-28,0,0,9999
33911,42316,2024-05-17,0,0,9999
33918,42324,2026-01-30,0,1,2
33918,42325,2026-01-28,1,0,9999
33928,42338,2026-01-24,0,0,9999
33943,42366,2025-10-15,0,0,9999
33947,42372,2021-07-04,0,0,9999
33948,42373,2023-10-30,0,0,9999
33954,42381,2023-03-31,0,0,9999
33955,42384,2023-02-07,0,0,9999
33956,42386,2026-01-30,0,0,9999
33960,42394,2024-01-04,0,1,287
33960,42396,2023-03-23,0,0,9999
33963,42398,2021-11-13,0,0,9999
33964,42400,2023-01-13,0,0,9999
33967,42403,2024-05-06,0,0,9999
33975,42410,2019-07-29,0,0,9999
33988,42426,2025-12-18,0,0,9999
33997,42435,2025-12-13,0,0,9999
34005,42445,2025-11-28,0,0,9999
34013,42454,2025-06-18,0,0,9999
34032,42478,2025-09-15,0,0,9999
34041,42487,2026-01-29,0,0,9999
34049,42499,2024-09-06,0,0,9999
34055,42505,2025-02-21,0,0,9999
34070,42527,2022-10-28,0,0,9999
34071,42529,2024-11-28,0,0,9999
34076,42532,2024-09-10,0,0,9999
34077,42535,2025-10-28,0,1,50
34077,42536,2025-09-08,0,0,9999
34082,42542,2026-01-03,0,0,9999
34085,42545,2025-10-20,0,0,9999
34093,42556,2023-08-05,0,0,9999
34107,42570,2021-08-25,0,0,9999
34115,42581,2025-08-17,0,0,9999
34127,42595,2025-11-23,0,0,9999
34128,42596,2023-06-01,0,0,9999
34128,42598,2025-08-13,0,1,804
34131,42602,2020-04-30,0,0,9999
34134,42606,2026-01-17,0,0,9999
34140,42616,2025-11-02,0,0,9999
34140,42619,2026-01-06,0,1,65
34149,42630,2023-10-20,0,0,9999
34160,42646,2024-11-03,0,0,9999
34163,42649,2024-06-12,0,0,9999
34173,42668,2024-11-14,0,0,9999
34174,42669,2025-04-11,0,0,9999
34178,42673,2024-03-22,0,0,9999
34185,42682,2025-07-09,0,0,9999
34192,42693,2023-05-17,0,0,9999
34198,42699,2021-06-16,0,0,9999
34200,42701,2025-12-08,0,0,9999
34201,42702,2026-01-30,0,0,9999
34239,42757,2023-11-29,0,0,9999
34240,42758,2025-02-21,0,0,9999
34245,42763,2025-11-05,0,0,9999
34246,42765,2024-10-28,0,0,9999
34254,42772,2021-10-29,0,0,9999
34260,42780,2022-02-03,0,0,9999
34270,42792,2025-12-06,0,0,9999
34273,42798,2021-10-27,0,0,9999
34276,42803,2025-11-13,0,0,9999
34283,42810,2019-05-26,0,0,9999
34307,42841,2024-12-08,0,0,9999
34319,42858,2022-07-21,0,0,9999
34331,42868,2025-09-08,0,0,9999
34338,42877,2025-11-22,0,0,9999
34350,42892,2022-08-22,0,0,9999
34351,42893,2024-06-07,0,1,440
34351,42894,2023-03-25,0,0,9999
34361,42902,2026-01-12,0,0,9999
34379,42930,2025-07-24,0,0,9999
34389,42943,2021-05-12,0,0,9999
34393,42949,2024-05-25,0,0,9999
34398,42954,2025-07-20,0,0,9999
34400,42957,2023-10-14,0,0,9999
34410,42967,2024-06-14,0,0,9999
34423,42982,2025-04-06,0,0,9999
34439,43000,2025-08-03,0,0,9999
34451,43014,2025-02-17,0,0,9999
34480,43046,2024-02-03,0,0,9999
34481,43049,2024-09-15,0,0,9999
34500,43066,2022-01-03,0,0,9999
34503,43069,2025-11-05,0,0,9999
34505,43071,2025-05-06,0,0,9999
34507,43074,2021-10-07,0,0,9999
34510,43077,2025-09-02,0,1,922
34510,43078,2023-02-23,0,0,9999
34524,43100,2025-10-29,0,0,9999
34528,43103,2020-06-24,0,0,9999
34528,43105,2024-08-08,0,2,688
34528,43106,2022-09-20,0,1,818
34532,43114,2022-09-20,0,0,9999
34537,43122,2021-09-05,0,0,9999
34541,43126,2025-11-12,0,0,9999
34562,43148,2023-06-02,0,0,9999
34572,43156,2025-07-07,0,0,9999
34578,43163,2024-06-12,0,0,9999
34581,43165,2024-11-19,0,0,9999
34584,43168,2024-10-04,0,0,9999
34604,43194,2024-04-16,0,0,9999
34607,43196,2025-04-06,0,0,9999
34608,43197,2025-09-16,0,0,9999
34610,43199,2019-02-05,0,0,9999
34612,43200,2023-06-23,0,0,9999
34617,43206,2025-12-03,0,0,9999
34623,43211,2024-10-27,0,0,9999
34628,43220,2025-07-10,0,0,9999
34629,43222,2025-10-03,0,0,9999
34633,43230,2023-09-27,0,0,9999
34635,43231,2026-01-23,0,0,9999
34637,43233,2025-02-23,0,0,9999
34643,43241,2024-12-30,0,0,9999
34651,43251,2024-12-24,0,0,9999
34663,43265,2022-09-08,0,0,9999
34667,43268,2024-01-19,0,0,9999
34668,43269,2022-10-17,0,0,9999
34677,43279,2025-06-28,0,0,9999
34685,43286,2021-02-10,0,0,9999
34697,43299,2025-09-25,0,0,9999
34712,43318,2023-10-09,0,0,9999
34716,43321,2025-11-29,0,0,9999
34719,43324,2026-01-28,0,1,1
34719,43325,2026-01-27,1,0,9999
34720,43326,2026-01-30,0,0,9999
34731,43336,2025-02-06,0,0,9999
34743,43353,2025-06-22,0,0,9999
34745,43354,2025-05-27,0,0,9999
34751,43362,2025-05-18,0,0,9999
34752,43366,2020-08-31,0,0,9999
34787,43409,2025-11-27,0,0,9999
34788,43410,2026-01-26,0,0,9999
34795,43417,2026-01-26,0,0,9999
34809,43430,2021-02-05,0,0,9999
34811,43431,2025-02-23,0,0,9999
34818,43440,2024-05-16,0,0,9999
34832,43454,2025-10-11,0,0,9999
34841,43462,2020-10-08,0,0,9999
34845,43468,2022-02-06,0,0,9999
34850,43473,2020-07-03,0,0,9999
34857,43481,2021-04-10,0,0,9999
34863,43489,2023-12-19,0,0,9999
34873,43500,2024-11-22,0,0,9999
34888,43522,2023-03-23,0,0,9999
34891,43526,2024-11-17,0,0,9999
34897,43533,2022-02-15,0,0,9999
34901,43537,2022-09-05,0,0,9999
34902,43539,2024-12-10,0,0,9999
34905,43542,2022-08-01,0,0,9999
34909,43547,2025-05-15,0,0,9999
34922,43561,2025-04-12,0,0,9999
34924,43566,2025-01-24,0,0,9999
34943,43592,2023-11-30,0,0,9999
34946,43597,2023-02-10,0,0,9999
34964,43627,2026-01-28,0,0,9999
34964,43628,2026-01-28,0,0,9999
34966,43631,2025-06-07,0,0,9999
34977,43649,2025-01-10,0,0,9999
34979,43654,2019-12-11,0,0,9999
34997,43674,2022-01-16,0,0,9999
34999,43677,2026-01-01,0,0,9999
35001,43680,2022-11-29,0,0,9999
35003,43684,2021-06-16,0,0,9999
35007,43688,2025-07-27,0,0,9999
35008,43689,2023-01-08,0,0,9999
35014,43701,2021-11-01,0,0,9999
35018,43707,2023-11-28,0,0,9999
35023,43714,2022-10-31,0,0,9999
35025,43715,2021-08-25,0,0,9999
35027,43719,2021-04-03,0,0,9999
35032,43728,2025-07-10,0,0,9999
35039,43736,2025-02-05,0,0,9999
35068,43764,2021-12-19,0,0,9999
35080,43776,2024-01-22,0,0,9999
35086,43784,2024-03-23,0,0,9999
35129,43849,2025-02-20,0,0,9999
35132,43850,2022-10-13,0,0,9999
35133,43853,2025-05-04,0,0,9999
35135,43856,2025-09-06,0,0,9999
35152,43877,2024-09-29,0,0,9999
35153,43878,2023-06-28,0,0,9999
35158,43885,2025-03-17,0,0,9999
35166,43894,2025-01-09,0,0,9999
35173,43902,2024-12-21,0,0,9999
35180,43910,2026-01-28,0,0,9999
35184,43913,2024-01-06,0,0,9999
35186,43919,2023-10-21,0,0,9999
35187,43921,2024-09-27,0,0,9999
35188,43924,2025-09-20,0,0,9999
35188,43927,2025-09-20,0,0,9999
35194,43933,2024-03-11,0,0,9999
35206,43943,2024-07-15,0,0,9999
35221,43958,2024-01-03,0,0,9999
35223,43965,2021-03-16,0,0,9999
35234,43971,2025-09-20,0,0,9999
35245,43986,2026-01-29,0,0,9999
35248,43988,2025-03-15,0,0,9999
35257,43998,2025-09-18,0,0,9999
35264,44004,2022-12-25,0,0,9999
35267,44010,2025-04-11,0,0,9999
35268,44011,2025-03-02,0,0,9999
35282,44028,2024-05-07,0,0,9999
35299,44050,2022-04-17,0,0,9999
35305,44062,2023-12-14,0,0,9999
35317,44078,2025-04-08,0,0,9999
35317,44079,2025-11-29,0,1,235
35318,44080,2025-09-23,0,0,9999
35325,44088,2025-12-17,0,0,9999
35326,44090,2024-03-10,0,0,9999
35337,44101,2022-09-19,0,0,9999
35337,44102,2024-08-05,0,1,686
35348,44121,2025-02-22,0,0,9999
35351,44126,2025-11-27,0,0,9999
35356,44129,2022-04-02,0,0,9999
35366,44137,2022-04-07,0,0,9999
35368,44140,2023-09-14,0,0,9999
35382,44153,2025-10-15,0,0,9999
35387,44159,2026-01-07,0,0,9999
35401,44172,2022-09-25,0,0,9999
35402,44174,2025-11-28,0,0,9999
35406,44180,2025-06-02,0,0,9999
35411,44186,2024-09-09,0,0,9999
35413,44188,2024-11-18,0,0,9999
35416,44193,2024-10-13,0,0,9999
35419,44197,2025-09-09,0,0,9999
35421,44202,2024-02-09,0,0,9999
35422,44205,2025-04-12,0,0,9999
35438,44223,2025-09-16,0,0,9999
35440,44226,2024-12-05,0,0,9999
35441,44228,2024-07-10,0,0,9999
35458,44249,2025-10-18,0,0,9999
35462,44254,2025-01-02,0,0,9999
35464,44258,2025-03-02,0,0,9999
35467,44262,2024-10-19,0,0,9999
35472,44268,2025-08-05,0,1,205
35472,44269,2025-01-12,0,0,9999
35480,44278,2022-04-14,0,1,253
35480,44279,2021-08-04,0,0,9999
35496,44296,2024-08-24,0,0,9999
35504,44311,2025-08-13,0,0,9999
35505,44313,2026-01-27,0,0,9999
35506,44316,2025-04-01,0,0,9999
35508,44318,2025-11-16,0,0,9999
35518,44331,2026-01-21,0,0,9999
35523,44335,2023-07-12,0,0,9999
35540,44355,2022-09-19,0,0,9999
35553,44374,2025-05-08,0,0,9999
35563,44387,2025-07-15,0,0,9999
35577,44399,2025-11-23,0,0,9999
35592,44413,2020-11-26,0,0,9999
35594,44416,2024-08-05,0,0,9999
35596,44418,2022-08-04,0,0,9999
35599,44420,2026-01-29,0,2,51
35599,44421,2025-12-09,0,1,6
35599,44423,2025-12-03,1,0,9999
35601,44425,2026-01-13,0,0,9999
35604,44428,2025-06-22,0,0,9999
35605,44430,2024-12-09,0,0,9999
35612,44442,2025-11-18,0,0,9999
35616,44446,2026-01-28,0,0,9999
35617,44448,2025-10-03,0,0,9999
35621,44454,2023-07-31,0,0,9999
35626,44463,2023-11-23,0,0,9999
35631,44467,2024-04-22,0,0,9999
35636,44472,2023-04-11,0,0,9999
35637,44475,2022-02-14,0,0,9999
35638,44476,2024-01-15,0,0,9999
35641,44481,2019-12-08,0,0,9999
35648,44488,2022-10-04,0,0,9999
35650,44492,2024-09-06,0,0,9999
35661,44504,2025-06-11,0,0,9999
35665,44510,2025-07-05,0,0,9999
35676,44521,2024-02-10,0,0,9999
35692,44537,2024-06-25,0,1,266
35692,44538,2023-10-03,0,0,9999
35694,44541,2025-06-12,0,0,9999
35698,44545,2020-02-20,0,1,247
35698,44546,2019-06-18,0,0,9999
35698,44547,2021-08-08,0,2,535
35700,44550,2020-08-01,0,0,9999
35714,44561,2024-11-06,0,0,9999
35718,44564,2021-12-24,0,0,9999
35736,44585,2024-03-22,0,0,9999
35740,44589,2025-02-03,0,0,9999
35778,44633,2025-12-18,0,0,9999
35779,44634,2025-10-05,0,0,9999
35805,44676,2021-09-23,0,0,9999
35815,44680,2023-08-06,0,0,9999
35817,44684,2022-06-30,0,0,9999
35826,44692,2024-08-20,0,0,9999
35834,44700,2024-01-22,0,0,9999
35836,44704,2022-04-02,0,1,540
35836,44706,2020-10-09,0,0,9999
35839,44709,2023-07-07,0,0,9999
35840,44711,2023-03-18,0,0,9999
35847,44718,2022-02-01,0,1,232
35847,44719,2021-06-14,0,0,9999
35847,44720,2025-05-03,0,2,1187
35851,44723,2024-11-02,0,1,707
35851,44724,2022-11-26,0,0,9999
35854,44730,2024-12-30,0,0,9999
35864,44744,2024-06-25,0,0,9999
35865,44745,2024-11-13,0,1,594
35865,44746,2023-03-30,0,0,9999
35866,44747,2024-01-05,0,0,9999
35873,44753,2024-08-11,0,0,9999
35873,44754,2025-06-26,0,1,319
35878,44765,2025-08-13,0,0,9999
35882,44771,2026-01-17,0,0,9999
35885,44775,2024-04-10,0,0,9999
35886,44776,2024-09-18,0,0,9999
35899,44799,2022-11-07,0,0,9999
35899,44800,2025-01-17,0,1,802
35904,44806,2025-08-01,0,0,9999
35927,44835,2024-07-13,0,0,9999
35945,44853,2024-05-26,0,0,9999
35950,44859,2025-12-30,0,0,9999
35956,44869,2025-09-07,0,0,9999
35960,44871,2024-12-08,0,0,9999
35961,44873,2026-01-22,0,0,9999
35968,44879,2023-09-26,0,0,9999
35981,44892,2021-02-05,0,0,9999
35992,44908,2024-07-28,0,0,9999
35993,44911,2026-01-16,0,0,9999
35996,44915,2023-04-28,0,0,9999
36000,44922,2025-09-25,0,0,9999
36002,44926,2023-12-15,0,0,9999
36006,44930,2026-01-03,0,0,9999
36007,44933,2024-10-02,0,0,9999
36011,44936,2025-12-22,0,0,9999
36013,44939,2024-05-23,0,0,9999
36015,44943,2025-09-21,0,0,9999
36026,44954,2026-01-30,0,0,9999
36027,44957,2023-07-28,0,0,9999
36031,44965,2025-06-11,0,0,9999
36034,44971,2024-04-03,0,0,9999
36041,44978,2025-07-26,0,0,9999
36049,44991,2022-05-25,0,0,9999
36089,45040,2023-10-05,0,0,9999
36090,45041,2026-01-23,0,0,9999
36096,45053,2024-06-28,0,0,9999
36096,45054,2024-11-22,0,1,147
36099,45057,2025-10-21,0,0,9999
36118,45077,2021-09-17,0,0,9999
36119,45079,2023-09-01,0,0,9999
36123,45083,2020-11-02,0,0,9999
36125,45087,2020-06-22,0,0,9999
36131,45095,2024-10-12,0,0,9999
36136,45098,2024-07-30,0,1,922
36136,45099,2022-01-20,0,0,9999
36139,45101,2025-12-10,0,0,9999
36153,45120,2025-07-05,0,1,222
36153,45121,2024-11-25,0,0,9999
36161,45132,2021-06-15,0,0,9999
36162,45133,2022-01-06,0,0,9999
36168,45139,2022-11-17,0,0,9999
36172,45144,2025-12-04,0,0,9999
36197,45173,2024-06-12,0,0,9999
36202,45176,2022-11-20,0,0,9999
36203,45177,2024-05-23,0,0,9999
36212,45191,2026-01-31,0,0,9999
36214,45192,2025-12-11,0,0,9999
36215,45194,2023-06-24,0,0,9999
36232,45217,2026-01-28,0,0,9999
36234,45221,2023-07-04,0,0,9999
36235,45223,2026-01-08,0,0,9999
36241,45229,2026-01-29,0,0,9999
36250,45237,2025-11-25,0,0,9999
36258,45242,2025-12-29,0,0,9999
36261,45246,2025-06-26,0,0,9999
36262,45250,2025-10-17,0,0,9999
36262,45251,2025-11-18,0,1,32
36266,45254,2021-09-16,0,0,9999
36268,45257,2023-02-23,0,0,9999
36268,45258,2024-12-04,0,1,650
36278,45270,2025-04-15,0,0,9999
36286,45278,2025-12-08,0,0,9999
36288,45280,2022-03-31,0,0,9999
36290,45281,2024-12-15,0,0,9999
36294,45286,2025-02-05,0,0,9999
36301,45294,2024-10-17,0,1,322
36301,45297,2023-11-30,0,0,9999
36302,45299,2021-12-27,0,0,9999
36314,45317,2023-06-25,0,0,9999
36324,45330,2024-11-29,0,0,9999
36333,45341,2024-05-14,0,0,9999
36333,45342,2025-09-11,0,1,485
36338,45352,2025-05-04,0,0,9999
36340,45354,2023-10-23,0,0,9999
36349,45366,2023-08-21,0,0,9999
36362,45381,2022-12-12,0,0,9999
36367,45394,2021-11-09,0,0,9999
36374,45401,2025-02-19,0,0,9999
36384,45414,2025-04-10,0,0,9999
36389,45419,2026-01-02,0,0,9999
36391,45420,2023-03-18,0,1,212
36391,45423,2022-08-18,0,0,9999
36396,45429,2022-09-07,0,0,9999
36397,45430,2023-11-16,0,0,9999
36397,45431,2024-02-19,0,1,95
36397,45432,2025-05-02,0,2,438
36413,45451,2025-09-18,0,0,9999
36424,45461,2024-01-06,0,0,9999
36448,45489,2021-11-04,0,0,9999
36449,45491,2025-03-31,0,0,9999
36455,45498,2025-07-02,0,0,9999
36463,45509,2023-01-09,0,0,9999
36470,45518,2025-12-09,0,0,9999
36476,45525,2024-06-16,0,0,9999
36492,45542,2025-11-01,0,0,9999
36502,45554,2022-11-12,0,0,9999
36523,45572,2025-10-01,0,0,9999
36526,45576,2024-02-22,0,0,9999
36532,45581,2024-04-08,0,1,607
36532,45582,2022-08-10,0,0,9999
36533,45584,2022-08-21,0,0,9999
36539,45592,2025-10-06,0,0,9999
36557,45610,2022-02-05,0,0,9999
36558,45612,2025-10-31,0,0,9999
36568,45627,2022-06-29,0,0,9999
36570,45631,2025-10-03,0,0,9999
36575,45638,2022-06-24,0,0,9999
36580,45642,2025-10-14,0,0,9999
36584,45646,2021-02-19,0,0,9999
36586,45648,2023-03-23,0,0,9999
36586,45651,2024-06-25,0,1,460
36589,45657,2025-12-28,0,0,9999
36602,45673,2025-07-02,0,1,3
36602,45674,2025-06-29,1,0,9999
36610,45684,2020-07-01,0,0,9999
36629,45707,2023-02-08,0,0,9999
36633,45712,2024-10-21,0,0,9999
36643,45724,2021-03-07,0,0,9999
36645,45726,2024-01-26,0,0,9999
36648,45729,2025-07-07,0,0,9999
36659,45740,2025-07-08,0,0,9999
36671,45753,2024-05-20,0,0,9999
36682,45763,2021-06-03,0,0,9999
36685,45768,2021-03-31,0,0,9999
36689,45772,2025-06-19,0,0,9999
36692,45778,2025-05-23,0,0,9999
36701,45789,2023-08-09,0,1,657
36701,45790,2021-10-21,0,0,9999
36721,45816,2025-12-19,0,0,9999
36735,45829,2026-01-28,0,0,9999
36741,45833,2025-06-23,0,0,9999
36746,45839,2021-07-24,0,0,9999
36750,45848,2024-10-27,0,0,9999
36765,45869,2021-08-16,0,0,9999
36766,45871,2025-12-24,0,0,9999
36767,45872,2025-10-02,0,0,9999
36769,45873,2025-03-06,0,0,9999
36770,45875,2025-08-02,0,0,9999
36773,45879,2024-09-18,0,0,9999
36780,45883,2022-04-25,0,0,9999
36787,45894,2025-12-28,0,0,9999
36803,45907,2025-06-19,0,0,9999
36803,45909,2026-01-18,0,1,213
36807,45917,2025-12-06,0,0,9999
36809,45921,2026-01-11,0,0,9999
36812,45925,2020-08-19,0,0,9999
36812,45926,2025-04-29,0,2,158
36812,45927,2024-11-22,0,1,1556
36814,45933,2021-04-16,0,0,9999
36824,45945,2023-08-18,0,0,9999
36826,45947,2022-12-31,0,0,9999
36840,45964,2020-10-19,0,0,9999
36852,45976,2022-08-12,0,0,9999
36865,45993,2025-09-02,0,0,9999
36872,46002,2025-07-07,0,0,9999
36878,46014,2023-04-19,0,0,9999
36879,46016,2025-03-14,0,0,9999
36900,46041,2025-07-10,0,0,9999
36904,46046,2025-07-24,0,0,9999
36913,46055,2024-11-27,0,0,9999
36914,46056,2025-08-02,0,0,9999
36918,46060,2022-10-31,0,0,9999
36919,46061,2022-11-02,0,0,9999
36921,46063,2023-01-14,0,0,9999
36922,46065,2025-03-20,0,0,9999
36929,46071,2021-09-05,0,0,9999
36930,46072,2025-06-26,0,1,319
36930,46073,2024-08-11,0,0,9999
36935,46078,2026-01-25,0,0,9999
36949,46095,2026-01-02,0,0,9999
36954,46103,2024-08-27,0,0,9999
36962,46119,2023-10-27,0,0,9999
36970,46130,2026-01-24,0,0,9999
36978,46140,2022-07-04,0,0,9999
36986,46158,2025-12-04,0,0,9999
36994,46172,2023-08-06,0,0,9999
37011,46195,2025-07-21,0,0,9999
37013,46198,2026-01-06,0,0,9999
37017,46202,2024-02-25,0,0,9999
37021,46208,2024-12-19,0,0,9999
37029,46220,2025-11-07,1,0,9999
37029,46221,2025-12-04,0,1,27
37036,46229,2024-04-24,0,0,9999
37049,46258,2025-07-03,0,0,9999
37063,46283,2023-02-06,0,0,9999
37065,46285,2025-10-01,0,0,9999
37066,46286,2023-01-25,0,0,9999
37069,46293,2025-11-11,0,1,86
37069,46295,2025-08-17,0,0,9999
37071,46296,2024-11-06,0,0,9999
37077,46308,2025-10-06,0,0,9999
37084,46323,2023-07-09,0,0,9999
37090,46329,2021-11-12,0,0,9999
37090,46330,2024-09-17,0,1,1040
37105,46348,2025-09-01,0,0,9999
37109,46354,2025-05-15,0,0,9999
37115,46358,2021-12-05,0,0,9999
37140,46394,2022-11-10,0,0,9999
37142,46399,2023-10-21,0,0,9999
37152,46408,2025-01-22,0,0,9999
37152,46409,2025-06-01,0,1,130
37159,46417,2025-04-28,0,0,9999
37161,46418,2025-07-24,0,0,9999
37164,46422,2025-10-25,0,0,9999
37175,46435,2025-11-25,0,0,9999
37195,46458,2026-01-29,0,0,9999
37199,46462,2025-11-10,0,0,9999
37201,46464,2023-09-20,0,0,9999
37203,46469,2025-08-30,0,0,9999
37211,46474,2024-05-17,0,0,9999
37234,46506,2026-01-30,0,0,9999
37250,46527,2025-08-24,0,0,9999
37252,46530,2022-05-17,0,0,9999
37254,46534,2026-01-25,0,0,9999
37263,46541,2025-11-26,0,0,9999
37278,46564,2024-11-18,0,0,9999
37292,46580,2022-02-15,0,0,9999
37292,46581,2022-07-25,0,1,160
37294,46582,2023-11-20,0,0,9999
37295,46583,2022-07-09,0,0,9999
37295,46584,2023-06-12,0,1,338
37322,46608,2022-02-15,0,0,9999
37333,46623,2025-10-24,0,1,10
37333,46625,2026-01-22,0,2,90
37333,46626,2025-10-14,1,0,9999
37337,46631,2026-01-02,0,1,1085
37337,46632,2023-01-13,0,0,9999
37347,46641,2025-05-11,0,0,9999
37359,46658,2023-08-05,0,0,9999
37366,46670,2025-11-17,0,0,9999
37378,46684,2020-02-25,0,0,9999
37393,46702,2026-01-13,0,0,9999
37395,46705,2025-06-07,0,0,9999
37397,46706,2023-10-07,0,0,9999
37402,46714,2024-04-10,0,0,9999
37407,46718,2021-12-25,0,0,9999
37414,46729,2025-08-01,0,0,9999
37421,46739,2024-01-18,0,0,9999
37437,46761,2025-04-13,0,0,9999
37445,46773,2025-09-27,0,0,9999
37448,46777,2025-01-17,0,0,9999
37452,46784,2025-10-14,0,0,9999
37453,46785,2024-08-05,0,0,9999
37456,46791,2023-01-14,0,0,9999
37465,46799,2026-01-23,0,0,9999
37476,46814,2025-07-13,0,0,9999
37493,46833,2026-01-15,0,1,956
37493,46834,2023-06-04,0,0,9999
37520,46868,2025-12-08,0,0,9999
37526,46874,2020-10-10,0,0,9999
37530,46878,2025-09-29,0,0,9999
37531,46879,2025-06-28,0,0,9999
37551,46904,2025-06-18,0,0,9999
37559,46922,2025-11-20,0,0,9999
37576,46940,2022-09-27,0,0,9999
37583,46951,2020-11-03,0,1,2
37583,46952,2024-10-08,0,2,1435
37583,46953,2020-11-01,1,0,9999
37584,46955,2024-06-02,0,0,9999
37586,46957,2024-05-16,0,0,9999
37596,46966,2025-12-24,0,1,279
37596,46968,2025-03-20,0,0,9999
37607,46981,2025-12-16,0,0,9999
37625,47001,2025-05-24,0,0,9999
37626,47003,2026-01-22,0,0,9999
37630,47006,2023-01-26,0,0,9999
37634,47010,2025-11-01,0,1,178
37634,47011,2025-05-07,0,0,9999
37637,47014,2023-07-13,0,0,9999
37641,47017,2025-09-05,0,0,9999
37644,47020,2023-06-26,0,0,9999
37649,47024,2026-01-11,0,0,9999
37664,47042,2025-02-26,0,0,9999
37666,47044,2025-03-29,0,0,9999
37667,47045,2025-02-20,0,0,9999
37672,47051,2023-11-02,0,0,9999
37678,47063,2024-07-29,0,0,9999
37684,47069,2025-03-10,0,0,9999
37691,47078,2025-11-03,0,0,9999
37712,47099,2022-10-10,0,0,9999
37712,47101,2025-10-06,0,1,1092
37721,47115,2024-02-05,0,0,9999
37723,47117,2026-01-26,0,0,9999
37751,47146,2025-09-27,0,0,9999
37762,47161,2025-03-17,0,0,9999
37763,47162,2025-10-20,0,0,9999
37773,47176,2025-08-09,0,0,9999
37777,47184,2025-11-04,0,0,9999
37784,47190,2024-02-12,0,1,1839
37784,47191,2019-01-30,0,0,9999
37787,47194,2025-01-03,0,0,9999
37794,47200,2024-12-22,0,0,9999
37798,47205,2021-06-05,0,0,9999
37798,47206,2023-08-29,0,1,815
37808,47218,2025-12-10,0,0,9999
37821,47235,2024-09-21,0,0,9999
37824,47238,2021-11-04,0,0,9999
37834,47249,2020-11-05,0,1,277
37834,47250,2020-02-02,0,0,9999
37838,47254,2025-10-08,0,0,9999
37854,47269,2025-08-08,1,0,9999
37854,47270,2025-09-05,0,1,28
37855,47272,2022-12-26,0,0,9999
37861,47284,2020-10-08,0,0,9999
37861,47285,2022-04-01,0,1,540
37862,47289,2024-12-10,0,0,9999
37866,47295,2022-05-11,0,0,9999
37869,47302,2025-08-30,0,0,9999
37891,47333,2025-11-04,0,0,9999
37902,47341,2025-08-27,0,0,9999
37911,47353,2025-07-01,0,0,9999
37915,47357,2024-10-17,0,0,9999
37935,47387,2026-01-27,0,0,9999
37946,47398,2025-02-06,0,0,9999
37948,47401,2023-09-21,0,0,9999
37953,47411,2022-09-02,0,0,9999
37959,47417,2026-01-30,0,0,9999
37976,47437,2025-11-15,0,0,9999
37983,47447,2022-05-19,0,0,9999
37988,47452,2025-12-12,0,0,9999
37991,47459,2022-02-27,0,0,9999
37992,47460,2026-01-27,0,0,9999
38002,47474,2025-07-17,0,0,9999
38007,47478,2025-06-10,0,0,9999
38017,47492,2023-03-23,0,1,48
38017,47493,2023-02-03,0,0,9999
38018,47495,2024-07-18,0,0,9999
38023,47500,2024-06-23,0,0,9999
38027,47503,2024-03-26,0,0,9999
38039,47516,2025-08-25,0,1,22
38039,47518,2025-08-03,1,0,9999
38040,47520,2026-01-23,0,0,9999
38044,47526,2023-06-14,0,0,9999
38048,47531,2023-07-30,0,0,9999
38052,47534,2025-03-15,0,1,257
38052,47536,2024-07-01,0,0,9999
38076,47563,2025-05-04,0,0,9999
38079,47565,2021-04-20,0,0,9999
38083,47568,2025-10-13,0,0,9999
38095,47577,2024-02-14,0,0,9999
38097,47579,2025-01-13,0,0,9999
38107,47588,2023-11-15,0,0,9999
38126,47609,2026-01-27,0,0,9999
38127,47611,2022-11-18,0,0,9999
38129,47613,2025-10-21,0,0,9999
38132,47615,2023-12-17,0,0,9999
38133,47616,2025-11-30,0,1,153
38133,47617,2025-06-30,0,0,9999
38138,47625,2025-05-17,0,0,9999
38140,47628,2025-09-19,0,0,9999
38146,47637,2024-09-05,0,0,9999
38155,47648,2025-04-16,0,0,9999
38172,47669,2025-01-30,0,0,9999
38174,47675,2023-11-10,0,0,9999
38175,47677,2025-04-02,0,0,9999
38186,47684,2025-06-03,0,1,1526
38186,47685,2021-03-30,0,0,9999
38189,47689,2024-06-10,0,0,9999
38192,47695,2025-12-14,0,0,9999
38205,47713,2023-12-27,0,0,9999
38219,47723,2023-07-05,0,0,9999
38235,47740,2019-12-09,0,0,9999
38240,47750,2023-02-25,0,0,9999
38240,47751,2026-01-22,0,1,1062
38245,47759,2025-08-02,0,0,9999
38281,47805,2023-12-11,0,0,9999
38287,47809,2026-01-30,0,0,9999
38290,47814,2022-09-20,0,0,9999
38292,47817,2020-05-03,0,0,9999
38298,47827,2025-07-31,0,0,9999
38301,47831,2024-11-11,0,0,9999
38302,47833,2025-03-28,0,0,9999
38303,47834,2025-08-16,0,0,9999
38317,47849,2024-11-18,0,0,9999
38331,47861,2019-11-01,0,0,9999
38335,47866,2021-07-25,0,0,9999
38342,47872,2026-01-27,0,0,9999
38345,47875,2024-05-19,0,0,9999
38345,47876,2025-07-15,0,1,422
38347,47880,2024-07-30,0,0,9999
38349,47883,2024-07-20,0,0,9999
38363,47898,2023-06-28,0,0,9999
38375,47911,2026-01-19,0,0,9999
38382,47921,2023-10-14,0,0,9999
38397,47940,2024-05-04,0,0,9999
38423,47967,2025-03-30,0,1,59
38423,47968,2025-01-30,0,0,9999
38425,47970,2025-02-04,0,0,9999
38427,47973,2025-12-05,0,0,9999
38428,47974,2025-09-24,0,0,9999
38436,47987,2022-10-26,0,0,9999
38480,48047,2022-12-13,0,0,9999
38481,48049,2021-11-06,0,0,9999
38481,48052,2024-02-13,0,1,829
38482,48053,2024-10-28,0,1,593
38482,48054,2023-03-15,0,0,9999
38482,48055,2024-12-01,0,2,34
38484,48058,2026-01-18,0,0,9999
38497,48070,2019-08-22,0,0,9999
38510,48086,2023-12-17,0,1,173
38510,48087,2023-06-27,0,0,9999
38512,48091,2024-01-02,0,0,9999
38516,48095,2024-01-07,0,0,9999
38518,48097,2025-06-04,0,0,9999
38519,48098,2025-10-28,0,0,9999
38521,48100,2021-11-29,0,0,9999
38525,48105,2025-12-22,0,0,9999
38527,48109,2025-10-14,0,0,9999
38533,48118,2026-01-04,0,0,9999
38534,48119,2025-05-30,0,0,9999
38553,48136,2024-03-18,0,0,9999
38558,48144,2025-07-22,0,0,9999
38563,48147,2025-08-13,0,0,9999
38572,48157,2022-08-08,0,0,9999
38574,48163,2024-01-26,0,0,9999
38582,48170,2025-03-22,0,0,9999
38596,48192,2024-08-18,0,0,9999
38599,48198,2025-11-06,0,0,9999
38614,48219,2023-04-20,0,1,385
38614,48221,2022-03-31,0,0,9999
38616,48224,2023-12-19,0,0,9999
38618,48228,2024-11-07,0,0,9999
38620,48230,2025-06-20,0,0,9999
38634,48249,2024-08-12,0,0,9999
38643,48260,2021-11-18,0,0,9999
38643,48261,2023-10-12,0,1,693
38644,48262,2026-01-28,0,0,9999
38648,48272,2025-06-18,0,0,9999
38675,48303,2020-08-23,0,0,9999
38694,48322,2024-08-02,0,0,9999
38695,48324,2024-07-26,0,0,9999
38705,48339,2025-01-07,0,0,9999
38715,48348,2025-06-09,0,0,9999
38732,48364,2025-12-30,1,0,9999
38732,48365,2026-01-03,0,1,4
38735,48369,2023-07-09,0,0,9999
38745,48384,2024-09-27,0,0,9999
38750,48390,2025-12-14,0,0,9999
38764,48409,2021-10-04,0,1,145
38764,48410,2021-05-12,0,0,9999
38769,48419,2021-06-08,0,0,9999
38784,48437,2022-09-27,0,0,9999
38790,48446,2024-03-08,0,0,9999
38790,48447,2025-11-15,0,1,617
38792,48449,2025-10-31,0,0,9999
38795,48453,2022-10-21,0,0,9999
38809,48474,2025-12-10,0,0,9999
38810,48476,2024-06-29,0,0,9999
38815,48481,2026-01-28,0,0,9999
38821,48486,2024-09-09,0,0,9999
38830,48494,2025-09-15,0,0,9999
38831,48495,2023-12-13,0,0,9999
38836,48500,2020-04-11,0,0,9999
38838,48502,2023-11-30,0,0,9999
38849,48515,2020-05-30,0,0,9999
38858,48521,2025-06-13,0,0,9999
38860,48526,2025-08-10,0,0,9999
38867,48534,2024-11-05,0,0,9999
38880,48548,2023-05-03,0,0,9999
38888,48560,2025-09-03,0,0,9999
38889,48561,2025-05-03,0,0,9999
38890,48562,2021-11-16,0,0,9999
38891,48563,2024-08-31,0,0,9999
38914,48586,2025-04-12,0,0,9999
38925,48605,2026-01-03,0,0,9999
38927,48609,2025-04-18,0,0,9999
38931,48611,2025-03-15,0,0,9999
38934,48615,2025-03-15,0,0,9999
38935,48616,2025-01-31,0,0,9999
38948,48631,2026-01-28,0,0,9999
38951,48638,2025-01-22,0,0,9999
38954,48641,2026-01-30,0,0,9999
38972,48661,2024-11-18,0,0,9999
38977,48670,2023-11-03,0,0,9999
38984,48676,2025-10-04,0,0,9999
38985,48677,2024-09-13,0,0,9999
38997,48692,2025-09-16,0,0,9999
39000,48695,2020-11-03,0,0,9999
39025,48724,2025-10-28,0,0,9999
39039,48747,2025-12-26,0,0,9999
39042,48750,2026-01-30,0,0,9999
39043,48751,2025-07-25,0,0,9999
39044,48753,2023-04-10,0,0,9999
39044,48754,2024-10-06,0,1,545
39053,48762,2024-04-09,0,0,9999
39061,48771,2026-01-16,0,0,9999
39063,48776,2023-01-10,0,0,9999
39077,48795,2022-04-18,0,0,9999
39079,48798,2025-09-17,0,0,9999
39090,48811,2024-03-23,0,0,9999
39098,48820,2024-04-08,0,0,9999
39105,48829,2025-11-29,0,0,9999
39112,48836,2021-07-14,0,0,9999
39113,48837,2023-10-24,0,0,9999
39135,48864,2025-12-29,0,0,9999
39138,48871,2025-07-28,0,0,9999
39148,48882,2026-01-30,0,0,9999
39155,48891,2025-05-28,0,0,9999
39162,48897,2025-06-18,0,0,9999
39163,48899,2025-10-25,0,0,9999
39168,48907,2025-01-22,0,0,9999
39168,48908,2025-08-17,0,1,207
39169,48910,2025-06-21,0,0,9999
39176,48916,2021-09-28,0,0,9999
39196,48944,2023-08-26,0,0,9999
39197,48947,2025-09-27,0,0,9999
39198,48950,2022-10-24,0,0,9999
39206,48955,2020-03-14,0,0,9999
39210,48959,2023-12-12,0,0,9999
39217,48973,2024-09-05,0,0,9999
39224,48981,2026-01-30,0,0,9999
39225,48982,2025-10-25,0,0,9999
39242,49006,2024-07-26,0,1,937
39242,49008,2022-01-01,0,0,9999
39247,49017,2025-02-15,0,0,9999
39258,49031,2025-09-28,0,1,393
39258,49033,2024-08-31,0,0,9999
39261,49037,2022-09-01,0,0,9999
39265,49041,2022-08-08,0,0,9999
39269,49044,2025-01-22,0,0,9999
39279,49055,2025-09-10,0,0,9999
39280,49058,2022-10-15,0,0,9999
39284,49063,2026-01-30,0,0,9999
39292,49075,2021-05-24,0,0,9999
39297,49084,2025-05-21,0,0,9999
39313,49110,2025-11-30,0,0,9999
39316,49114,2024-05-08,0,0,9999
39342,49137,2025-05-20,0,0,9999
39343,49141,2025-02-23,0,0,9999
39360,49164,2022-08-04,0,0,9999
39366,49169,2020-08-06,0,0,9999
39389,49195,2026-01-30,0,0,9999
39390,49199,2024-01-16,0,0,9999
39399,49213,2023-04-27,0,0,9999
39402,49220,2021-07-10,0,0,9999
39402,49222,2025-12-05,0,1,1609
39406,49224,2025-02-09,0,0,9999
39411,49230,2025-11-15,0,0,9999
39419,49246,2025-10-30,0,0,9999
39423,49256,2024-09-22,0,0,9999
39428,49260,2023-09-12,0,0,9999
39435,49266,2024-10-19,0,0,9999
39436,49267,2026-01-24,0,1,42
39436,49268,2025-12-13,0,0,9999
39454,49291,2024-11-02,0,0,9999
39457,49296,2025-02-17,0,0,9999
39465,49306,2023-01-18,0,0,9999
39487,49334,2020-06-06,0,0,9999
39498,49344,2022-08-21,0,0,9999
39504,49351,2022-12-10,0,0,9999
39517,49364,2022-03-16,0,0,9999
39527,49379,2026-01-04,0,0,9999
39529,49381,2021-02-13,0,0,9999
39529,49382,2023-06-05,0,1,842
39532,49385,2025-06-10,0,0,9999
39533,49387,2025-05-04,0,0,9999
39542,49396,2023-04-02,0,0,9999
39544,49402,2024-11-13,0,0,9999
39546,49404,2022-05-17,0,0,9999
39549,49406,2019-11-22,0,0,9999
39549,49407,2023-07-02,0,1,1318
39557,49414,2025-11-23,0,0,9999
39567,49427,2022-11-22,0,0,9999
39569,49430,2026-01-01,0,0,9999
39577,49438,2025-01-20,0,0,9999
39579,49441,2026-01-11,0,0,9999
39586,49449,2025-12-08,0,0,9999
39587,49451,2024-02-09,0,0,9999
39593,49455,2025-08-13,0,0,9999
39617,49488,2024-12-21,0,0,9999
39619,49491,2022-05-30,0,0,9999
39645,49523,2024-12-31,0,0,9999
39648,49525,2021-11-13,0,0,9999
39671,49556,2024-01-07,0,0,9999
39690,49582,2024-12-23,0,0,9999
39691,49584,2024-09-30,0,0,9999
39700,49595,2025-09-19,0,0,9999
39721,49616,2023-03-27,0,0,9999
39732,49628,2024-04-14,0,0,9999
39740,49639,2025-10-06,0,0,9999
39746,49646,2021-12-04,0,0,9999
39748,49649,2023-05-08,0,0,9999
39755,49655,2024-12-09,0,0,9999
39756,49656,2024-12-07,0,0,9999
39763,49666,2024-08-15,0,0,9999
39763,49667,2026-01-02,0,1,505
39775,49687,2025-06-06,0,0,9999
39790,49703,2024-10-04,0,0,9999
39802,49719,2025-03-29,0,0,9999
39804,49722,2020-07-30,0,0,9999
39804,49723,2023-04-04,0,1,978
39813,49733,2023-11-16,0,1,281
39813,49734,2023-02-08,0,0,9999
39816,49743,2025-12-02,0,0,9999
39824,49749,2024-11-03,0,0,9999
39829,49755,2022-08-31,0,0,9999
39829,49756,2024-07-16,0,1,685
39833,49760,2025-11-05,0,0,9999
39835,49766,2025-03-29,0,0,9999
39838,49770,2025-11-19,0,0,9999
39842,49778,2025-01-16,0,0,9999
39846,49781,2024-11-26,0,0,9999
39849,49784,2025-12-18,0,0,9999
39859,49797,2026-01-24,0,0,9999
39863,49803,2025-05-25,0,0,9999
39865,49805,2020-06-11,0,0,9999
39865,49806,2025-06-23,0,1,1838
39872,49812,2025-03-20,0,1,384
39872,49813,2024-03-01,0,0,9999
39896,49847,2025-11-12,0,0,9999
39902,49853,2025-07-14,0,0,9999
39908,49860,2021-07-15,0,0,9999
39927,49881,2025-08-18,0,0,9999
39936,49891,2023-12-05,0,0,9999
39937,49892,2025-08-21,0,1,35
39937,49893,2025-07-17,0,0,9999
39941,49898,2023-09-17,0,0,9999
39942,49899,2025-10-15,0,0,9999
39943,49901,2026-01-21,0,0,9999
39944,49903,2023-02-10,0,0,9999
39955,49915,2022-08-08,0,0,9999
39964,49925,2025-02-03,0,0,9999
39973,49936,2024-07-12,0,0,9999
39982,49943,2023-03-10,0,0,9999
39994,49955,2026-01-29,0,0,9999
39995,49956,2025-07-18,0,0,9999
39997,49958,2020-09-30,0,0,9999
40005,49967,2020-04-03,0,0,9999
40010,49970,2024-03-27,0,0,9999
40020,49979,2026-01-24,0,0,9999
40025,49985,2023-11-26,0,0,9999
40027,49987,2024-07-25,0,0,9999
40032,49991,2025-10-18,0,0,9999
40048,50016,2024-10-03,0,0,9999
40089,50065,2025-09-03,0,1,765
40089,50068,2023-07-31,0,0,9999
40102,50084,2021-06-18,0,0,9999
40103,50085,2023-01-26,0,0,9999
40107,50089,2022-12-15,0,0,9999
40110,50090,2023-01-25,0,0,9999
40111,50091,2024-05-27,0,0,9999
40117,50096,2025-07-17,0,1,444
40117,50097,2024-04-29,0,0,9999
40119,50099,2023-04-24,0,0,9999
40122,50102,2026-01-24,0,0,9999
40124,50106,2020-08-19,0,0,9999
40136,50115,2025-10-06,0,0,9999
40138,50117,2024-05-29,0,0,9999
40138,50118,2025-01-13,0,1,229
40141,50123,2025-11-14,0,0,9999
40154,50145,2024-09-05,0,0,9999
40160,50152,2021-07-16,0,0,9999
40165,50158,2025-11-30,0,0,9999
40170,50162,2023-10-03,0,0,9999
40174,50169,2024-08-23,0,0,9999
40175,50170,2025-07-09,0,0,9999
40186,50185,2023-09-05,0,0,9999
40188,50189,2026-01-14,0,0,9999
40191,50196,2025-05-02,0,0,9999
40200,50204,2025-05-16,0,0,9999
40203,50207,2024-11-05,0,0,9999
40205,50213,2025-03-06,0,0,9999
40215,50225,2025-10-23,0,0,9999
40218,50231,2023-11-04,0,0,9999
40231,50245,2025-11-13,1,0,9999
40231,50246,2025-11-14,0,1,1
40236,50249,2022-10-05,0,0,9999
40238,50251,2024-09-26,0,0,9999
40247,50263,2025-08-07,0,0,9999
40257,50273,2026-01-05,0,0,9999
40272,50294,2026-01-30,0,0,9999
40281,50307,2022-03-26,0,0,9999
40282,50308,2024-05-27,0,0,9999
40283,50311,2023-02-03,0,0,9999
40285,50312,2023-07-30,0,0,9999
40289,50321,2023-08-09,0,0,9999
40297,50327,2025-07-25,0,0,9999
40325,50363,2026-01-25,0,0,9999
40326,50364,2020-03-06,0,0,9999
40328,50366,2024-10-16,0,0,9999
40343,50384,2025-04-19,0,0,9999
40348,50390,2025-05-14,0,0,9999
40354,50403,2024-01-06,0,0,9999
40366,50423,2024-12-23,0,0,9999
40371,50426,2022-08-24,0,0,9999
40383,50440,2021-01-21,1,0,9999
40383,50442,2021-02-07,0,1,17
40386,50447,2023-08-31,0,0,9999
40390,50450,2025-10-04,0,0,9999
40392,50453,2025-12-26,1,0,9999
40392,50454,2026-01-13,0,1,18
40396,50458,2026-01-05,0,0,9999
40402,50465,2025-03-24,0,0,9999
40404,50468,2022-09-12,0,0,9999
40404,50469,2025-07-06,0,1,1028
40419,50480,2021-12-24,0,0,9999
40420,50482,2024-09-25,0,0,9999
40430,50493,2024-11-21,0,1,392
40430,50494,2023-10-26,0,0,9999
40436,50501,2020-11-21,0,0,9999
40439,50505,2025-12-02,0,0,9999
40440,50506,2020-03-23,0,0,9999
40445,50514,2025-01-22,0,0,9999
40446,50515,2025-05-01,0,0,9999
40462,50537,2025-10-24,0,0,9999
40474,50550,2023-12-07,0,0,9999
40481,50559,2025-07-03,0,0,9999
40509,50590,2025-12-11,0,0,9999
40517,50601,2020-07-18,0,0,9999
40520,50606,2024-08-31,0,0,9999
40536,50623,2025-09-28,0,0,9999
40537,50624,2022-06-05,0,0,9999
40541,50628,2025-12-03,0,0,9999
40551,50640,2025-12-24,0,0,9999
40570,50663,2023-06-05,0,0,9999
40602,50703,2024-06-24,0,0,9999
40603,50704,2026-01-26,0,0,9999
40621,50726,2024-04-05,0,0,9999
40643,50756,2025-03-20,0,0,9999
40650,50762,2024-06-29,0,0,9999
40655,50766,2025-07-04,0,1,299
40655,50767,2024-09-08,0,0,9999
40663,50775,2025-11-15,0,0,9999
40667,50782,2025-08-29,0,1,225
40667,50783,2025-01-16,0,0,9999
40686,50805,2025-12-30,0,0,9999
40692,50811,2023-02-14,0,0,9999
40693,50813,2026-01-20,0,0,9999
40694,50814,2023-03-09,0,0,9999
40705,50822,2023-03-17,0,0,9999
40705,50823,2023-05-28,0,1,72
40708,50828,2021-06-04,0,0,9999
40709,50829,2025-10-01,0,0,9999
40717,50836,2025-07-07,0,0,9999
40720,50839,2024-06-25,0,1,1470
40720,50842,2020-06-16,0,0,9999
40723,50849,2025-05-06,0,0,9999
40727,50858,2023-08-05,0,1,133
40727,50859,2025-10-24,1,2,811
40727,50860,2023-03-25,0,0,9999
40727,50861,2025-11-10,0,3,17
40731,50863,2022-02-21,0,0,9999
40732,50865,2022-10-18,0,0,9999
40738,50871,2025-03-07,0,0,9999
40754,50886,2026-01-16,0,0,9999
40758,50888,2023-08-09,0,0,9999
40772,50906,2025-11-01,0,0,9999
40777,50910,2021-11-03,0,0,9999
40787,50919,2024-11-05,0,0,9999
40797,50931,2023-08-31,0,0,9999
40801,50932,2022-07-15,0,0,9999
40804,50934,2024-02-25,0,0,9999
40813,50942,2025-04-29,0,1,979
40813,50943,2022-08-24,0,0,9999
40814,50945,2025-09-23,0,0,9999
40829,50962,2021-05-04,0,0,9999
40853,50983,2026-01-30,0,0,9999
40862,50994,2022-07-17,0,1,936
40862,50995,2019-12-24,0,0,9999
40881,51014,2025-12-03,0,0,9999
40882,51015,2025-10-10,0,0,9999
40902,51036,2024-12-26,0,0,9999
40903,51037,2025-03-03,0,0,9999
40915,51046,2024-05-30,0,0,9999
40928,51060,2023-06-14,0,0,9999
40934,51063,2025-07-23,0,1,713
40934,51066,2023-08-10,0,0,9999
40938,51071,2022-11-09,0,0,9999
40940,51073,2025-02-21,0,0,9999
40949,51086,2024-11-03,0,0,9999
40971,51112,2024-05-03,0,0,9999
40974,51114,2025-08-26,0,0,9999
40983,51126,2024-10-14,0,1,161
40983,51127,2024-05-06,0,0,9999
40988,51134,2025-07-21,0,0,9999
40991,51137,2025-12-20,0,1,815
40991,51138,2023-09-27,0,0,9999
40995,51144,2024-02-12,0,0,9999
40999,51150,2026-01-28,0,0,9999
41005,51155,2021-04-09,0,0,9999
41011,51160,2024-11-05,0,0,9999
41012,51162,2025-12-03,0,1,413
41012,51163,2024-10-16,0,0,9999
41013,51166,2022-12-27,0,0,9999
41014,51167,2023-03-15,0,0,9999
41021,51175,2022-03-20,0,0,9999
41021,51176,2023-01-07,0,1,293
41021,51178,2025-09-20,0,2,987
41034,51195,2025-04-21,0,0,9999
41053,51218,2025-05-28,0,0,9999
41062,51233,2025-12-12,0,0,9999
41064,51235,2021-08-05,0,0,9999
41072,51243,2025-04-02,0,2,491
41072,51244,2020-11-18,0,0,9999
41072,51245,2023-11-28,0,1,1105
41087,51256,2025-05-10,0,1,101
41087,51257,2025-01-29,0,0,9999
41090,51262,2026-01-29,1,0,9999
41090,51263,2026-01-30,0,1,1
41092,51264,2022-02-18,0,1,313
41092,51266,2025-04-16,0,2,1153
41092,51267,2021-04-11,0,0,9999
41099,51283,2024-07-18,0,0,9999
41125,51317,2020-12-05,0,0,9999
41126,51320,2025-06-07,0,2,30
41126,51321,2025-05-08,1,1,417
41126,51323,2024-03-17,0,0,9999
41129,51325,2026-01-25,0,0,9999
41131,51327,2025-10-30,0,0,9999
41151,51352,2025-06-20,0,0,9999
41154,51358,2025-12-19,0,0,9999
41166,51369,2024-07-10,0,0,9999
41168,51373,2026-01-26,0,0,9999
41172,51380,2023-02-05,0,1,175
41172,51381,2022-08-14,0,0,9999
41174,51384,2023-08-20,0,0,9999
41174,51386,2025-02-10,0,1,540
41176,51389,2024-04-27,0,0,9999
41187,51408,2025-05-07,0,0,9999
41188,51410,2025-11-17,0,0,9999
41196,51417,2022-03-30,0,0,9999
41215,51435,2024-03-06,0,1,1129
41215,51436,2021-02-01,0,0,9999
41231,51452,2023-07-23,0,0,9999
41240,51460,2022-02-07,0,0,9999
41249,51471,2021-06-19,0,0,9999
41270,51490,2023-12-12,0,0,9999
41272,51492,2025-08-15,0,0,9999
41276,51501,2025-01-26,0,0,9999
41276,51502,2025-09-24,0,1,241
41281,51508,2023-12-24,0,0,9999
41289,51520,2022-03-01,0,0,9999
41320,51559,2026-01-29,0,0,9999
41321,51564,2024-08-03,0,0,9999
41322,51565,2025-11-08,0,3,504
41322,51566,2023-08-01,0,1,94
41322,51567,2024-06-22,0,2,326
41322,51568,2023-04-29,0,0,9999
41329,51577,2024-06-21,0,0,9999
41340,51591,2024-12-17,0,0,9999
41345,51599,2026-01-04,0,1,1043
41345,51600,2023-02-26,0,0,9999
41365,51619,2020-07-10,0,0,9999
41367,51623,2024-05-12,0,0,9999
41376,51629,2024-05-25,0,1,470
41376,51630,2023-02-10,0,0,9999
41377,51631,2024-09-24,0,0,9999
41380,51634,2025-12-31,0,0,9999
41383,51639,2024-08-09,0,0,9999
41391,51644,2025-06-22,0,0,9999
41393,51648,2025-05-20,0,0,9999
41397,51654,2021-05-23,0,0,9999
41404,51659,2025-12-02,0,0,9999
41406,51660,2020-07-25,0,0,9999
41410,51664,2021-01-09,0,0,9999
41422,51682,2025-08-19,0,2,189
41422,51683,2025-02-11,0,1,287
41422,51685,2024-04-30,0,0,9999
41427,51690,2025-11-23,0,0,9999
41432,51701,2023-09-10,0,0,9999
41448,51722,2022-08-23,0,0,9999
41450,51726,2023-06-14,0,0,9999
41468,51745,2025-12-07,0,0,9999
41478,51763,2023-10-25,0,0,9999
41479,51764,2024-02-14,0,0,9999
41479,51765,2025-12-28,0,1,683
41485,51776,2025-12-06,0,0,9999
41491,51782,2025-05-07,0,0,9999
41493,51783,2025-04-27,0,0,9999
41500,51788,2025-11-05,0,0,9999
41502,51789,2026-01-15,0,0,9999
41504,51792,2024-04-19,0,0,9999
41507,51798,2024-02-14,0,0,9999
41509,51800,2026-01-09,0,0,9999
41510,51802,2025-05-02,0,0,9999
41517,51807,2026-01-19,0,0,9999
41518,51809,2026-01-22,0,0,9999
41527,51822,2025-12-11,0,0,9999
41528,51823,2025-03-18,0,0,9999
41531,51827,2024-01-06,0,0,9999
41541,51843,2021-08-14,0,0,9999
41559,51866,2026-01-29,0,0,9999
41561,51868,2025-04-13,0,0,9999
41568,51876,2022-06-11,0,0,9999
41568,51877,2024-01-23,0,1,591
41568,51879,2025-11-06,0,2,653
41576,51887,2025-06-16,0,0,9999
41589,51904,2025-11-21,0,0,9999
41591,51908,2025-02-21,0,0,9999
41591,51909,2025-10-04,0,1,225
41598,51919,2025-02-09,0,0,9999
41600,51921,2025-09-23,0,0,9999
41611,51934,2023-01-17,0,0,9999
41615,51943,2021-12-29,0,0,9999
41616,51945,2025-09-01,0,0,9999
41619,51948,2025-12-20,0,0,9999
41632,51972,2025-03-27,0,0,9999
41641,51987,2026-01-13,0,0,9999
41667,52028,2023-10-21,0,0,9999
41676,52041,2025-11-01,0,0,9999
41682,52050,2025-11-03,0,0,9999
41686,52054,2020-12-12,0,0,9999
41687,52055,2020-03-20,0,0,9999
41693,52062,2024-03-06,0,1,1121
41693,52065,2021-02-09,0,0,9999
41706,52087,2025-10-02,0,0,9999
41725,52112,2025-11-11,0,0,9999
41730,52123,2024-04-24,0,0,9999
41746,52142,2024-09-20,0,0,9999
41756,52154,2024-08-26,0,0,9999
41761,52160,2025-09-10,0,0,9999
41763,52164,2022-04-18,0,0,9999
41768,52167,2025-11-29,0,2,26
41768,52168,2025-11-03,1,1,53
41768,52170,2025-09-11,0,0,9999
41770,52172,2024-03-08,0,0,9999
41778,52179,2025-03-17,0,0,9999
41782,52182,2023-04-18,0,0,9999
41784,52184,2025-10-06,0,0,9999
41786,52188,2024-05-06,0,0,9999
41788,52190,2024-06-16,0,0,9999
41791,52197,2025-07-02,0,0,9999
41793,52201,2025-12-05,0,0,9999
41801,52208,2025-07-31,0,0,9999
41812,52224,2025-12-15,0,1,42
41812,52225,2025-11-03,0,0,9999
41828,52241,2025-07-13,0,0,9999
41829,52242,2025-03-13,0,0,9999
41839,52253,2024-03-05,0,0,9999
41845,52258,2021-02-26,0,0,9999
41848,52263,2019-12-22,0,0,9999
41853,52271,2024-01-26,0,1,698
41853,52272,2022-02-27,0,0,9999
41866,52291,2024-08-29,0,0,9999
41867,52292,2023-05-24,0,0,9999
41870,52294,2025-04-08,0,0,9999
41881,52308,2025-05-11,0,0,9999
41895,52317,2024-11-28,0,0,9999
41902,52333,2024-04-14,0,0,9999
41907,52339,2025-09-19,0,1,46
41907,52340,2025-08-04,0,0,9999
41921,52355,2025-05-18,0,0,9999
41924,52361,2024-12-01,0,0,9999
41925,52362,2024-08-15,0,0,9999
41928,52365,2022-12-21,0,0,9999
41934,52374,2026-01-29,0,0,9999
41936,52376,2024-01-27,0,0,9999
41938,52378,2024-02-05,0,0,9999
41948,52392,2025-01-27,0,0,9999
41950,52396,2026-01-26,0,0,9999
41954,52401,2023-04-17,0,0,9999
41987,52435,2024-07-13,0,0,9999
41987,52436,2025-09-27,0,1,441
42001,52451,2025-10-05,0,0,9999
42002,52453,2023-07-28,0,0,9999
42007,52459,2025-05-08,0,0,9999
42008,52460,2025-12-30,0,0,9999
42014,52467,2025-03-14,0,0,9999
42032,52489,2024-05-23,0,1,619
42032,52490,2022-09-12,0,0,9999
42036,52494,2026-01-12,0,0,9999
42042,52503,2023-10-14,0,0,9999
42045,52505,2025-04-04,0,0,9999
42046,52510,2022-03-25,0,0,9999
42061,52526,2025-11-23,0,0,9999
42083,52555,2025-07-01,0,0,9999
42093,52566,2021-12-11,0,0,9999
42105,52579,2026-01-12,0,0,9999
42114,52591,2025-04-28,0,0,9999
42120,52599,2025-10-12,0,0,9999
42128,52610,2025-08-18,0,0,9999
42130,52614,2022-09-14,0,0,9999
42146,52630,2024-10-10,0,0,9999
42148,52635,2024-04-30,0,0,9999
42150,52638,2023-12-17,0,0,9999
42154,52644,2023-08-16,0,0,9999
42154,52645,2025-11-27,0,1,834
42157,52651,2024-10-19,0,0,9999
42165,52657,2023-10-04,0,0,9999
42169,52661,2025-08-19,0,0,9999
42170,52662,2022-10-11,0,0,9999
42174,52668,2023-05-25,0,0,9999
42182,52674,2024-09-13,0,0,9999
42185,52678,2026-01-04,1,0,9999
42185,52679,2026-01-08,0,1,4
42187,52680,2024-01-16,0,0,9999
42188,52681,2025-05-31,0,0,9999
42189,52682,2019-11-24,0,0,9999
42189,52683,2026-01-22,0,2,1669
42189,52684,2021-06-28,0,1,582
42195,52689,2022-06-26,0,0,9999
42204,52699,2025-05-02,0,0,9999
42206,52702,2021-02-09,0,0,9999
42215,52712,2024-03-29,0,0,9999
42218,52715,2024-06-20,0,0,9999
42226,52724,2024-10-24,0,0,9999
42229,52726,2023-06-16,0,0,9999
42230,52727,2024-05-21,0,0,9999
42232,52730,2026-01-13,0,0,9999
42233,52732,2025-10-13,0,0,9999
42245,52744,2024-11-10,0,0,9999
42250,52748,2024-02-07,0,0,9999
42257,52757,2025-12-10,0,0,9999
42260,52761,2024-08-29,0,0,9999
42263,52767,2021-11-14,0,0,9999
42263,52769,2023-04-14,0,1,516
42268,52776,2024-10-26,0,0,9999
42270,52779,2025-07-27,0,0,9999
42271,52780,2024-12-16,0,0,9999
42277,52785,2020-10-10,0,0,9999
42277,52786,2024-02-18,0,1,1226
42283,52793,2024-07-03,0,0,9999
42288,52799,2022-12-06,0,0,9999
42296,52808,2024-01-17,0,0,9999
42307,52825,2023-11-02,0,0,9999
42309,52828,2023-02-18,0,0,9999
42312,52834,2021-10-03,0,0,9999
42315,52840,2021-02-14,0,0,9999
42332,52862,2024-09-10,0,0,9999
42334,52868,2025-02-06,0,0,9999
42361,52901,2022-12-29,0,0,9999
42370,52915,2024-11-09,0,1,38
42370,52916,2024-10-02,0,0,9999
42376,52923,2024-12-11,0,0,9999
42382,52930,2026-01-29,0,0,9999
42413,52968,2025-07-07,0,0,9999
42414,52970,2024-10-31,0,0,9999
42420,52977,2021-06-07,0,0,9999
42423,52981,2025-08-08,0,0,9999
42439,53009,2025-12-19,0,0,9999
42440,53011,2025-05-30,0,0,9999
42440,53012,2025-09-09,0,1,102
42464,53038,2024-04-24,0,1,1581
42464,53040,2019-12-26,0,0,9999
42466,53043,2023-04-12,0,0,9999
42467,53045,2024-09-14,0,0,9999
42469,53051,2021-12-05,0,0,9999
42469,53052,2023-03-28,0,1,478
42474,53059,2023-01-11,0,0,9999
42482,53067,2025-12-06,0,0,9999
42484,53069,2026-01-17,0,0,9999
42510,53105,2024-06-01,0,0,9999
42517,53117,2025-05-16,0,0,9999
42523,53125,2024-11-09,0,0,9999
42525,53127,2020-07-16,0,0,9999
42530,53132,2024-12-25,0,0,9999
42531,53135,2025-07-02,0,0,9999
42533,53136,2023-10-16,0,1,353
42533,53137,2022-10-28,0,0,9999
42538,53147,2024-09-08,0,0,9999
42539,53148,2022-12-16,0,0,9999
42543,53151,2025-12-27,0,0,9999
42549,53160,2024-10-22,0,0,9999
42550,53161,2023-11-08,0,0,9999
42552,53165,2023-06-16,0,0,9999
42574,53187,2024-06-14,0,0,9999
42584,53195,2024-07-09,0,0,9999
42591,53205,2025-05-26,0,0,9999
42598,53215,2024-08-31,0,0,9999
42603,53220,2026-01-30,0,0,9999
42611,53232,2024-11-04,1,0,9999
42611,53233,2024-12-01,0,1,27
42612,53234,2024-08-01,0,0,9999
42626,53245,2024-07-18,0,0,9999
42639,53256,2022-08-13,0,1,568
42639,53257,2025-09-21,0,2,1135
42639,53259,2021-01-22,0,0,9999
42648,53272,2025-07-16,0,0,9999
42676,53314,2023-09-28,0,0,9999
42684,53322,2023-09-26,0,0,9999
42688,53332,2020-12-06,0,0,9999
42702,53352,2022-05-18,0,0,9999
42705,53356,2023-03-08,0,0,9999
42711,53365,2025-09-25,0,0,9999
42730,53383,2024-07-22,0,0,9999
42734,53388,2025-08-06,0,0,9999
42754,53417,2024-09-11,0,0,9999
42768,53437,2024-01-14,0,0,9999
42774,53444,2026-01-25,0,0,9999
42778,53448,2020-03-09,0,0,9999
42782,53453,2025-09-24,1,0,9999
42782,53454,2025-10-21,0,1,27
42796,53472,2025-05-01,0,0,9999
42808,53484,2026-01-22,0,0,9999
42811,53488,2024-12-30,0,0,9999
42815,53494,2024-04-25,0,0,9999
42828,53509,2021-07-21,0,0,9999
42832,53513,2025-03-08,0,0,9999
42834,53517,2020-06-15,0,0,9999
42842,53525,2023-12-13,0,1,759
42842,53527,2021-11-14,0,0,9999
42845,53530,2025-11-13,0,0,9999
42848,53534,2023-11-29,0,0,9999
42862,53554,2023-04-22,1,0,9999
42862,53555,2023-05-10,0,1,18
42869,53564,2026-01-16,0,0,9999
42874,53571,2023-02-07,0,0,9999
42884,53586,2025-08-21,0,0,9999
42890,53595,2025-12-02,0,0,9999
42908,53612,2025-05-06,0,0,9999
42937,53641,2023-03-24,0,0,9999
42938,53643,2025-07-15,0,0,9999
42944,53653,2026-01-29,0,0,9999
42947,53656,2025-03-28,0,0,9999
42951,53662,2023-03-03,0,0,9999
42954,53666,2024-02-19,0,0,9999
42956,53667,2026-01-10,0,0,9999
42977,53693,2025-03-01,0,0,9999
42979,53696,2025-11-20,0,0,9999
42993,53716,2023-11-10,0,0,9999
42999,53723,2025-01-07,0,0,9999
43001,53724,2025-12-26,0,1,233
43001,53725,2025-05-07,0,0,9999
43009,53732,2021-09-23,0,0,9999
43009,53733,2024-10-26,0,1,1129
43011,53735,2025-07-31,0,0,9999
43026,53756,2024-06-26,0,0,9999
43031,53762,2021-09-04,0,0,9999
43041,53776,2024-07-18,0,0,9999
43057,53795,2023-11-23,0,0,9999
43063,53806,2024-10-08,0,0,9999
43075,53822,2025-06-25,0,0,9999
43094,53843,2022-03-31,0,0,9999
43095,53844,2025-01-22,0,0,9999
43104,53853,2026-01-27,0,0,9999
43115,53866,2023-11-09,0,0,9999
43115,53867,2024-02-19,0,1,102
43116,53868,2024-02-21,0,0,9999
43119,53870,2025-09-09,0,0,9999
43120,53872,2023-03-07,0,0,9999
43130,53880,2026-01-05,0,0,9999
43141,53893,2022-08-17,0,0,9999
43142,53896,2026-01-28,0,1,3
43142,53898,2026-01-25,1,0,9999
43150,53908,2025-04-19,0,0,9999
43164,53922,2025-10-05,0,0,9999
43166,53925,2024-10-08,0,0,9999
43171,53927,2025-10-10,0,0,9999
43179,53937,2022-02-07,0,1,513
43179,53939,2020-09-12,0,0,9999
43179,53940,2023-10-17,0,2,617
43195,53958,2020-12-22,0,0,9999
43198,53962,2022-04-15,0,0,9999
43198,53963,2024-02-08,0,1,664
43202,53966,2025-05-21,0,0,9999
43214,53974,2025-01-05,0,0,9999
43218,53979,2023-12-05,0,0,9999
43218,53980,2024-09-07,0,1,277
43233,54002,2025-09-29,0,0,9999
43242,54018,2025-06-28,0,1,398
43242,54019,2024-05-26,0,0,9999
43252,54033,2025-12-28,0,0,9999
43253,54034,2025-05-03,0,0,9999
43262,54044,2023-01-15,0,0,9999
43267,54050,2024-02-16,0,0,9999
43267,54051,2024-07-08,0,1,143
43275,54058,2025-07-29,0,0,9999
43289,54076,2025-05-12,0,1,827
43289,54077,2023-02-05,0,0,9999
43300,54091,2021-03-11,0,0,9999
43302,54093,2025-04-21,0,0,9999
43302,54096,2025-09-09,0,1,141
43307,54103,2025-10-31,0,0,9999
43308,54105,2023-12-06,0,0,9999
43322,54120,2026-01-06,0,0,9999
43323,54121,2025-06-28,0,1,1197
43323,54122,2022-03-19,0,0,9999
43327,54130,2026-01-27,0,0,9999
43336,54147,2025-07-15,0,0,9999
43339,54151,2024-04-20,0,0,9999
43339,54154,2025-04-07,0,1,352
43343,54157,2025-07-10,0,0,9999
43356,54173,2024-09-20,0,0,9999
43371,54190,2024-07-27,0,0,9999
43379,54198,2025-12-14,0,0,9999
43393,54214,2025-05-28,0,0,9999
43395,54215,2026-01-21,0,0,9999
43413,54240,2025-12-24,0,0,9999
43422,54249,2025-08-10,0,0,9999
43435,54265,2024-09-23,0,0,9999
43478,54315,2025-10-16,0,0,9999
43485,54322,2023-04-23,0,0,9999
43521,54371,2024-10-06,0,0,9999
43521,54372,2026-01-26,0,1,477
43528,54379,2021-10-12,0,1,321
43528,54381,2020-11-25,0,0,9999
43531,54386,2023-12-14,0,0,9999
43532,54388,2024-01-20,0,0,9999
43544,54404,2026-01-28,0,0,9999
43545,54405,2025-01-05,0,0,9999
43547,54407,2026-01-28,0,0,9999
43557,54416,2025-06-02,0,0,9999
43558,54419,2025-09-22,0,0,9999
43562,54422,2023-04-26,0,0,9999
43597,54453,2026-01-11,0,0,9999
43600,54456,2024-11-30,0,0,9999
43601,54458,2022-10-16,0,0,9999
43605,54463,2025-01-22,0,0,9999
43613,54474,2025-05-20,0,0,9999
43619,54484,2024-08-19,0,0,9999
43621,54485,2026-01-29,0,0,9999
43633,54500,2022-09-22,0,0,9999
43639,54502,2024-04-03,0,0,9999
43660,54528,2024-06-16,0,1,932
43660,54529,2021-11-27,0,0,9999
43664,54533,2026-01-27,0,0,9999
43675,54549,2025-04-09,0,0,9999
43677,54554,2025-09-12,0,0,9999
43683,54560,2025-10-21,0,0,9999
43685,54563,2025-01-23,0,1,27
43685,54565,2024-12-27,1,0,9999
43688,54568,2021-10-20,0,0,9999
43693,54575,2025-04-25,0,0,9999
43694,54578,2023-12-03,0,0,9999
43698,54584,2019-10-10,0,0,9999
43708,54603,2022-11-06,0,0,9999
43709,54605,2025-12-03,0,0,9999
43714,54609,2025-11-21,0,0,9999
43743,54652,2025-06-01,0,0,9999
43745,54655,2021-01-09,0,0,9999
43756,54670,2022-02-21,0,0,9999
43763,54682,2023-03-17,0,0,9999
43778,54701,2022-06-20,0,0,9999
43794,54721,2025-11-08,0,0,9999
43798,54724,2023-07-14,0,1,417
43798,54727,2022-05-23,0,0,9999
43806,54736,2025-03-04,0,0,9999
43811,54742,2025-07-09,0,1,31
43811,54743,2025-06-08,0,0,9999
43812,54744,2025-12-25,1,0,9999
43812,54745,2025-12-27,0,1,2
43820,54753,2022-07-14,0,0,9999
43822,54757,2025-02-14,0,0,9999
43840,54778,2022-02-05,0,0,9999
43845,54787,2022-08-13,0,0,9999
43845,54788,2024-10-08,0,1,787
43870,54820,2024-01-31,0,0,9999
43870,54821,2025-02-04,0,1,370
43885,54837,2025-03-16,0,0,9999
43919,54881,2024-10-15,0,0,9999
43934,54899,2025-09-13,0,0,9999
43937,54905,2023-04-10,0,0,9999
43950,54921,2020-09-15,0,0,9999
43952,54923,2024-06-24,0,0,9999
43958,54933,2023-05-24,0,0,9999
43964,54943,2023-11-29,0,0,9999
43988,54964,2025-05-01,0,0,9999
43994,54971,2022-03-22,0,0,9999
43994,54972,2025-02-15,0,1,1061
43998,54978,2024-11-11,0,0,9999
44001,54981,2023-01-28,0,0,9999
44020,55002,2025-02-26,0,0,9999
44021,55003,2024-09-07,0,0,9999
44022,55005,2020-07-11,0,0,9999
44054,55045,2023-06-06,0,0,9999
44057,55047,2025-12-13,0,0,9999
44068,55064,2025-07-27,0,0,9999
44068,55065,2025-12-17,0,1,143
44071,55070,2024-11-13,0,1,187
44071,55072,2024-05-10,0,0,9999
44078,55079,2025-07-27,0,0,9999
44080,55082,2026-01-30,0,0,9999
44084,55088,2022-12-17,0,0,9999
44092,55106,2024-04-22,0,0,9999
44107,55124,2026-01-08,0,2,2
44107,55125,2026-01-06,1,1,49
44107,55126,2025-11-18,0,0,9999
44123,55151,2025-03-19,0,1,1544
44123,55152,2020-12-26,0,0,9999
44125,55157,2025-02-26,0,0,9999
44135,55166,2025-11-08,0,0,9999
44138,55170,2022-09-18,0,0,9999
44146,55180,2025-05-17,0,0,9999
44167,55201,2023-12-27,0,0,9999
44170,55207,2022-02-16,0,0,9999
44172,55211,2021-06-29,0,0,9999
44174,55213,2025-10-06,0,0,9999
44176,55217,2025-09-05,0,0,9999
44182,55227,2023-04-09,0,0,9999
44190,55238,2023-11-21,0,0,9999
44197,55246,2025-10-04,0,0,9999
44205,55261,2025-10-24,0,0,9999
44206,55262,2026-01-04,0,0,9999
44215,55272,2021-10-04,0,0,9999
44225,55290,2025-01-12,0,0,9999
44231,55296,2025-11-26,0,0,9999
44239,55304,2026-01-25,0,0,9999
44240,55306,2023-03-11,0,0,9999
44244,55311,2025-06-29,0,0,9999
44247,55316,2022-04-24,0,0,9999
44249,55319,2026-01-28,0,0,9999
44279,55352,2022-10-03,0,0,9999
44279,55353,2024-11-06,0,1,765
44281,55355,2025-12-15,0,0,9999
44308,55389,2025-01-15,0,0,9999
44309,55391,2025-09-27,0,0,9999
44317,55402,2026-01-06,0,0,9999
44320,55406,2025-11-26,0,0,9999
44326,55409,2025-11-13,0,0,9999
44328,55411,2026-01-27,0,0,9999
44332,55416,2025-11-04,0,0,9999
44337,55423,2024-06-11,0,0,9999
44341,55429,2024-11-01,0,0,9999
44342,55431,2025-07-23,0,0,9999
44343,55432,2026-01-30,0,0,9999
44354,55446,2025-12-20,0,1,134
44354,55448,2025-08-08,0,0,9999
44356,55453,2025-09-25,0,0,9999
44404,55506,2021-11-07,0,0,9999
44416,55519,2020-07-13,0,0,9999
44432,55533,2022-11-15,0,1,114
44432,55534,2022-07-24,0,0,9999
44432,55535,2023-05-27,0,2,193
44439,55541,2022-05-12,0,0,9999
44440,55542,2021-12-23,0,0,9999
44447,55552,2024-04-26,0,0,9999
44447,55553,2025-01-03,0,1,252
44452,55559,2024-08-28,0,0,9999
44460,55565,2023-01-12,0,0,9999
44467,55574,2026-01-29,0,0,9999
44476,55587,2025-12-07,0,0,9999
44494,55606,2024-03-10,0,0,9999
44504,55616,2024-08-01,0,0,9999
44507,55621,2024-07-13,0,0,9999
44526,55642,2024-05-27,0,0,9999
44527,55643,2025-11-25,0,0,9999
44535,55654,2026-01-30,0,0,9999
44538,55658,2025-11-16,0,0,9999
44542,55661,2022-08-19,0,0,9999
44569,55692,2025-02-07,0,0,9999
44575,55700,2020-07-31,0,0,9999
44579,55702,2025-09-15,0,0,9999
44580,55704,2023-07-13,0,0,9999
44593,55718,2025-09-18,0,0,9999
44597,55724,2024-09-22,0,0,9999
44602,55728,2024-11-20,0,0,9999
44610,55736,2025-12-28,0,0,9999
44615,55741,2024-09-06,0,0,9999
44616,55745,2025-05-18,0,0,9999
44627,55762,2025-09-24,0,0,9999
44632,55768,2026-01-30,0,0,9999
44633,55770,2023-01-02,0,0,9999
44636,55772,2019-11-15,0,0,9999
44648,55788,2025-05-02,0,0,9999
44655,55794,2024-06-27,0,0,9999
44666,55803,2025-07-27,0,0,9999
44669,55805,2025-04-05,0,0,9999
44688,55833,2026-01-30,0,0,9999
44688,55834,2026-01-30,0,0,9999
44693,55839,2026-01-30,0,0,9999
44696,55842,2026-01-17,0,0,9999
44699,55846,2023-12-03,0,0,9999
44699,55847,2025-08-06,0,1,612
44700,55848,2024-08-31,0,0,9999
44709,55858,2023-11-30,0,0,9999
44715,55865,2025-09-03,0,0,9999
44723,55875,2024-06-25,0,0,9999
44725,55880,2021-06-02,0,0,9999
44731,55889,2026-01-30,0,0,9999
44733,55892,2023-05-25,0,0,9999
44741,55901,2023-07-15,0,0,9999
44763,55924,2024-05-16,0,0,9999
44766,55926,2019-06-15,0,0,9999
44772,55933,2023-02-13,0,0,9999
44777,55942,2025-06-08,0,0,9999
44785,55953,2026-01-24,0,0,9999
44798,55970,2025-10-10,0,0,9999
44801,55973,2024-11-27,0,0,9999
44809,55986,2025-10-11,0,0,9999
44817,55995,2023-11-17,0,0,9999
44827,56008,2023-07-12,0,0,9999
44861,56047,2025-02-16,0,0,9999
44864,56054,2026-01-20,0,0,9999
44881,56073,2024-06-03,0,0,9999
44883,56076,2025-10-27,0,0,9999
44911,56106,2024-03-07,0,0,9999
44911,56108,2024-06-06,0,1,91
44913,56110,2025-11-04,0,0,9999
44936,56143,2025-03-21,0,0,9999
44941,56152,2025-05-09,0,0,9999
44944,56155,2025-10-29,0,0,9999
44958,56173,2023-01-12,0,0,9999
44961,56175,2025-10-11,0,1,7
44961,56176,2025-10-04,1,0,9999
44978,56194,2022-02-24,0,0,9999
44980,56198,2025-02-09,0,0,9999
44983,56204,2025-10-23,0,0,9999
44983,56207,2026-01-27,0,1,96
44987,56212,2025-11-23,0,0,9999
44988,56213,2021-06-17,0,1,362
44988,56214,2020-06-20,0,0,9999
44990,56216,2024-10-05,0,0,9999
45010,56238,2021-11-19,0,0,9999
45011,56241,2022-12-11,0,0,9999
45030,56268,2023-05-28,0,0,9999
45036,56282,2024-12-31,0,0,9999
45037,56283,2022-12-25,0,0,9999
45056,56302,2021-05-21,0,0,9999
45067,56316,2025-06-17,0,0,9999
45068,56320,2021-01-18,0,0,9999
45069,56321,2026-01-17,0,0,9999
45080,56336,2025-05-30,0,0,9999
45082,56340,2024-03-25,0,0,9999
45092,56354,2021-10-10,0,0,9999
45111,56374,2026-01-25,0,0,9999
45123,56384,2022-09-10,0,0,9999
45139,56408,2024-07-16,0,0,9999
45150,56419,2024-02-23,0,0,9999
45159,56430,2025-12-25,0,0,9999
45170,56440,2025-03-06,0,0,9999
45172,56443,2024-11-22,0,0,9999
45179,56453,2026-01-28,0,0,9999
45183,56457,2026-01-30,0,1,43
45183,56458,2025-12-18,0,0,9999
45188,56463,2025-02-04,0,0,9999
45195,56472,2023-11-18,0,0,9999
45210,56486,2023-07-12,0,0,9999
45237,56518,2023-07-20,0,0,9999
45240,56520,2025-09-23,0,0,9999
45246,56529,2026-01-30,0,0,9999
45261,56547,2024-05-10,0,0,9999
45270,56555,2025-08-02,0,0,9999
45291,56585,2026-01-06,0,1,10
45291,56586,2025-12-27,1,0,9999
45295,56591,2022-11-16,0,0,9999
45296,56593,2025-10-01,0,0,9999
45309,56608,2024-05-06,0,0,9999
45311,56611,2024-01-04,0,0,9999
45314,56614,2026-01-29,0,0,9999
45317,56618,2025-06-08,0,0,9999
45323,56625,2025-12-02,0,0,9999
45325,56627,2023-04-14,0,1,302
45325,56629,2022-06-16,0,0,9999
45337,56639,2025-10-19,0,0,9999
45341,56645,2025-08-01,0,0,9999
45342,56647,2024-04-01,0,0,9999
45346,56652,2025-11-06,0,0,9999
45348,56654,2023-06-17,0,0,9999
45357,56666,2025-04-11,0,0,9999
45368,56677,2025-08-02,0,1,479
45368,56678,2024-04-10,0,0,9999
45369,56679,2024-06-18,0,0,9999
45382,56690,2025-12-25,0,0,9999
45384,56691,2021-06-26,0,0,9999
45388,56696,2025-06-15,0,0,9999
45389,56697,2025-10-03,0,0,9999
45432,56743,2023-03-31,0,0,9999
45438,56750,2022-09-03,0,0,9999
45449,56764,2024-11-18,0,0,9999
45452,56767,2024-09-17,0,0,9999
45453,56768,2023-10-23,0,0,9999
45457,56775,2023-08-10,0,0,9999
45459,56777,2026-01-12,0,0,9999
45464,56784,2023-06-18,0,0,9999
45465,56786,2025-06-19,0,0,9999
45468,56792,2022-10-28,0,0,9999
45482,56817,2025-03-10,0,0,9999
45494,56828,2024-12-09,0,0,9999
45495,56831,2025-08-25,0,0,9999
45500,56835,2025-05-23,0,0,9999
45502,56838,2025-11-25,0,0,9999
45506,56844,2025-12-10,0,1,98
45506,56846,2025-09-03,0,0,9999
45507,56848,2024-12-12,0,0,9999
45509,56851,2024-04-20,0,0,9999
45526,56876,2024-09-04,0,0,9999
45528,56877,2024-03-16,0,0,9999
45530,56883,2026-01-09,0,0,9999
45532,56886,2025-07-05,0,0,9999
45537,56894,2025-11-17,0,0,9999
45555,56914,2025-11-28,0,0,9999
45557,56915,2023-07-02,0,0,9999
45557,56916,2024-01-28,0,1,210
45559,56921,2024-11-30,0,0,9999
45561,56923,2025-08-27,0,0,9999
45566,56927,2023-12-11,0,0,9999
45569,56930,2025-11-04,0,0,9999
45573,56938,2024-10-10,0,0,9999
45578,56946,2023-12-19,0,0,9999
45578,56947,2024-04-24,0,1,127
45583,56953,2024-08-18,0,0,9999
45593,56961,2024-12-04,0,0,9999
45598,56968,2025-06-26,0,0,9999
45601,56973,2025-08-23,0,0,9999
45604,56979,2023-08-09,0,0,9999
45609,56987,2025-05-26,0,0,9999
45610,56990,2022-07-29,0,0,9999
45612,56992,2026-01-29,0,1,105
45612,56993,2025-10-16,0,0,9999
45615,56997,2023-04-13,0,0,9999
45631,57014,2024-05-22,0,0,9999
45655,57047,2026-01-30,0,0,9999
45656,57050,2026-01-26,0,0,9999
45671,57061,2025-04-09,0,0,9999
45679,57067,2026-01-28,0,0,9999
45685,57073,2025-08-22,0,0,9999
45694,57083,2025-06-13,0,0,9999
45733,57127,2019-11-13,0,0,9999
45740,57134,2023-08-09,0,0,9999
45743,57138,2023-02-01,0,0,9999
45746,57142,2023-06-29,0,0,9999
45748,57145,2022-05-04,0,0,9999
45748,57147,2023-11-26,0,1,571
45750,57150,2024-08-16,0,0,9999
45761,57163,2022-12-04,0,0,9999
45773,57179,2024-08-04,0,0,9999
45781,57188,2023-04-15,0,0,9999
45790,57195,2025-04-08,0,0,9999
45791,57196,2026-01-25,0,0,9999
45801,57206,2025-08-31,0,0,9999
45810,57218,2024-09-10,0,0,9999
45817,57222,2021-12-29,0,0,9999
45817,57224,2022-11-03,0,1,309
45828,57235,2025-12-01,0,0,9999
45847,57261,2025-09-04,0,0,9999
45854,57271,2024-12-05,0,0,9999
45859,57277,2022-03-26,0,0,9999
45870,57291,2024-09-11,0,0,9999
45880,57299,2022-10-14,0,0,9999
45889,57310,2021-03-14,0,0,9999
45890,57312,2023-04-03,0,0,9999
45893,57315,2025-01-28,0,0,9999
45904,57323,2024-11-26,0,0,9999
45907,57326,2021-04-24,0,0,9999
45908,57329,2024-05-27,0,0,9999
45910,57332,2025-09-21,0,1,716
45910,57333,2023-10-06,0,0,9999
45916,57345,2021-11-04,0,0,9999
45922,57354,2024-12-13,0,1,414
45922,57355,2023-10-26,0,0,9999
45934,57375,2025-12-28,0,0,9999
45938,57385,2025-12-02,0,0,9999
45939,57387,2024-09-03,0,0,9999
45939,57388,2025-02-03,0,1,153
45975,57442,2025-06-14,0,0,9999
45991,57462,2025-05-05,0,0,9999
45993,57464,2024-10-28,0,0,9999
45994,57466,2025-10-24,0,0,9999
45999,57478,2025-02-15,0,1,329
45999,57479,2024-03-23,0,0,9999
46030,57511,2023-07-19,0,0,9999
46039,57523,2021-11-09,0,0,9999
46041,57526,2024-08-07,0,0,9999
46067,57553,2023-06-03,0,0,9999
46068,57555,2024-09-10,0,0,9999
46071,57559,2025-06-20,0,1,471
46071,57560,2024-03-06,0,0,9999
46083,57571,2025-07-18,0,0,9999
46084,57573,2025-04-11,0,0,9999
46087,57576,2024-12-12,0,1,194
46087,57578,2024-06-01,0,0,9999
46094,57585,2021-06-25,0,0,9999
46106,57599,2026-01-30,0,0,9999
46110,57603,2024-08-18,0,0,9999
46116,57613,2025-10-30,0,0,9999
46129,57636,2024-11-03,0,0,9999
46137,57641,2019-05-27,0,0,9999
46138,57643,2025-11-09,0,0,9999
46140,57647,2024-10-11,0,0,9999
46143,57648,2025-07-25,0,0,9999
46162,57671,2025-02-27,0,0,9999
46166,57676,2025-11-16,0,0,9999
46176,57690,2025-01-02,0,0,9999
46179,57693,2023-08-12,0,0,9999
46180,57696,2024-12-01,0,0,9999
46183,57698,2022-08-17,0,0,9999
46186,57706,2024-05-07,0,0,9999
46187,57707,2024-03-05,0,0,9999
46196,57720,2025-08-19,0,0,9999
46216,57743,2023-06-18,0,0,9999
46222,57752,2023-08-05,0,0,9999
46227,57761,2022-02-15,0,0,9999
46239,57776,2020-07-05,0,0,9999
46247,57788,2023-02-21,0,0,9999
46247,57789,2023-03-28,0,1,35
46249,57790,2022-04-29,0,0,9999
46253,57798,2025-11-06,0,1,166
46253,57800,2025-05-24,0,0,9999
46254,57805,2026-01-29,0,0,9999
46256,57808,2023-09-30,0,0,9999
46257,57809,2023-12-28,0,0,9999
46268,57821,2023-04-08,0,0,9999
46280,57834,2020-10-18,0,0,9999
46288,57840,2021-12-15,0,0,9999
46301,57853,2025-12-28,0,0,9999
46305,57859,2024-12-27,0,0,9999
46306,57862,2020-12-23,0,0,9999
46308,57863,2024-07-13,0,0,9999
46319,57877,2025-06-21,0,0,9999
46336,57894,2024-05-03,0,0,9999
46349,57913,2024-07-29,0,0,9999
46351,57915,2026-01-23,0,1,227
46351,57916,2025-06-10,0,0,9999
46354,57919,2025-11-16,0,1,65
46354,57921,2026-01-22,0,2,67
46354,57922,2025-09-12,0,0,9999
46363,57931,2024-06-15,0,0,9999
46364,57933,2025-11-19,0,0,9999
46374,57946,2025-07-02,0,0,9999
46390,57970,2023-11-01,0,0,9999
46403,57981,2024-05-03,0,0,9999
46404,57983,2024-12-14,0,0,9999
46408,57989,2025-12-02,0,0,9999
46415,58002,2021-02-17,0,0,9999
46429,58020,2025-04-29,0,0,9999
46432,58025,2025-12-09,0,0,9999
46440,58035,2024-12-06,0,0,9999
46459,58055,2023-06-18,0,0,9999
46461,58057,2025-03-08,0,0,9999
46468,58066,2024-07-25,0,0,9999
46470,58069,2026-01-17,0,1,33
46470,58070,2025-12-15,0,0,9999
46481,58082,2021-09-03,0,0,9999
46490,58092,2025-09-29,0,0,9999
46501,58107,2025-03-30,0,0,9999
46506,58115,2022-10-21,0,0,9999
46511,58121,2025-03-23,0,0,9999
46525,58132,2022-10-23,0,0,9999
46528,58135,2025-12-17,0,0,9999
46533,58143,2024-08-12,0,0,9999
46537,58149,2026-01-12,0,0,9999
46549,58161,2025-07-09,0,0,9999
46557,58168,2025-08-07,0,0,9999
46572,58190,2023-09-13,0,0,9999
46573,58191,2025-09-27,0,0,9999
46588,58209,2023-10-19,0,0,9999
46588,58210,2025-04-01,0,2,284
46588,58211,2024-06-21,0,1,246
46591,58214,2024-01-04,0,0,9999
46594,58220,2024-01-10,0,0,9999
46594,58221,2025-06-24,0,1,531
46603,58233,2024-02-04,0,0,9999
46604,58234,2022-05-16,0,0,9999
46622,58260,2024-05-29,0,0,9999
46623,58262,2022-11-26,0,0,9999
46629,58269,2023-12-02,0,0,9999
46630,58270,2023-09-27,0,0,9999
46637,58280,2025-01-20,0,0,9999
46646,58293,2025-12-08,0,0,9999
46648,58296,2025-12-22,0,0,9999
46657,58306,2024-06-06,0,0,9999
46669,58317,2023-01-07,0,0,9999
46680,58334,2024-05-22,0,0,9999
46683,58340,2025-07-15,0,0,9999
46687,58343,2024-02-21,0,0,9999
46690,58345,2020-07-04,0,0,9999
46698,58353,2020-10-28,0,0,9999
46704,58365,2022-11-07,0,0,9999
46705,58366,2025-10-11,0,0,9999
46719,58383,2024-03-04,0,0,9999
46719,58384,2025-06-04,0,2,65
46719,58385,2025-03-31,0,1,392
46726,58395,2025-09-16,0,0,9999
46734,58403,2024-06-03,0,0,9999
46735,58404,2021-12-20,0,0,9999
46735,58406,2023-03-12,0,1,447
46741,58411,2025-09-14,0,0,9999
46751,58418,2025-09-13,0,0,9999
46752,58419,2025-10-11,0,1,123
46752,58420,2025-06-10,0,0,9999
46759,58431,2021-04-23,0,0,9999
46774,58445,2025-11-23,0,0,9999
46777,58447,2025-04-07,0,0,9999
46778,58448,2022-09-03,0,0,9999
46780,58451,2025-11-04,1,0,9999
46780,58452,2025-12-04,0,1,30
46802,58479,2026-01-27,0,0,9999
46803,58481,2024-03-05,0,0,9999
46812,58490,2025-10-09,0,0,9999
46813,58493,2025-07-11,0,0,9999
46814,58494,2025-05-08,0,0,9999
46817,58497,2021-12-12,0,0,9999
46825,58503,2023-06-30,0,0,9999
46832,58515,2022-10-07,0,0,9999
46833,58516,2025-12-06,0,1,938
46833,58518,2023-05-13,0,0,9999
46837,58520,2023-08-04,0,0,9999
46851,58532,2020-09-29,0,0,9999
46857,58540,2024-07-14,0,0,9999
46867,58555,2025-06-22,0,0,9999
46869,58560,2023-05-05,0,0,9999
46875,58572,2025-11-09,1,0,9999
46875,58573,2025-11-12,0,1,3
46878,58576,2023-12-30,0,0,9999
46900,58599,2023-07-19,0,0,9999
46920,58615,2023-05-02,0,0,9999
46940,58636,2025-10-30,0,0,9999
46948,58644,2025-03-13,0,0,9999
46958,58657,2025-12-20,0,0,9999
46960,58660,2025-12-28,0,0,9999
46969,58670,2026-01-25,0,0,9999
46982,58693,2025-12-27,0,0,9999
46990,58702,2025-04-14,0,0,9999
46992,58706,2021-10-05,0,0,9999
47004,58719,2023-01-29,1,0,9999
47004,58720,2023-02-20,0,1,22
47007,58724,2024-11-03,0,0,9999
47012,58730,2024-10-08,0,0,9999
47023,58739,2021-03-03,0,0,9999
47025,58741,2022-06-27,0,0,9999
47029,58746,2021-11-25,0,0,9999
47045,58762,2025-08-15,0,0,9999
47049,58771,2022-02-17,0,0,9999
47072,58800,2025-11-18,0,0,9999
47074,58802,2025-10-05,1,0,9999
47074,58803,2025-10-28,0,1,23
47075,58806,2026-01-29,0,0,9999
47079,58812,2025-08-08,0,0,9999
47085,58821,2025-12-12,0,1,27
47085,58822,2025-11-15,1,0,9999
47088,58830,2023-07-04,0,0,9999
47089,58832,2025-03-31,0,0,9999
47100,58847,2025-04-20,0,0,9999
47129,58874,2020-08-17,0,1,301
47129,58875,2019-10-21,0,0,9999
47146,58893,2024-11-05,0,0,9999
47148,58894,2022-03-29,0,0,9999
47149,58895,2026-01-20,0,0,9999
47165,58913,2022-10-22,0,0,9999
47166,58914,2024-11-01,0,0,9999
47166,58915,2025-11-09,0,1,373
47172,58924,2025-06-07,0,0,9999
47173,58926,2024-10-11,0,0,9999
47184,58937,2025-12-31,0,0,9999
47190,58945,2022-09-12,0,0,9999
47200,58957,2025-06-10,0,0,9999
47208,58970,2025-08-08,0,0,9999
47221,58985,2023-12-15,0,0,9999
47235,59002,2022-08-03,0,0,9999
47235,59003,2024-05-25,0,1,661
47236,59006,2020-10-17,0,0,9999
47240,59012,2024-02-03,0,0,9999
47246,59019,2026-01-29,0,0,9999
47252,59032,2024-05-05,0,2,202
47252,59033,2023-08-22,0,0,9999
47252,59035,2023-10-16,0,1,55
47256,59042,2025-02-01,0,0,9999
47264,59053,2025-03-11,0,0,9999
47267,59057,2025-05-17,0,0,9999
47269,59058,2024-02-04,0,1,225
47269,59060,2023-06-24,0,0,9999
47272,59062,2025-02-07,0,0,9999
47273,59064,2025-01-14,0,0,9999
47275,59066,2025-11-08,0,0,9999
47283,59077,2025-10-19,0,0,9999
47293,59088,2025-03-16,0,0,9999
47296,59091,2025-07-22,0,0,9999
47296,59093,2025-10-31,0,1,101
47297,59095,2022-03-03,0,0,9999
47298,59096,2025-12-27,0,0,9999
47307,59113,2022-02-06,0,0,9999
47312,59117,2023-05-24,0,0,9999
47313,59118,2023-05-27,0,0,9999
47333,59139,2024-08-13,0,0,9999
47333,59140,2024-11-14,0,1,93
47344,59156,2023-03-29,0,1,216
47344,59157,2022-08-25,0,0,9999
47346,59161,2025-05-04,0,0,9999
47370,59186,2025-04-04,0,0,9999
47374,59196,2026-01-30,0,0,9999
47375,59197,2022-11-01,0,0,9999
47378,59203,2024-10-07,0,0,9999
47379,59204,2025-09-11,0,0,9999
47400,59230,2025-03-24,0,0,9999
47402,59232,2025-04-24,0,0,9999
47403,59234,2026-01-08,0,0,9999
47406,59236,2025-12-01,0,0,9999
47407,59237,2026-01-16,0,0,9999
47408,59240,2026-01-11,0,1,8
47408,59241,2026-01-03,1,0,9999
47435,59281,2025-04-24,0,0,9999
47452,59299,2023-02-25,0,0,9999
47454,59302,2025-09-14,0,0,9999
47462,59308,2022-06-26,0,0,9999
47470,59318,2026-01-27,0,0,9999
47483,59336,2024-07-14,0,0,9999
47491,59348,2024-08-18,0,0,9999
47495,59354,2023-12-19,0,0,9999
47511,59377,2025-09-21,0,0,9999
47512,59378,2025-11-30,0,0,9999
47519,59385,2023-12-17,0,0,9999
47520,59386,2025-09-12,0,0,9999
47522,59388,2026-01-18,0,0,9999
47524,59389,2024-11-20,0,0,9999
47530,59397,2025-05-07,0,0,9999
47535,59402,2025-06-14,0,0,9999
47538,59407,2026-01-27,0,0,9999
47540,59410,2023-11-06,0,0,9999
47543,59412,2024-01-26,0,0,9999
47554,59425,2024-07-24,0,2,455
47554,59427,2021-03-12,0,0,9999
47554,59428,2023-04-26,0,1,775
47572,59448,2025-11-11,0,1,447
47572,59449,2024-08-21,0,0,9999
47577,59456,2025-12-25,0,0,9999
47594,59474,2023-10-17,0,0,9999
47596,59480,2022-09-03,0,0,9999
47597,59483,2025-07-08,0,0,9999
47605,59495,2025-10-06,0,1,96
47605,59496,2025-07-02,0,0,9999
47608,59500,2026-01-30,0,2,1
47608,59502,2026-01-29,1,0,9999
47608,59503,2026-01-29,1,0,9999
47610,59507,2020-06-18,0,0,9999
47615,59512,2025-10-20,0,0,9999
47628,59527,2025-03-18,0,0,9999
47629,59528,2025-08-16,1,0,9999
47629,59529,2025-09-05,0,1,20
47635,59535,2023-09-22,0,0,9999
47637,59540,2022-08-22,0,0,9999
47638,59542,2024-11-04,0,0,9999
47638,59543,2024-12-09,0,1,35
47649,59555,2023-02-07,0,0,9999
47661,59567,2025-03-13,0,0,9999
47665,59575,2024-06-13,0,0,9999
47672,59586,2024-01-19,0,0,9999
47675,59589,2024-11-30,0,0,9999
47680,59592,2026-01-11,0,0,9999
47695,59608,2024-11-30,0,0,9999
47696,59609,2025-11-05,0,0,9999
47707,59618,2025-04-26,0,0,9999
47711,59627,2025-07-31,0,0,9999
47715,59634,2019-06-21,0,0,9999
47716,59636,2026-01-28,0,1,2
47716,59637,2026-01-26,1,0,9999
47734,59656,2025-09-23,0,0,9999
47743,59665,2026-01-30,0,0,9999
47768,59696,2021-05-15,0,0,9999
47769,59697,2023-03-17,0,0,9999
47772,59700,2023-07-11,0,0,9999
47774,59705,2024-05-29,0,0,9999
47781,59710,2023-12-19,0,0,9999
47785,59715,2024-02-22,0,0,9999
47813,59749,2025-04-22,0,0,9999
47815,59752,2024-07-31,0,0,9999
47820,59759,2022-12-14,0,0,9999
47835,59776,2025-04-17,0,0,9999
47839,59780,2022-12-27,0,0,9999
47851,59789,2025-07-14,1,0,9999
47851,59790,2025-07-25,0,1,11
47853,59792,2025-12-21,0,0,9999
47864,59805,2023-06-09,0,0,9999
47865,59808,2025-05-22,0,0,9999
47878,59826,2024-09-10,0,0,9999
47885,59833,2025-01-17,0,0,9999
47888,59838,2024-05-29,0,0,9999
47890,59840,2023-01-29,0,0,9999
47903,59856,2026-01-16,0,0,9999
47908,59864,2023-06-27,0,0,9999
47911,59867,2022-11-10,0,1,245
47911,59868,2022-03-10,0,0,9999
47913,59871,2024-11-14,0,0,9999
47922,59880,2025-12-01,0,0,9999
47923,59883,2025-09-01,0,0,9999
47927,59890,2023-05-18,0,0,9999
47942,59904,2024-06-04,0,0,9999
47946,59910,2020-01-17,0,0,9999
47956,59920,2020-02-25,0,0,9999
47962,59926,2023-03-11,0,0,9999
47963,59928,2022-03-07,0,0,9999
47966,59933,2025-07-24,0,1,71
47966,59934,2025-05-14,0,0,9999
47974,59944,2022-08-09,0,0,9999
47979,59955,2024-07-06,0,0,9999
47983,59959,2025-10-07,0,0,9999
47995,59973,2024-12-13,0,0,9999
48003,59988,2023-04-16,0,0,9999
48004,59989,2020-12-03,0,0,9999
48017,60003,2022-08-30,0,0,9999
48035,60019,2025-12-17,0,0,9999
48036,60020,2020-04-28,0,0,9999
48075,60065,2025-03-01,0,0,9999
48076,60066,2025-04-18,0,0,9999
48079,60073,2025-11-22,0,0,9999
48088,60083,2023-06-04,0,0,9999
48092,60091,2026-01-30,0,0,9999
48095,60092,2026-01-29,0,0,9999
48098,60097,2024-10-26,0,0,9999
48103,60104,2022-08-02,0,0,9999
48111,60115,2022-09-21,0,0,9999
48121,60125,2024-08-29,0,1,290
48121,60126,2023-11-13,0,0,9999
48130,60138,2024-03-18,0,0,9999
48132,60140,2023-09-02,0,0,9999
48134,60146,2023-04-30,0,0,9999
48135,60147,2023-12-26,0,0,9999
48137,60150,2025-12-30,0,0,9999
48144,60155,2025-11-03,0,0,9999
48145,60156,2022-03-27,0,0,9999
48150,60165,2026-01-29,0,0,9999
48175,60188,2025-03-12,0,0,9999
48186,60200,2023-09-28,0,0,9999
48186,60201,2024-05-09,0,1,224
48188,60205,2022-05-24,0,0,9999
48194,60218,2024-02-03,0,0,9999
48206,60228,2026-01-15,0,0,9999
48218,60240,2022-12-06,0,0,9999
48240,60263,2025-12-24,0,1,141
48240,60264,2025-08-05,0,0,9999
48244,60270,2024-11-02,0,0,9999
48245,60273,2025-11-09,0,0,9999
48262,60299,2020-10-08,0,0,9999
48268,60308,2021-02-25,0,0,9999
48276,60317,2025-11-13,0,0,9999
48282,60322,2022-10-02,0,0,9999
48291,60332,2026-01-20,0,0,9999
48295,60334,2023-09-10,0,0,9999
48297,60336,2025-07-25,0,0,9999
48300,60338,2025-09-18,0,1,307
48300,60341,2024-11-15,0,0,9999
48333,60382,2022-10-19,0,0,9999
48339,60388,2022-04-01,0,0,9999
48343,60391,2025-08-26,0,0,9999
48350,60402,2025-07-13,0,0,9999
48371,60421,2024-03-06,0,0,9999
48377,60428,2025-07-15,0,0,9999
48378,60429,2022-11-16,0,0,9999
48381,60433,2024-03-19,0,0,9999
48382,60436,2026-01-30,0,0,9999
48387,60442,2024-10-13,0,0,9999
48389,60445,2025-12-13,0,1,97
48389,60446,2025-09-07,0,0,9999
48391,60449,2025-08-01,0,0,9999
48424,60485,2024-07-13,0,0,9999
48449,60518,2025-09-17,0,0,9999
48450,60519,2025-11-18,0,0,9999
48454,60525,2023-06-15,0,0,9999
48470,60544,2025-09-05,0,0,9999
48476,60549,2022-11-22,0,0,9999
48476,60550,2024-02-01,0,1,436
48477,60551,2025-07-20,0,0,9999
48486,60561,2024-11-15,0,1,245
48486,60562,2024-03-15,0,0,9999
48487,60563,2024-06-13,0,0,9999
48493,60574,2025-08-30,0,1,156
48493,60575,2025-03-27,0,0,9999
48502,60586,2024-04-19,0,0,9999
48503,60587,2024-04-10,0,1,2
48503,60588,2024-04-08,1,0,9999
48505,60589,2026-01-30,0,0,9999
48511,60596,2025-12-30,0,0,9999
48542,60631,2025-12-04,0,2,197
48542,60632,2021-10-12,0,0,9999
48542,60633,2025-05-21,0,1,1317
48546,60637,2025-10-02,0,0,9999
48550,60640,2024-01-09,0,0,9999
48578,60675,2023-05-01,0,0,9999
48586,60685,2024-08-20,0,0,9999
48600,60698,2025-09-05,0,0,9999
48613,60716,2024-01-26,0,0,9999
48618,60720,2023-08-03,0,0,9999
48622,60722,2022-11-03,0,0,9999
48627,60731,2024-10-24,0,0,9999
48639,60752,2025-03-01,0,0,9999
48648,60772,2025-03-06,0,1,1
48648,60773,2025-03-05,1,0,9999
48649,60774,2026-01-30,0,1,2
48649,60777,2026-01-28,1,0,9999
48670,60801,2022-05-23,0,0,9999
48675,60806,2025-08-08,0,0,9999
48679,60811,2025-11-14,0,0,9999
48686,60820,2025-10-16,0,0,9999
48687,60821,2026-01-05,0,0,9999
48693,60829,2025-04-19,0,0,9999
48695,60831,2025-11-07,0,0,9999
48705,60841,2021-12-30,0,0,9999
48707,60843,2025-11-21,0,0,9999
48710,60844,2025-05-01,0,0,9999
48729,60868,2025-12-08,0,1,11
48729,60869,2025-11-27,1,0,9999
48733,60874,2025-10-06,0,0,9999
48742,60881,2022-06-21,0,0,9999
48743,60882,2025-12-01,0,1,10
48743,60883,2025-11-21,1,0,9999
48753,60892,2023-08-31,0,0,9999
48770,60913,2024-05-04,0,0,9999
48778,60919,2025-09-24,0,0,9999
48779,60920,2023-07-27,0,0,9999
48786,60931,2025-11-26,0,0,9999
48793,60939,2023-05-27,0,0,9999
48798,60946,2023-12-21,0,0,9999
48812,60961,2024-11-27,0,0,9999
48819,60968,2024-08-09,1,0,9999
48819,60969,2024-08-19,0,1,10
48819,60970,2024-10-08,0,2,50
48820,60971,2022-08-04,0,0,9999
48836,60994,2024-12-01,0,0,9999
48843,61005,2025-06-05,0,1,190
48843,61007,2024-11-27,0,0,9999
48852,61014,2023-02-01,0,0,9999
48855,61018,2025-04-05,0,0,9999
48866,61036,2026-01-20,0,0,9999
48874,61046,2025-09-08,0,0,9999
48876,61053,2020-10-02,0,0,9999
48876,61054,2021-01-13,0,1,103
48879,61057,2025-07-31,0,0,9999
48881,61058,2025-02-25,0,0,9999
48883,61060,2025-09-17,0,0,9999
48893,61070,2026-01-29,0,0,9999
48895,61075,2024-09-08,0,0,9999
48898,61079,2024-02-16,0,0,9999
48902,61083,2021-12-15,0,0,9999
48902,61085,2023-02-23,0,1,435
48903,61087,2023-05-20,0,0,9999
48910,61098,2024-12-30,0,0,9999
48913,61101,2022-11-05,0,0,9999
48920,61109,2025-03-27,0,0,9999
48922,61112,2024-02-22,0,0,9999
48924,61114,2026-01-21,0,0,9999
48927,61116,2025-05-20,0,0,9999
48933,61124,2022-07-17,0,2,811
48933,61126,2020-04-27,0,1,8
48933,61127,2020-04-19,1,0,9999
48942,61139,2021-03-27,0,0,9999
48945,61145,2025-01-23,0,0,9999
48957,61163,2025-12-21,0,0,9999
48958,61167,2026-01-27,0,0,9999
48961,61169,2026-01-30,0,0,9999
48972,61183,2025-11-04,0,0,9999
48981,61200,2024-07-08,0,0,9999
48983,61205,2024-06-01,0,0,9999
48984,61207,2022-01-27,0,0,9999
48985,61210,2025-03-08,0,0,9999
48986,61211,2023-07-30,0,0,9999
48986,61212,2025-03-17,0,1,596
48990,61219,2026-01-13,0,0,9999
48991,61220,2023-01-04,0,0,9999
49001,61229,2024-12-28,0,0,9999
49002,61231,2025-07-22,0,0,9999
49005,61232,2023-11-15,0,0,9999
49008,61235,2024-05-12,0,0,9999
49008,61237,2024-12-26,0,1,228
49009,61239,2025-06-27,0,1,922
49009,61241,2022-12-18,0,0,9999
49013,61247,2022-05-30,0,0,9999
49017,61255,2025-06-29,0,0,9999
49018,61256,2025-01-01,0,0,9999
49027,61263,2026-01-29,0,0,9999
49032,61265,2025-10-11,0,0,9999
49033,61266,2023-04-13,0,0,9999
49038,61272,2023-09-24,0,0,9999
49057,61293,2020-02-06,0,0,9999
49061,61297,2026-01-09,0,0,9999
49077,61310,2022-06-18,0,0,9999
49085,61321,2021-07-21,0,0,9999
49089,61325,2025-12-16,0,0,9999
49091,61330,2025-10-22,0,0,9999
49094,61338,2025-08-12,0,0,9999
49098,61341,2022-10-02,0,0,9999
49098,61344,2024-11-18,0,1,778
49102,61348,2020-09-07,0,0,9999
49106,61353,2021-07-18,0,0,9999
49109,61356,2026-01-30,0,0,9999
49121,61366,2021-07-10,0,0,9999
49125,61373,2024-06-12,0,0,9999
49128,61377,2025-12-24,0,1,768
49128,61378,2023-11-17,0,0,9999
49166,61421,2024-11-03,0,0,9999
49178,61440,2025-05-09,0,0,9999
49190,61450,2022-01-08,0,0,9999
49190,61451,2025-06-17,0,1,1256
49192,61455,2022-03-02,0,0,9999
49204,61465,2021-08-27,0,0,9999
49204,61466,2022-03-14,0,1,199
49211,61474,2023-03-16,0,0,9999
49222,61485,2025-06-10,0,0,9999
49227,61492,2022-12-22,0,0,9999
49232,61499,2023-03-20,0,0,9999
49239,61506,2026-01-21,0,1,285
49239,61507,2025-04-11,0,0,9999
49244,61509,2023-06-28,0,0,9999
49276,61543,2025-09-07,0,0,9999
49286,61555,2022-06-12,0,0,9999
49339,61621,2026-01-07,0,0,9999
49349,61635,2025-08-27,0,0,9999
49370,61665,2026-01-09,0,0,9999
49378,61675,2022-01-21,0,0,9999
49381,61679,2025-02-19,0,0,9999
49387,61688,2022-03-10,0,0,9999
49388,61690,2024-07-19,0,0,9999
49395,61702,2024-05-26,0,0,9999
49408,61715,2024-04-22,0,0,9999
49412,61722,2024-08-22,0,0,9999
49418,61731,2025-12-29,0,0,9999
49422,61734,2025-12-18,0,0,9999
49424,61735,2025-09-08,0,0,9999
49442,61760,2024-05-17,0,0,9999
49443,61762,2025-11-19,0,0,9999
49445,61766,2025-05-12,0,0,9999
49448,61767,2022-12-04,0,0,9999
49485,61807,2024-04-27,0,0,9999
49486,61809,2025-01-27,0,0,9999
49487,61810,2023-01-08,0,0,9999
49492,61817,2021-07-14,0,0,9999
49494,61821,2024-06-24,0,0,9999
49502,61831,2022-11-15,0,0,9999
49505,61834,2025-02-01,0,0,9999
49512,61843,2024-08-11,0,0,9999
49516,61850,2024-03-19,0,0,9999
49518,61853,2025-11-28,0,0,9999
49525,61861,2025-09-02,0,0,9999
49530,61871,2024-06-04,0,0,9999
49539,61883,2025-07-22,0,0,9999
49551,61899,2025-03-02,0,0,9999
49554,61905,2023-07-12,0,0,9999
49565,61918,2021-08-03,0,0,9999
49573,61928,2025-11-30,0,0,9999
49588,61942,2026-01-14,0,0,9999
49599,61950,2023-08-04,0,0,9999
49600,61951,2025-12-13,0,0,9999
49605,61955,2024-10-28,0,0,9999
49611,61961,2021-06-29,0,0,9999
49613,61962,2025-11-05,0,0,9999
49624,61974,2025-11-26,0,0,9999
49626,61977,2023-08-12,0,0,9999
49628,61979,2025-08-09,0,0,9999
49630,61981,2024-03-30,0,0,9999
49635,61987,2023-02-13,0,0,9999
49644,61998,2023-08-12,0,0,9999
49644,61999,2025-03-07,0,1,573
49648,62002,2020-09-17,0,0,9999
49653,62005,2021-11-07,0,0,9999
49654,62009,2025-08-31,0,0,9999
49658,62015,2025-02-25,0,0,9999
49662,62021,2025-08-15,0,1,559
49662,62022,2024-02-03,0,0,9999
49673,62034,2025-03-24,0,0,9999
49674,62038,2025-09-18,0,0,9999
49679,62042,2024-04-28,0,0,9999
49680,62043,2021-06-02,0,0,9999
49685,62050,2020-04-21,0,0,9999
49691,62059,2025-01-02,0,0,9999
49692,62061,2019-07-04,0,0,9999
49698,62069,2024-05-26,0,0,9999
49715,62091,2025-10-29,0,0,9999
49721,62097,2021-06-15,0,0,9999
49725,62103,2025-05-25,0,0,9999
49729,62109,2026-01-30,0,1,102
49729,62110,2025-10-20,0,0,9999
49740,62123,2023-06-12,0,0,9999
49740,62124,2025-11-25,0,1,897
49741,62125,2023-10-09,0,0,9999
49750,62136,2025-01-17,0,0,9999
49753,62139,2023-06-03,0,0,9999
49757,62145,2025-01-30,0,0,9999
49763,62152,2020-05-04,0,0,9999
49766,62159,2021-01-25,0,0,9999
49780,62175,2025-04-22,0,0,9999
49781,62177,2025-12-12,0,0,9999
49786,62182,2023-09-09,0,0,9999
49787,62183,2026-01-11,0,0,9999
49791,62186,2025-06-27,0,0,9999
49798,62194,2026-01-07,0,0,9999
49803,62198,2024-04-22,0,0,9999
49822,62222,2024-02-11,0,0,9999
49837,62240,2024-01-18,0,1,50
49837,62241,2023-11-29,0,0,9999
49861,62273,2025-09-29,0,0,9999
49868,62278,2022-06-28,0,0,9999
49874,62286,2023-04-02,0,0,9999
49876,62289,2021-04-17,0,0,9999
49891,62307,2021-12-12,0,0,9999
49892,62308,2021-02-20,0,0,9999
49908,62324,2023-09-21,0,0,9999
49910,62328,2023-10-10,0,0,9999
49914,62332,2023-11-18,0,0,9999
49914,62333,2025-10-22,0,1,704
49919,62339,2026-01-28,0,0,9999
49920,62340,2024-07-07,0,0,9999
49932,62358,2026-01-27,0,0,9999
49939,62370,2025-07-31,0,0,9999
49942,62375,2023-11-26,0,0,9999
49945,62378,2025-08-31,0,0,9999
49958,62393,2025-06-08,0,0,9999
49959,62395,2023-09-09,0,0,9999
49971,62413,2023-09-25,0,0,9999
49972,62414,2025-01-24,0,2,10
49972,62415,2025-01-14,1,1,496
49972,62417,2023-09-06,0,0,9999
49981,62425,2024-08-10,0,0,9999
49987,62430,2022-09-03,0,0,9999
49996,62442,2025-04-11,0,0,9999
50001,62451,2024-11-11,0,0,9999
50007,62457,2022-09-27,0,0,9999
50008,62458,2022-07-23,0,0,9999
50011,62461,2020-06-09,0,0,9999
50023,62476,2025-05-23,0,0,9999
50028,62481,2020-04-12,0,0,9999
50036,62491,2026-01-29,0,0,9999
50037,62494,2026-01-13,0,0,9999
50041,62497,2021-09-12,0,0,9999
50054,62509,2024-02-01,0,0,9999
50074,62533,2024-10-20,0,0,9999
50075,62534,2025-04-27,0,0,9999
50078,62539,2026-01-30,0,0,9999
50087,62550,2024-12-08,0,0,9999
50113,62579,2026-01-01,0,0,9999
50114,62581,2024-10-18,0,0,9999
50116,62583,2025-07-10,0,0,9999
50131,62604,2025-07-05,0,0,9999
50135,62610,2026-01-05,0,0,9999
50144,62620,2025-08-29,0,0,9999
50147,62622,2022-11-02,0,0,9999
50152,62630,2021-01-31,0,0,9999
50154,62634,2024-10-27,0,0,9999
50156,62636,2025-06-04,0,0,9999
50178,62666,2024-08-29,0,0,9999
50201,62692,2025-09-03,0,0,9999
50208,62699,2026-01-12,1,0,9999
50208,62701,2026-01-17,0,1,5
50222,62716,2024-10-16,0,1,161
50222,62718,2024-05-08,0,0,9999
50228,62723,2025-12-16,0,1,323
50228,62726,2025-01-27,0,0,9999
50240,62744,2025-02-18,0,0,9999
50244,62749,2025-12-13,0,0,9999
50246,62751,2025-12-31,0,0,9999
50253,62758,2026-01-30,0,0,9999
50261,62765,2025-07-19,0,0,9999
50269,62771,2024-07-09,0,0,9999
50271,62773,2024-02-09,0,0,9999
50277,62780,2024-03-13,0,0,9999
50281,62783,2025-11-08,0,0,9999
50287,62788,2026-01-12,0,0,9999
50289,62790,2021-02-16,0,0,9999
50293,62794,2021-07-21,0,0,9999
50296,62799,2023-11-03,0,0,9999
50298,62803,2025-12-24,0,0,9999
50302,62809,2025-11-23,0,0,9999
50312,62819,2025-02-02,0,0,9999
50318,62824,2023-12-09,0,0,9999
50320,62829,2024-08-26,0,0,9999
50327,62835,2024-12-04,0,0,9999
50333,62841,2024-07-11,0,0,9999
50338,62850,2019-11-22,0,0,9999
50343,62858,2025-03-16,0,0,9999
50345,62860,2020-12-30,0,0,9999
50358,62878,2021-11-26,0,0,9999
50373,62898,2025-05-24,0,0,9999
50376,62900,2026-01-28,0,0,9999
50382,62907,2022-08-31,0,0,9999
50382,62909,2025-07-03,0,1,1037
50397,62927,2021-12-17,0,0,9999
50408,62942,2025-04-05,0,0,9999
50421,62957,2025-07-30,0,0,9999
50423,62959,2023-07-30,0,0,9999
50433,62969,2025-09-19,0,0,9999
50449,62987,2022-11-30,0,0,9999
50475,63015,2024-01-13,0,0,9999
50479,63020,2026-01-18,0,1,67
50479,63022,2025-11-12,0,0,9999
50480,63023,2024-04-03,0,0,9999
50481,63024,2025-11-23,0,1,469
50481,63025,2024-08-11,0,0,9999
50494,63041,2025-10-26,0,0,9999
50502,63051,2023-10-09,0,0,9999
50508,63062,2020-10-10,0,0,9999
50511,63066,2025-04-23,0,0,9999
50519,63075,2022-10-10,0,0,9999
50535,63095,2024-10-05,0,0,9999
50541,63104,2021-01-15,0,0,9999
50542,63105,2022-09-16,0,0,9999
50550,63111,2024-09-07,0,0,9999
50554,63114,2021-08-16,0,0,9999
50555,63115,2025-11-08,0,0,9999
50559,63117,2023-05-28,0,0,9999
50561,63120,2025-06-17,0,1,67
50561,63121,2025-04-11,0,0,9999
50591,63155,2025-08-10,0,0,9999
50612,63179,2023-10-18,0,0,9999
50618,63186,2024-10-09,0,0,9999
50622,63192,2024-08-05,0,0,9999
50638,63210,2022-05-13,0,0,9999
50640,63212,2025-06-15,0,0,9999
50654,63231,2023-06-17,0,0,9999
50655,63233,2024-11-25,0,0,9999
50660,63242,2022-03-21,0,0,9999
50666,63249,2026-01-05,0,0,9999
50673,63255,2019-10-14,0,0,9999
50681,63264,2026-01-05,0,0,9999
50682,63265,2025-11-09,0,0,9999
50683,63266,2023-10-29,0,0,9999
50684,63269,2022-02-05,0,1,17
50684,63270,2022-01-19,1,0,9999
50693,63283,2020-04-26,0,0,9999
50700,63286,2024-06-10,0,0,9999
50707,63294,2024-01-22,0,0,9999
50707,63295,2025-01-26,0,1,370
50708,63297,2025-06-22,0,0,9999
50710,63300,2020-05-16,0,0,9999
50720,63312,2022-10-17,0,0,9999
50722,63314,2020-04-27,0,0,9999
50725,63319,2025-12-13,0,0,9999
50736,63328,2021-06-28,0,0,9999
50737,63329,2025-10-10,0,0,9999
50771,63365,2026-01-29,0,0,9999
50772,63367,2025-01-09,0,0,9999
50773,63368,2024-01-25,0,0,9999
50778,63376,2025-02-21,0,0,9999
50779,63379,2025-12-21,0,0,9999
50781,63384,2024-03-03,0,0,9999
50803,63410,2026-01-03,0,0,9999
50819,63432,2024-12-29,0,0,9999
50821,63433,2025-04-30,0,0,9999
50827,63441,2025-03-14,0,0,9999
50834,63453,2021-04-26,0,0,9999
50835,63455,2026-01-15,0,0,9999
50838,63459,2025-08-20,0,0,9999
50844,63469,2022-11-22,0,0,9999
50852,63484,2024-01-13,0,0,9999
50854,63486,2025-12-19,0,0,9999
50856,63490,2025-10-31,0,0,9999
50862,63497,2021-04-11,0,0,9999
50878,63515,2021-09-23,0,0,9999
50879,63516,2022-09-16,0,0,9999
50890,63528,2022-09-26,0,0,9999
50898,63541,2024-10-10,0,0,9999
50906,63550,2024-09-10,0,0,9999
50949,63607,2023-02-09,0,0,9999
50956,63611,2025-11-23,0,0,9999
50961,63615,2026-01-11,0,0,9999
50970,63623,2026-01-11,0,1,521
50970,63624,2024-08-08,0,0,9999
50977,63635,2022-02-25,0,0,9999
50983,63644,2020-06-08,0,0,9999
50985,63648,2025-10-31,0,0,9999
50988,63651,2024-09-13,0,0,9999
50998,63667,2025-11-28,0,0,9999
51006,63679,2023-11-18,0,0,9999
51011,63683,2025-10-16,0,0,9999
51014,63686,2025-10-29,0,0,9999
51017,63688,2024-11-05,0,0,9999
51030,63699,2022-10-20,0,0,9999
51037,63709,2024-03-17,0,0,9999
51043,63716,2023-08-01,0,0,9999
51048,63725,2023-09-15,0,0,9999
51052,63731,2023-08-14,0,0,9999
51053,63733,2022-01-13,0,0,9999
51063,63746,2024-04-26,0,0,9999
51064,63748,2024-10-31,0,0,9999
51074,63758,2024-12-21,0,0,9999
51086,63767,2020-09-12,0,0,9999
51097,63778,2024-12-14,0,0,9999
51101,63785,2023-02-08,0,0,9999
51121,63809,2021-03-24,0,0,9999
51123,63812,2024-05-29,0,0,9999
51128,63819,2021-06-21,0,0,9999
51135,63833,2025-12-17,0,0,9999
51138,63838,2021-02-08,0,0,9999
51141,63841,2023-06-29,0,0,9999
51143,63847,2020-02-27,0,0,9999
51165,63872,2024-10-15,0,0,9999
51170,63880,2025-05-12,0,0,9999
51171,63882,2026-01-01,0,0,9999
51177,63889,2026-01-06,0,0,9999
51180,63894,2025-12-09,0,0,9999
51186,63900,2024-06-23,0,0,9999
51191,63910,2021-10-04,0,0,9999
51213,63936,2025-10-20,0,0,9999
51221,63943,2023-08-17,0,0,9999
51230,63952,2024-04-14,0,0,9999
51231,63953,2025-08-30,0,2,49
51231,63954,2025-07-12,0,1,9
51231,63955,2025-07-03,1,0,9999
51255,63987,2025-11-19,0,0,9999
51261,63991,2025-03-20,0,0,9999
51263,63994,2025-09-30,0,0,9999
51278,64013,2025-07-10,0,0,9999
51292,64030,2020-12-18,0,0,9999
51294,64033,2025-05-24,0,0,9999
51300,64040,2025-03-14,0,0,9999
51304,64046,2025-04-10,0,0,9999
51317,64061,2026-01-28,0,0,9999
51323,64069,2022-05-10,0,0,9999
51323,64072,2024-08-23,0,1,836
51351,64104,2026-01-30,0,0,9999
51375,64135,2025-03-30,0,1,1139
51375,64137,2022-02-15,0,0,9999
51398,64165,2022-06-19,0,0,9999
51403,64170,2025-07-31,0,0,9999
51405,64174,2022-05-25,0,0,9999
51411,64181,2025-01-29,0,0,9999
51416,64184,2023-03-04,0,0,9999
51420,64185,2022-12-03,0,0,9999
51431,64194,2025-10-16,0,0,9999
51439,64205,2024-06-30,0,0,9999
51465,64237,2020-05-13,0,0,9999
51482,64257,2025-01-12,0,0,9999
51490,64262,2024-12-07,0,1,189
51490,64263,2024-06-01,0,0,9999
51490,64264,2025-09-21,0,3,167
51490,64265,2025-04-07,0,2,121
51492,64268,2025-06-22,0,0,9999
51495,64273,2020-07-01,0,0,9999
51495,64274,2021-07-24,0,1,388
51498,64278,2025-11-24,0,0,9999
51506,64287,2020-08-06,0,0,9999
51506,64288,2022-12-12,0,1,858
51514,64295,2021-03-04,0,0,9999
51537,64321,2022-12-03,0,0,9999
51538,64323,2025-02-05,0,0,9999
51540,64326,2024-05-12,0,0,9999
51553,64338,2022-03-01,0,0,9999
51555,64342,2023-01-02,0,0,9999
51555,64343,2024-12-31,0,1,729
51560,64348,2023-01-06,0,0,9999
51563,64352,2024-09-07,0,0,9999
51573,64364,2025-07-18,0,0,9999
51578,64369,2022-10-07,0,0,9999
51581,64372,2025-11-22,0,2,195
51581,64374,2025-05-11,0,1,193
51581,64375,2024-10-30,0,0,9999
51584,64378,2025-07-09,0,0,9999
51593,64390,2026-01-24,1,0,9999
51593,64391,2026-01-28,0,1,4
51610,64410,2025-10-07,0,0,9999
51615,64417,2023-10-22,0,0,9999
51628,64436,2025-06-11,0,0,9999
51628,64437,2025-08-26,0,1,76
51628,64438,2026-01-20,0,2,147
51657,64476,2025-09-22,0,0,9999
51663,64484,2023-10-30,0,0,9999
51664,64485,2019-10-26,0,0,9999
51665,64490,2021-04-27,0,0,9999
51670,64498,2025-01-16,0,0,9999
51672,64500,2023-07-04,0,0,9999
51674,64502,2021-09-02,0,0,9999
51686,64518,2021-01-15,0,0,9999
51692,64524,2025-10-23,0,0,9999
51696,64527,2023-05-15,0,0,9999
51705,64536,2024-05-30,0,0,9999
51719,64558,2024-04-02,0,0,9999
51733,64573,2023-01-23,0,0,9999
51738,64579,2025-12-28,0,0,9999
51747,64589,2025-01-25,0,0,9999
51758,64604,2026-01-16,0,0,9999
51771,64618,2024-07-02,0,0,9999
51775,64623,2021-09-03,0,0,9999
51776,64624,2025-06-16,0,0,9999
51777,64625,2025-04-24,0,0,9999
51779,64628,2026-01-30,0,0,9999
51785,64636,2025-02-06,0,0,9999
51787,64639,2025-01-14,0,0,9999
51792,64645,2021-11-21,0,0,9999
51794,64648,2024-09-15,0,1,100
51794,64649,2024-06-07,0,0,9999
51795,64651,2026-01-27,0,0,9999
51804,64661,2025-04-05,0,0,9999
51806,64665,2025-08-27,0,0,9999
51810,64668,2023-06-16,0,0,9999
51810,64669,2025-05-23,0,1,707
51817,64678,2025-11-02,0,0,9999
51818,64679,2023-06-19,0,0,9999
51821,64682,2023-09-19,0,0,9999
51825,64693,2022-03-06,0,0,9999
51825,64694,2022-04-16,0,1,41
51841,64710,2024-03-01,0,0,9999
51854,64724,2025-10-24,0,0,9999
51855,64726,2026-01-12,0,0,9999
51863,64734,2026-01-19,0,0,9999
51891,64764,2023-05-18,0,0,9999
51899,64775,2022-12-02,0,0,9999
51917,64792,2026-01-26,0,1,266
51917,64793,2025-05-05,0,0,9999
51921,64800,2025-11-29,0,0,9999
51922,64802,2026-01-11,0,0,9999
51923,64803,2025-04-03,0,0,9999
51939,64811,2022-06-30,0,0,9999
51941,64813,2026-01-01,0,0,9999
51951,64823,2023-05-13,0,0,9999
51952,64824,2024-02-23,0,0,9999
51972,64848,2023-03-27,0,0,9999
51994,64872,2025-04-09,0,0,9999
51996,64875,2025-10-02,0,0,9999
51997,64878,2026-01-28,1,0,9999
51997,64879,2026-01-29,0,1,1
52002,64885,2024-11-12,0,0,9999
52003,64886,2023-06-29,0,0,9999
52019,64907,2023-05-20,0,0,9999
52020,64910,2024-03-14,0,0,9999
52022,64912,2026-01-25,0,0,9999
52023,64914,2024-03-19,0,0,9999
52023,64916,2024-07-19,0,1,122
52034,64930,2024-03-25,0,0,9999
52040,64941,2023-08-22,0,0,9999
52043,64946,2025-07-20,0,0,9999
52047,64951,2024-11-03,0,0,9999
52052,64959,2025-09-15,0,0,9999
52053,64961,2025-03-26,0,0,9999
52056,64965,2023-03-31,0,0,9999
52071,64983,2021-05-01,0,0,9999
52082,64996,2025-05-05,0,0,9999
52083,64997,2025-10-10,0,0,9999
52097,65009,2025-10-11,0,1,58
52097,65011,2025-08-14,0,0,9999
52106,65021,2021-03-19,0,0,9999
52112,65032,2023-06-21,0,0,9999
52125,65054,2026-01-09,0,0,9999
52175,65118,2026-01-17,0,0,9999
52176,65119,2025-08-18,0,0,9999
52185,65140,2026-01-12,0,1,5
52185,65141,2026-01-07,1,0,9999
52193,65153,2019-06-07,0,0,9999
52206,65171,2026-01-26,0,0,9999
52208,65173,2024-07-04,0,0,9999
52211,65176,2026-01-16,0,0,9999
52214,65179,2024-08-04,0,0,9999
52223,65193,2023-03-15,0,0,9999
52233,65206,2025-10-20,0,1,102
52233,65207,2025-07-10,0,0,9999
52246,65221,2025-04-17,0,1,789
52246,65223,2023-02-18,0,0,9999
52249,65228,2023-01-14,0,0,9999
52260,65241,2025-07-05,0,0,9999
52261,65243,2025-11-08,0,0,9999
52278,65260,2024-08-06,0,0,9999
52283,65265,2021-03-19,0,0,9999
52284,65267,2024-10-05,0,1,599
52284,65268,2023-02-14,0,0,9999
52286,65270,2025-02-16,0,0,9999
52289,65277,2026-01-09,0,0,9999
52298,65285,2024-06-10,0,0,9999
52299,65286,2023-12-09,0,0,9999
52301,65289,2025-07-20,0,0,9999
52312,65308,2023-04-05,0,0,9999
52318,65320,2024-08-27,0,0,9999
52321,65326,2025-09-06,0,0,9999
52326,65333,2021-01-18,0,0,9999
52338,65346,2024-01-04,0,0,9999
52348,65359,2023-03-01,0,0,9999
52351,65364,2025-09-03,0,0,9999
52365,65387,2024-04-10,0,1,700
52365,65388,2022-05-11,0,0,9999
52372,65398,2024-02-20,0,0,9999
52378,65404,2025-07-29,0,0,9999
52379,65406,2025-08-04,0,0,9999
52389,65419,2024-10-01,0,0,9999
52397,65427,2025-05-31,0,0,9999
52409,65436,2023-02-18,0,0,9999
52411,65438,2023-07-23,0,1,645
52411,65440,2021-10-16,0,0,9999
52414,65442,2022-12-16,0,0,9999
52415,65443,2021-02-21,0,0,9999
52422,65460,2025-05-04,0,1,325
52422,65461,2024-06-13,0,0,9999
52425,65464,2022-07-29,0,0,9999
52433,65469,2022-03-22,0,0,9999
52446,65481,2024-04-19,0,0,9999
52446,65483,2024-08-15,0,1,118
52447,65485,2025-09-27,0,0,9999
52450,65493,2024-10-19,0,0,9999
52452,65495,2020-12-07,0,0,9999
52460,65504,2025-06-05,0,0,9999
52461,65506,2026-01-17,0,0,9999
52475,65521,2021-12-24,0,0,9999
52476,65523,2024-06-28,0,0,9999
52492,65542,2023-07-31,0,0,9999
52495,65545,2021-05-21,0,0,9999
52513,65569,2026-01-04,0,0,9999
52518,65573,2025-08-31,0,0,9999
52519,65575,2024-08-25,0,0,9999
52523,65579,2022-03-04,0,0,9999
52529,65591,2024-11-23,0,0,9999
52531,65593,2024-05-10,0,1,604
52531,65594,2022-09-14,0,0,9999
52533,65599,2025-03-19,0,0,9999
52548,65615,2025-02-07,0,0,9999
52555,65626,2023-02-07,0,0,9999
52557,65629,2025-06-22,0,0,9999
52566,65639,2023-07-06,0,0,9999
52576,65649,2024-11-05,0,1,1609
52576,65650,2020-06-10,0,0,9999
52581,65656,2024-03-23,0,0,9999
52606,65681,2025-03-20,0,0,9999
52612,65694,2024-09-14,0,0,9999
52613,65695,2024-11-01,0,0,9999
52635,65720,2024-05-24,0,0,9999
52636,65723,2025-08-04,0,0,9999
52641,65730,2025-01-24,0,0,9999
52644,65732,2024-11-25,0,0,9999
52652,65745,2019-08-24,0,0,9999
52655,65749,2024-02-22,0,0,9999
52718,65826,2025-12-27,0,1,36
52718,65827,2025-11-21,0,0,9999
52719,65828,2024-08-10,0,0,9999
52721,65832,2025-08-16,0,0,9999
52735,65842,2025-08-08,0,0,9999
52738,65846,2025-01-04,0,0,9999
52745,65854,2023-11-20,0,0,9999
52749,65858,2024-06-30,0,1,1007
52749,65859,2021-09-27,0,0,9999
52790,65902,2022-03-31,0,0,9999
52792,65905,2022-12-21,0,0,9999
52800,65912,2024-09-10,0,0,9999
52812,65929,2025-05-05,0,0,9999
52818,65936,2025-12-23,0,0,9999
52822,65941,2024-04-08,0,1,373
52822,65943,2023-04-01,0,0,9999
52828,65954,2025-12-07,0,0,9999
52844,65977,2025-09-29,0,0,9999
52859,65995,2026-01-30,0,0,9999
52867,66010,2025-07-08,0,0,9999
52875,66020,2025-11-26,0,0,9999
52880,66026,2025-05-05,0,0,9999
52902,66053,2025-06-22,0,0,9999
52914,66064,2023-02-20,0,0,9999
52915,66066,2025-01-15,0,1,266
52915,66067,2024-04-24,0,0,9999
52924,66074,2020-07-26,0,0,9999
52936,66086,2023-03-31,0,0,9999
52942,66096,2024-10-27,0,0,9999
52948,66104,2025-07-10,0,0,9999
52981,66150,2025-06-15,0,0,9999
52982,66151,2024-06-13,0,0,9999
52992,66162,2025-10-22,0,0,9999
52995,66164,2025-12-19,0,0,9999
53009,66190,2025-08-11,0,0,9999
53010,66191,2025-12-17,0,0,9999
53018,66195,2023-07-26,0,0,9999
53020,66198,2025-05-06,0,0,9999
53021,66199,2025-10-31,0,1,75
53021,66200,2025-08-17,0,0,9999
53036,66217,2026-01-29,0,0,9999
53037,66221,2021-06-20,0,0,9999
53042,66225,2024-06-19,0,0,9999
53043,66227,2025-12-10,0,0,9999
53047,66232,2024-11-23,0,0,9999
53050,66239,2025-02-01,0,0,9999
53052,66241,2020-11-02,0,0,9999
53052,66242,2025-11-28,0,1,1852
53056,66248,2024-04-11,0,0,9999
53057,66250,2023-12-05,0,0,9999
53068,66260,2025-07-24,0,0,9999
53086,66283,2024-12-29,0,0,9999
53098,66294,2023-09-09,0,0,9999
53105,66302,2024-09-15,0,0,9999
53119,66323,2024-07-09,0,0,9999
53132,66339,2024-08-30,0,0,9999
53151,66360,2021-03-02,0,0,9999
53151,66361,2022-11-05,0,1,613
53154,66363,2024-12-21,0,0,9999
53155,66365,2025-03-26,0,0,9999
53163,66373,2025-06-13,0,0,9999
53164,66374,2022-01-02,0,0,9999
53167,66378,2023-08-04,0,0,9999
53170,66382,2023-09-12,0,0,9999
53170,66385,2023-11-06,0,1,55
53174,66390,2025-04-14,0,0,9999
53174,66391,2025-07-13,0,1,90
53180,66397,2024-07-22,0,0,9999
53183,66401,2025-02-16,0,0,9999
53194,66410,2025-05-06,0,0,9999
53206,66425,2023-01-12,0,0,9999
53208,66428,2021-05-22,0,0,9999
53212,66435,2021-03-16,0,0,9999
53217,66442,2020-11-29,0,0,9999
53221,66451,2022-05-29,0,0,9999
53227,66456,2024-10-18,0,0,9999
53232,66460,2021-03-11,0,0,9999
53234,66462,2023-10-27,0,0,9999
53239,66469,2024-12-17,0,0,9999
53242,66473,2025-05-11,0,0,9999
53248,66478,2024-03-03,0,0,9999
53250,66479,2023-01-04,0,0,9999
53250,66481,2023-05-23,0,1,139
53257,66490,2022-07-04,0,0,9999
53261,66495,2024-11-24,0,0,9999
53263,66498,2024-03-24,0,0,9999
53266,66500,2023-03-20,0,0,9999
53269,66505,2025-06-11,0,0,9999
53273,66514,2025-01-05,0,0,9999
53275,66516,2023-08-19,0,0,9999
53282,66524,2020-06-08,0,0,9999
53283,66525,2020-09-24,0,0,9999
53290,66534,2023-01-11,0,0,9999
53291,66535,2026-01-30,0,0,9999
53292,66537,2021-10-29,0,0,9999
53314,66568,2025-10-22,0,0,9999
53317,66572,2024-08-26,0,0,9999
53317,66573,2025-01-24,0,1,151
53321,66579,2025-03-05,0,0,9999
53322,66580,2025-11-14,1,0,9999
53322,66581,2025-11-23,0,1,9
53338,66594,2025-10-08,0,0,9999
53338,66595,2025-11-27,0,1,50
53362,66617,2025-11-14,0,0,9999
53363,66618,2022-07-15,0,0,9999
53368,66623,2024-04-18,0,0,9999
53382,66643,2025-08-23,0,0,9999
53388,66651,2022-02-19,0,0,9999
53396,66657,2023-12-13,0,0,9999
53398,66662,2021-07-30,0,0,9999
53402,66671,2024-01-27,0,0,9999
53408,66678,2025-03-26,0,0,9999
53423,66698,2024-05-13,0,0,9999
53425,66702,2025-11-07,1,0,9999
53425,66703,2025-11-16,0,1,9
53440,66718,2025-01-28,0,0,9999
53442,66720,2024-10-29,0,1,180
53442,66721,2024-05-02,0,0,9999
53446,66724,2025-02-14,0,0,9999
53449,66728,2025-05-15,0,0,9999
53451,66731,2023-10-06,0,0,9999
53462,66742,2023-11-21,0,0,9999
53464,66744,2023-09-18,0,0,9999
53464,66745,2024-09-13,0,1,361
53465,66748,2025-03-24,0,0,9999
53465,66749,2025-11-22,0,1,243
53472,66759,2026-01-30,0,0,9999
53477,66764,2025-10-07,0,0,9999
53481,66766,2025-02-24,0,0,9999
53485,66769,2025-09-15,0,0,9999
53498,66789,2026-01-19,0,0,9999
53500,66792,2024-12-14,0,0,9999
53532,66836,2025-02-04,0,0,9999
53538,66841,2023-06-24,0,0,9999
53541,66845,2025-07-25,0,0,9999
53542,66849,2024-12-27,0,0,9999
53543,66850,2025-07-07,0,0,9999
53544,66854,2025-05-05,0,0,9999
53548,66860,2021-09-18,0,0,9999
53569,66882,2025-07-31,0,1,126
53569,66883,2025-03-27,0,0,9999
53588,66906,2025-05-10,0,0,9999
53610,66922,2024-12-09,0,0,9999
53612,66925,2023-04-23,0,0,9999
53616,66930,2026-01-30,0,0,9999
53631,66942,2024-03-31,0,0,9999
53634,66948,2026-01-27,0,0,9999
53642,66955,2022-03-24,0,0,9999
53649,66962,2024-07-30,0,0,9999
53650,66963,2026-01-01,0,0,9999
53668,66993,2021-12-05,0,0,9999
53683,67007,2024-03-03,0,0,9999
53696,67029,2026-01-19,0,0,9999
53706,67042,2022-08-04,0,0,9999
53725,67064,2025-03-25,0,0,9999
53730,67072,2024-08-27,0,0,9999
53738,67082,2024-10-21,0,0,9999
53750,67097,2025-11-22,0,0,9999
53758,67112,2025-12-17,0,0,9999
53769,67124,2025-09-05,0,0,9999
53798,67168,2025-03-27,0,0,9999
53803,67174,2024-05-03,0,0,9999
53811,67181,2022-03-25,0,0,9999
53821,67195,2023-09-21,0,0,9999
53835,67213,2022-09-28,0,0,9999
53845,67221,2024-09-27,0,0,9999
53872,67258,2021-10-08,0,0,9999
53876,67263,2024-11-14,0,0,9999
53878,67266,2026-01-30,0,0,9999
53878,67267,2026-01-30,0,0,9999
53882,67273,2022-10-25,0,0,9999
53884,67275,2022-11-27,0,0,9999
53885,67276,2025-05-02,0,0,9999
53890,67278,2019-08-08,0,0,9999
53891,67279,2022-09-02,0,0,9999
53909,67310,2024-10-18,0,0,9999
53916,67322,2026-01-23,0,0,9999
53928,67332,2025-04-29,0,0,9999
53928,67334,2025-11-28,0,1,213
53938,67347,2024-11-02,0,0,9999
53940,67351,2025-11-17,1,0,9999
53940,67353,2025-12-13,0,1,26
53942,67357,2025-07-16,0,1,227
53942,67360,2024-12-01,0,0,9999
53946,67363,2024-10-09,0,0,9999
53948,67367,2025-11-02,0,0,9999
53953,67375,2025-09-09,0,0,9999
53954,67376,2021-01-21,0,0,9999
53956,67380,2026-01-29,0,0,9999
53956,67382,2026-01-29,0,0,9999
53970,67399,2026-01-29,0,0,9999
53978,67410,2025-02-21,0,0,9999
53989,67422,2024-02-12,0,0,9999
53994,67429,2025-12-15,0,0,9999
53999,67433,2025-11-18,0,0,9999
54002,67438,2022-05-01,0,0,9999
54003,67439,2023-11-15,0,0,9999
54007,67445,2023-09-24,0,0,9999
54007,67446,2025-03-14,0,1,537
54016,67453,2026-01-28,0,1,1
54016,67454,2026-01-27,1,0,9999
54018,67457,2024-03-08,0,0,9999
54028,67464,2023-01-08,0,0,9999
54030,67468,2021-11-02,0,0,9999
54030,67469,2023-05-06,0,1,550
54040,67478,2021-12-07,0,0,9999
54061,67505,2022-06-13,0,0,9999
54069,67513,2022-10-05,0,0,9999
54094,67546,2024-05-12,0,2,511
54094,67547,2022-12-18,0,1,104
54094,67548,2025-04-20,0,3,343
54094,67549,2022-09-05,0,0,9999
54095,67550,2024-02-10,0,0,9999
54097,67555,2023-10-21,0,0,9999
54097,67556,2025-05-25,0,2,195
54097,67557,2024-11-11,0,1,387
54097,67558,2025-09-05,0,3,103
54115,67581,2021-09-10,0,0,9999
54116,67583,2024-05-29,0,0,9999
54125,67597,2024-06-09,0,0,9999
54125,67598,2025-12-26,0,1,565
54126,67600,2021-05-22,0,0,9999
54127,67601,2023-06-24,0,0,9999
54138,67614,2021-08-25,0,0,9999
54139,67617,2025-11-06,0,1,1722
54139,67618,2021-02-18,0,0,9999
54145,67627,2024-06-03,0,0,9999
54146,67628,2022-12-02,0,0,9999
54149,67630,2024-06-05,0,0,9999
54152,67633,2025-02-17,0,0,9999
54153,67634,2025-10-27,0,0,9999
54166,67644,2024-04-07,0,0,9999
54184,67666,2025-05-07,0,0,9999
54186,67669,2024-01-30,0,0,9999
54186,67670,2024-09-02,0,1,216
54194,67678,2023-09-02,0,0,9999
54199,67685,2025-12-23,0,0,9999
54211,67698,2025-09-13,0,0,9999
54221,67717,2024-05-02,0,0,9999
54224,67720,2025-11-02,0,0,9999
54225,67722,2024-11-08,0,0,9999
54239,67743,2025-04-16,0,0,9999
54248,67759,2022-09-26,0,0,9999
54255,67765,2024-05-07,0,0,9999
54266,67775,2025-12-09,0,0,9999
54267,67778,2022-01-18,0,0,9999
54270,67782,2025-10-04,0,0,9999
54270,67784,2026-01-30,0,1,118
54280,67797,2024-08-07,0,0,9999
54285,67803,2025-08-10,0,0,9999
54292,67809,2025-09-12,0,0,9999
54300,67817,2024-10-12,0,0,9999
54314,67832,2025-11-22,0,0,9999
54320,67838,2024-03-27,0,0,9999
54339,67854,2026-01-05,0,0,9999
54340,67856,2024-10-08,0,1,151
54340,67857,2024-05-10,0,0,9999
54344,67864,2025-08-06,0,0,9999
54350,67870,2025-11-01,0,0,9999
54351,67873,2025-01-25,0,0,9999
54356,67879,2024-11-22,0,0,9999
54361,67885,2022-06-02,0,0,9999
54361,67887,2024-04-21,0,1,689
54364,67891,2025-06-07,0,2,106
54364,67892,2025-02-20,1,0,9999
54364,67894,2025-02-21,0,1,1
54368,67902,2025-06-23,0,0,9999
54377,67912,2025-03-07,0,0,9999
54378,67914,2024-11-23,0,0,9999
54379,67916,2025-07-27,0,0,9999
54381,67920,2025-04-06,0,0,9999
54392,67935,2021-05-10,0,0,9999
54399,67948,2025-10-01,0,0,9999
54400,67949,2025-03-11,0,0,9999
54402,67954,2026-01-18,0,0,9999
54415,67974,2020-10-30,0,0,9999
54421,67981,2023-03-13,0,0,9999
54427,67990,2023-05-11,0,0,9999
54432,67997,2023-09-04,0,0,9999
54436,68001,2025-08-21,0,0,9999
54438,68004,2023-11-19,0,0,9999
54457,68030,2026-01-25,0,0,9999
54459,68033,2025-03-16,0,0,9999
54460,68036,2025-11-03,0,0,9999
54478,68063,2025-11-30,0,0,9999
54480,68066,2025-11-19,0,0,9999
54483,68070,2026-01-03,0,0,9999
54486,68072,2022-08-17,0,0,9999
54486,68074,2025-09-03,0,1,1113
54506,68103,2026-01-06,0,0,9999
54507,68104,2024-08-19,0,1,244
54507,68106,2023-12-19,0,0,9999
54508,68108,2025-11-19,0,0,9999
54515,68118,2026-01-21,0,0,9999
54521,68124,2025-11-18,0,0,9999
54529,68133,2024-11-19,0,0,9999
54532,68138,2025-04-29,0,0,9999
54538,68144,2023-07-13,0,0,9999
54544,68150,2024-08-17,0,0,9999
54545,68152,2024-04-01,0,0,9999
54550,68159,2024-12-04,0,0,9999
54560,68170,2020-03-21,0,0,9999
54567,68176,2025-04-04,0,0,9999
54581,68191,2023-10-25,0,0,9999
54581,68192,2025-02-02,0,1,466
54587,68198,2021-10-05,0,0,9999
54601,68218,2024-03-20,0,1,402
54601,68219,2023-02-12,0,0,9999
54616,68234,2025-06-02,0,0,9999
54619,68238,2024-07-14,0,0,9999
54620,68239,2024-09-16,0,0,9999
54623,68241,2024-06-15,0,0,9999
54626,68247,2024-04-03,0,0,9999
54639,68261,2023-10-17,0,0,9999
54641,68263,2023-08-24,0,0,9999
54644,68272,2021-08-24,0,0,9999
54645,68275,2025-09-02,0,0,9999
54646,68278,2024-08-11,0,0,9999
54661,68295,2025-11-16,0,0,9999
54664,68300,2020-10-20,0,0,9999
54666,68303,2023-11-14,0,0,9999
54670,68307,2024-10-01,0,0,9999
54676,68317,2024-06-12,0,0,9999
54677,68319,2024-04-05,0,0,9999
54681,68323,2020-12-10,0,0,9999
54685,68328,2022-12-12,0,0,9999
54694,68346,2025-06-13,0,0,9999
54702,68351,2024-12-07,0,0,9999
54705,68355,2022-11-16,0,0,9999
54718,68372,2026-01-27,0,0,9999
54727,68381,2025-03-31,0,0,9999
54734,68397,2024-07-26,0,0,9999
54740,68405,2024-04-24,0,0,9999
54743,68411,2025-03-12,0,0,9999
54744,68413,2026-01-30,0,0,9999
54747,68416,2024-01-09,0,0,9999
54752,68423,2022-07-28,0,0,9999
54753,68424,2021-03-18,0,0,9999
54753,68425,2023-08-25,0,1,890
54756,68428,2025-07-28,0,1,171
54756,68429,2025-02-07,0,0,9999
54759,68434,2021-06-17,0,0,9999
54765,68446,2024-10-10,0,0,9999
54769,68452,2025-07-21,0,0,9999
54781,68462,2025-12-09,0,0,9999
54789,68478,2026-01-15,0,0,9999
54790,68479,2025-11-11,0,1,22
54790,68480,2025-10-20,1,0,9999
54791,68481,2022-06-29,0,0,9999
54793,68483,2025-05-07,0,0,9999
54798,68489,2024-08-20,0,1,1210
54798,68491,2021-04-28,0,0,9999
54807,68498,2023-01-03,0,0,9999
54818,68508,2023-09-25,0,0,9999
54821,68511,2025-02-28,0,0,9999
54821,68513,2025-12-13,0,1,288
54824,68516,2025-11-20,0,0,9999
54827,68518,2025-09-30,0,0,9999
54839,68529,2024-09-29,0,0,9999
54841,68530,2024-10-01,0,0,9999
54850,68550,2025-06-23,0,0,9999
54851,68551,2025-08-23,0,0,9999
54860,68562,2022-02-08,0,0,9999
54865,68566,2025-12-10,0,0,9999
54875,68575,2024-11-09,0,0,9999
54878,68578,2024-12-10,0,0,9999
54888,68590,2025-02-04,0,0,9999
54889,68592,2024-02-26,0,0,9999
54891,68593,2024-06-06,0,0,9999
54894,68596,2025-10-13,0,0,9999
54899,68602,2021-09-19,0,0,9999
54903,68606,2025-11-01,0,0,9999
54906,68611,2026-01-29,0,0,9999
54915,68618,2024-02-29,0,0,9999
54926,68635,2026-01-01,0,0,9999
54938,68645,2022-08-06,0,0,9999
54948,68657,2024-12-22,0,0,9999
54950,68660,2024-04-09,0,0,9999
54952,68661,2025-08-21,0,0,9999
54954,68663,2021-04-11,0,0,9999
54954,68666,2022-05-25,0,1,409
54956,68669,2023-02-04,0,0,9999
54976,68699,2024-06-26,0,0,9999
54989,68717,2025-08-16,0,0,9999
54996,68723,2024-05-29,0,0,9999
55000,68728,2025-01-15,0,0,9999
55006,68732,2025-08-15,0,0,9999
55012,68736,2023-08-30,0,0,9999
55016,68741,2025-12-20,0,0,9999
55016,68742,2026-01-26,0,1,37
55021,68750,2023-06-21,0,0,9999
55022,68751,2025-09-14,0,0,9999
55029,68757,2025-12-21,0,0,9999
55033,68763,2025-06-28,0,0,9999
55035,68770,2025-03-13,0,0,9999
55045,68788,2026-01-30,0,0,9999
55047,68791,2023-08-21,0,0,9999
55047,68792,2023-11-28,0,1,99
55049,68795,2024-11-26,0,1,1562
55049,68796,2020-08-17,0,0,9999
55062,68812,2025-05-22,0,0,9999
55064,68815,2020-12-19,0,0,9999
55067,68818,2025-06-19,0,0,9999
55083,68836,2025-02-02,0,0,9999
55089,68843,2021-10-07,0,0,9999
55097,68851,2025-08-04,0,0,9999
55098,68853,2024-07-02,0,0,9999
55100,68855,2026-01-25,0,0,9999
55117,68870,2026-01-09,0,0,9999
55162,68915,2022-12-17,0,0,9999
55163,68916,2026-01-07,0,0,9999
55169,68922,2025-11-27,0,0,9999
55182,68940,2026-01-13,0,0,9999
55183,68941,2024-11-01,0,0,9999
55186,68945,2025-05-04,0,0,9999
55203,68963,2024-04-04,0,0,9999
55204,68964,2024-04-07,0,0,9999
55213,68973,2025-12-11,1,0,9999
55213,68975,2025-12-15,0,1,4
55220,68985,2020-04-01,0,0,9999
55244,69014,2021-11-17,0,1,7
55244,69015,2021-11-10,1,0,9999
55253,69024,2024-10-27,0,0,9999
55254,69026,2023-01-20,0,0,9999
55263,69033,2023-03-12,0,0,9999
55276,69054,2026-01-30,0,0,9999
55277,69055,2024-11-22,0,0,9999
55295,69076,2024-08-02,0,0,9999
55297,69080,2024-04-28,0,0,9999
55297,69081,2025-07-06,0,1,434
55302,69089,2025-08-19,0,0,9999
55310,69097,2025-08-31,0,1,1346
55310,69098,2021-12-24,0,0,9999
55330,69127,2025-09-25,0,0,9999
55353,69150,2022-08-28,0,0,9999
55363,69164,2024-09-06,0,0,9999
55369,69173,2025-10-15,0,0,9999
55369,69174,2025-12-02,0,1,48
55372,69177,2021-11-14,0,0,9999
55395,69206,2025-03-21,0,0,9999
55403,69218,2022-02-15,0,0,9999
55404,69221,2025-12-31,0,0,9999
55409,69233,2025-02-01,0,0,9999
55411,69236,2025-11-11,0,0,9999
55430,69259,2026-01-06,0,0,9999
55437,69264,2020-09-05,0,0,9999
55463,69304,2025-01-14,0,0,9999
55469,69308,2025-12-10,0,0,9999
55474,69317,2023-09-10,0,0,9999
55481,69329,2023-12-24,0,0,9999
55484,69332,2024-05-27,0,0,9999
55492,69340,2024-08-03,0,0,9999
55499,69347,2025-04-06,0,0,9999
55502,69351,2020-10-29,0,0,9999
55503,69353,2023-05-27,0,0,9999
55505,69356,2024-02-13,0,0,9999
55511,69362,2024-02-27,0,0,9999
55518,69371,2025-07-17,0,0,9999
55524,69378,2022-06-27,0,0,9999
55530,69382,2025-07-24,0,0,9999
55532,69385,2025-08-31,0,0,9999
55539,69394,2025-06-04,0,0,9999
55561,69417,2024-04-24,0,0,9999
55569,69424,2021-11-26,0,0,9999
55572,69428,2024-05-07,0,0,9999
55576,69436,2023-08-29,0,0,9999
55577,69438,2023-02-06,0,0,9999
55593,69461,2020-07-16,0,0,9999
55612,69479,2025-10-05,0,0,9999
55623,69492,2022-02-14,0,1,508
55623,69494,2020-09-24,0,0,9999
55627,69499,2025-05-24,0,0,9999
55630,69501,2025-02-08,0,0,9999
55634,69509,2025-04-09,0,0,9999
55645,69522,2025-05-30,0,1,407
55645,69524,2024-04-18,0,0,9999
55651,69535,2025-11-07,0,0,9999
55652,69536,2026-01-25,0,0,9999
55653,69537,2026-01-30,0,0,9999
55670,69550,2025-07-04,0,0,9999
55671,69551,2023-12-24,0,1,358
55671,69553,2022-12-31,0,0,9999
55673,69557,2024-02-01,0,0,9999
55673,69558,2024-05-20,0,1,109
55675,69562,2025-01-27,0,0,9999
55681,69568,2022-08-17,0,0,9999
55684,69571,2025-08-04,0,0,9999
55687,69576,2021-09-07,0,0,9999
55697,69589,2025-01-12,0,0,9999
55698,69590,2024-08-18,0,0,9999
55704,69597,2024-05-16,0,0,9999
55708,69600,2020-11-02,0,0,9999
55710,69603,2020-10-21,0,0,9999
55713,69607,2025-06-20,0,0,9999
55714,69608,2022-10-14,0,1,376
55714,69609,2021-10-03,0,0,9999
55720,69614,2023-11-27,0,0,9999
55727,69621,2025-07-21,0,0,9999
55744,69641,2024-10-15,0,0,9999
55756,69654,2025-05-14,0,0,9999
55756,69655,2025-09-06,0,1,115
55764,69662,2021-11-04,0,0,9999
55770,69669,2020-10-22,0,0,9999
55770,69670,2021-04-02,0,1,162
55786,69691,2023-11-21,0,0,9999
55794,69696,2023-10-31,0,0,9999
55797,69699,2021-05-21,0,0,9999
55801,69705,2022-10-16,0,0,9999
55803,69707,2026-01-14,1,0,9999
55803,69708,2026-01-25,0,1,11
55805,69711,2021-03-22,0,0,9999
55806,69712,2022-09-25,0,0,9999
55812,69718,2025-01-19,0,0,9999
55831,69738,2022-07-13,0,0,9999
55849,69763,2023-05-20,0,0,9999
55856,69769,2026-01-26,0,0,9999
55860,69773,2026-01-29,0,0,9999
55871,69785,2025-12-22,0,0,9999
55872,69786,2025-04-10,0,0,9999
55876,69795,2022-08-17,0,0,9999
55890,69810,2021-08-22,0,0,9999
55890,69811,2023-03-26,0,1,581
55897,69820,2025-10-30,0,1,3
55897,69821,2025-10-27,1,0,9999
55900,69823,2024-03-26,0,0,9999
55902,69824,2025-07-25,0,0,9999
55906,69829,2023-10-31,0,0,9999
55910,69836,2021-12-23,0,0,9999
55912,69842,2025-11-09,0,0,9999
55913,69843,2026-01-27,0,0,9999
55915,69850,2024-01-01,0,0,9999
55926,69864,2022-04-01,0,0,9999
55932,69870,2024-04-27,0,0,9999
55939,69877,2024-06-25,0,0,9999
55960,69901,2026-01-25,0,0,9999
55965,69907,2025-10-10,0,0,9999
55970,69914,2025-10-18,0,0,9999
55975,69921,2022-11-03,0,0,9999
55986,69934,2025-10-08,0,0,9999
55991,69939,2025-10-12,0,0,9999
55995,69943,2023-04-18,0,0,9999
55999,69946,2025-06-04,0,0,9999
56007,69959,2022-08-06,0,0,9999
56011,69965,2023-07-06,0,0,9999
56012,69966,2025-09-07,0,0,9999
56012,69968,2025-10-09,0,1,32
56017,69973,2021-03-22,0,0,9999
56018,69974,2024-08-19,0,0,9999
56019,69975,2025-06-19,0,0,9999
56023,69980,2025-04-24,0,0,9999
56025,69982,2021-10-08,0,0,9999
56051,70015,2023-07-24,0,0,9999
56055,70021,2025-03-21,0,0,9999
56065,70032,2025-02-24,0,0,9999
56074,70041,2022-05-30,0,0,9999
56074,70042,2023-12-24,0,1,573
56075,70046,2024-06-16,0,0,9999
56083,70052,2025-02-06,0,0,9999
56102,70072,2026-01-30,0,0,9999
56130,70110,2025-12-14,0,0,9999
56146,70130,2025-01-29,0,0,9999
56149,70133,2025-03-07,0,1,1130
56149,70134,2022-02-01,0,0,9999
56158,70148,2025-12-23,0,0,9999
56171,70163,2023-04-02,0,0,9999
56180,70180,2025-07-23,0,1,42
56180,70181,2025-06-11,0,0,9999
56180,70182,2025-08-25,0,2,33
56188,70196,2025-11-12,0,0,9999
56200,70209,2025-02-21,0,0,9999
56201,70210,2025-03-20,0,0,9999
56203,70212,2024-08-02,0,0,9999
56206,70217,2025-08-04,0,0,9999
56210,70223,2023-08-26,0,0,9999
56230,70245,2026-01-18,0,0,9999
56231,70248,2025-09-30,0,0,9999
56242,70262,2026-01-30,0,0,9999
56250,70275,2025-07-30,0,0,9999
56270,70294,2020-09-09,0,0,9999
56273,70299,2022-04-16,0,0,9999
56285,70310,2024-06-05,0,0,9999
56288,70314,2026-01-23,0,0,9999
56289,70316,2023-06-27,0,0,9999
56296,70319,2024-12-27,0,0,9999
56300,70322,2025-09-03,0,0,9999
56303,70327,2024-02-08,0,0,9999
56303,70328,2025-07-06,0,1,514
56326,70355,2025-01-14,0,0,9999
56330,70358,2025-03-09,0,0,9999
56336,70363,2021-05-08,0,0,9999
56340,70366,2019-07-21,0,0,9999
56342,70369,2022-09-25,0,1,270
56342,70370,2021-12-29,0,0,9999
56346,70374,2023-08-05,0,0,9999
56347,70375,2022-04-01,0,0,9999
56350,70381,2025-12-18,0,0,9999
56356,70387,2025-12-22,0,0,9999
56363,70392,2023-05-01,0,0,9999
56365,70394,2025-12-27,0,0,9999
56368,70399,2025-12-13,0,0,9999
56372,70404,2023-01-27,0,0,9999
56378,70409,2024-11-06,0,0,9999
56387,70421,2024-04-30,0,0,9999
56390,70425,2024-10-24,0,0,9999
56407,70443,2020-03-16,0,0,9999
56411,70449,2023-12-26,0,0,9999
56414,70453,2024-10-13,0,0,9999
56424,70466,2025-08-14,0,0,9999
56426,70468,2025-06-22,0,0,9999
56440,70481,2025-10-12,0,0,9999
56443,70484,2022-02-13,0,0,9999
56445,70486,2025-09-12,0,0,9999
56457,70504,2024-10-01,0,0,9999
56483,70536,2025-12-03,0,0,9999
56484,70538,2022-02-18,0,0,9999
56486,70541,2023-01-18,0,0,9999
56496,70550,2025-09-13,0,0,9999
56506,70565,2023-12-07,0,0,9999
56521,70585,2024-03-07,0,0,9999
56551,70629,2022-09-14,0,0,9999
56553,70635,2025-08-23,0,0,9999
56563,70647,2022-11-20,0,0,9999
56564,70648,2020-11-23,0,0,9999
56565,70650,2023-09-23,0,0,9999
56567,70651,2023-10-09,0,0,9999
56575,70663,2025-11-10,0,0,9999
56583,70670,2024-12-16,0,1,629
56583,70671,2023-03-28,0,0,9999
56585,70676,2021-10-14,0,0,9999
56593,70688,2025-01-23,0,0,9999
56607,70702,2025-11-24,0,0,9999
56630,70731,2026-01-29,0,0,9999
56631,70732,2019-11-02,0,0,9999
56634,70735,2026-01-28,0,0,9999
56640,70739,2025-06-14,0,0,9999
56643,70743,2026-01-26,0,0,9999
56644,70744,2025-12-26,0,0,9999
56653,70759,2025-07-02,0,0,9999
56663,70767,2024-03-23,0,0,9999
56678,70782,2024-06-13,0,0,9999
56682,70786,2026-01-19,0,0,9999
56691,70798,2025-02-24,0,0,9999
56695,70802,2025-02-19,0,0,9999
56705,70818,2025-12-05,0,0,9999
56713,70829,2025-05-05,0,0,9999
56713,70831,2025-12-02,0,1,211
56722,70842,2026-01-21,0,0,9999
56732,70853,2020-04-21,0,0,9999
56733,70854,2025-10-19,0,0,9999
56739,70863,2024-05-31,0,1,96
56739,70864,2024-02-25,0,0,9999
56739,70865,2024-11-03,0,2,156
56741,70870,2026-01-23,0,0,9999
56742,70872,2025-08-09,0,0,9999
56750,70885,2022-09-19,0,0,9999
56751,70886,2025-11-20,0,1,121
56751,70887,2025-07-22,0,0,9999
56756,70895,2025-12-21,0,0,9999
56757,70897,2022-03-02,0,0,9999
56761,70901,2020-07-12,0,0,9999
56766,70907,2024-06-26,0,0,9999
56769,70910,2025-04-07,0,0,9999
56773,70916,2025-06-26,0,0,9999
56776,70923,2026-01-14,0,0,9999
56786,70934,2024-04-17,0,0,9999
56805,70952,2020-05-26,0,0,9999
56813,70962,2023-03-10,0,1,1168
56813,70963,2019-12-28,0,0,9999
56813,70964,2025-06-09,0,2,822
56819,70976,2023-10-22,0,0,9999
56822,70978,2026-01-03,0,0,9999
56825,70981,2025-02-28,0,0,9999
56825,70982,2025-07-18,0,1,140
56835,70995,2022-07-26,0,0,9999
56841,71001,2026-01-30,0,1,254
56841,71004,2025-05-21,0,0,9999
56842,71005,2024-05-31,0,0,9999
56843,71008,2025-11-12,0,1,42
56843,71010,2025-10-01,0,0,9999
56844,71012,2022-08-30,0,0,9999
56844,71013,2023-04-30,0,1,243
56853,71022,2025-02-16,0,1,10
56853,71023,2025-02-06,1,0,9999
56854,71025,2026-01-29,0,0,9999
56875,71043,2021-12-01,0,0,9999
56878,71049,2020-09-05,0,0,9999
56900,71070,2025-05-06,0,0,9999
56903,71073,2026-01-25,0,0,9999
56905,71075,2023-06-28,0,0,9999
56910,71079,2024-08-30,0,0,9999
56911,71084,2021-10-22,0,0,9999
56913,71087,2025-12-19,0,0,9999
56916,71093,2024-10-26,0,1,184
56916,71094,2024-04-25,0,0,9999
56928,71106,2023-07-22,0,0,9999
56932,71110,2025-10-29,0,0,9999
56937,71116,2025-09-13,0,0,9999
56941,71122,2025-09-14,0,0,9999
56944,71128,2025-08-27,0,0,9999
56944,71129,2025-11-25,0,1,90
56950,71134,2023-02-28,0,0,9999
56960,71144,2025-01-07,0,0,9999
56966,71151,2025-10-10,0,0,9999
56970,71156,2024-06-06,0,0,9999
56978,71169,2026-01-29,0,1,1
56978,71170,2026-01-28,1,0,9999
56981,71175,2025-08-11,0,0,9999
56983,71179,2021-07-19,0,0,9999
56992,71192,2019-06-24,0,0,9999
57002,71198,2024-07-18,0,0,9999
57006,71203,2026-01-29,0,0,9999
57012,71208,2023-04-12,0,0,9999
57038,71240,2024-09-16,0,0,9999
57040,71242,2024-11-02,0,0,9999
57041,71243,2022-10-19,0,0,9999
57042,71244,2025-03-22,0,0,9999
57044,71248,2022-01-04,0,0,9999
57049,71257,2025-08-18,0,0,9999
57051,71262,2024-12-26,0,1,263
57051,71263,2024-04-07,0,0,9999
57054,71266,2025-04-06,0,0,9999
57056,71271,2025-07-15,0,0,9999
57073,71294,2024-06-29,0,0,9999
57097,71320,2024-12-05,0,0,9999
57099,71321,2022-02-04,0,0,9999
57107,71334,2023-10-22,0,0,9999
57113,71341,2023-10-27,0,0,9999
57114,71344,2024-05-05,0,0,9999
57116,71351,2023-10-08,0,0,9999
57118,71353,2024-10-06,0,0,9999
57135,71372,2019-11-27,0,0,9999
57149,71387,2024-07-01,0,0,9999
57152,71394,2021-07-22,0,0,9999
57164,71408,2024-04-21,0,0,9999
57166,71414,2025-12-27,0,0,9999
57178,71428,2025-12-28,0,0,9999
57179,71429,2025-05-08,0,0,9999
57181,71433,2022-11-29,0,0,9999
57185,71435,2023-11-05,0,0,9999
57189,71440,2025-05-12,0,0,9999
57193,71445,2025-04-07,0,1,410
57193,71447,2024-02-22,0,0,9999
57201,71458,2022-08-26,0,0,9999
57206,71468,2021-09-15,0,0,9999
57209,71475,2022-09-20,0,0,9999
57211,71479,2025-04-07,0,0,9999
57213,71481,2024-12-08,0,0,9999
57215,71486,2025-08-01,0,0,9999
57220,71496,2023-03-25,0,0,9999
57227,71504,2020-06-27,0,0,9999
57227,71505,2024-08-28,0,1,1523
57229,71510,2022-11-14,0,0,9999
57241,71524,2023-02-22,0,0,9999
57249,71531,2024-12-15,0,0,9999
57252,71533,2025-09-14,0,0,9999
57253,71534,2025-08-11,0,0,9999
57257,71538,2024-08-12,0,0,9999
57272,71554,2022-08-24,0,0,9999
57273,71558,2025-09-19,0,0,9999
57276,71563,2026-01-06,0,0,9999
57285,71571,2025-01-04,0,1,19
57285,71572,2024-12-16,1,0,9999
57286,71573,2025-11-12,0,0,9999
57289,71576,2026-01-29,0,0,9999
57291,71578,2023-05-08,0,0,9999
57297,71583,2023-03-15,0,0,9999
57298,71585,2023-12-14,0,0,9999
57305,71588,2024-07-28,0,0,9999
57312,71596,2022-11-24,0,0,9999
57312,71597,2023-03-20,0,1,116
57312,71598,2023-06-21,0,2,93
57322,71609,2024-06-22,0,0,9999
57331,71616,2024-06-14,0,0,9999
57331,71617,2025-03-30,0,1,289
57334,71622,2024-12-13,0,0,9999
57336,71624,2025-09-28,0,0,9999
57360,71651,2025-11-25,0,0,9999
57361,71652,2023-02-07,0,0,9999
57371,71662,2020-12-02,0,0,9999
57371,71663,2025-08-14,0,1,1716
57380,71675,2023-11-11,0,0,9999
57384,71677,2025-05-09,0,0,9999
57395,71687,2022-06-07,0,0,9999
57400,71691,2021-05-20,0,0,9999
57402,71693,2025-06-24,0,0,9999
57403,71697,2024-10-17,0,0,9999
57410,71705,2023-11-19,0,0,9999
57412,71708,2025-02-10,0,0,9999
57424,71727,2025-01-08,0,0,9999
57437,71742,2022-09-24,0,0,9999
57438,71744,2025-02-12,0,0,9999
57439,71746,2025-09-18,0,0,9999
57442,71751,2024-07-14,0,0,9999
57446,71759,2023-03-30,0,0,9999
57451,71764,2026-01-18,0,0,9999
57483,71796,2025-12-05,0,0,9999
57494,71811,2024-11-08,0,0,9999
57499,71816,2026-01-04,0,0,9999
57501,71822,2024-04-12,0,0,9999
57513,71835,2023-12-17,0,0,9999
57530,71857,2025-12-09,0,0,9999
57533,71861,2023-02-09,0,0,9999
57535,71862,2026-01-02,0,0,9999
57548,71876,2025-08-07,0,0,9999
57557,71885,2026-01-29,0,0,9999
57564,71897,2026-01-23,0,0,9999
57575,71907,2025-02-15,0,0,9999
57604,71939,2025-03-23,0,0,9999
57609,71945,2025-10-26,0,0,9999
57624,71960,2025-07-05,0,1,477
57624,71962,2024-03-15,0,0,9999
57633,71975,2024-05-22,0,0,9999
57634,71977,2025-10-19,0,0,9999
57635,71979,2026-01-30,0,0,9999
57636,71980,2025-01-01,0,0,9999
57638,71985,2024-04-28,0,0,9999
57645,71994,2021-02-09,0,0,9999
57652,72000,2024-10-13,0,0,9999
57655,72006,2025-07-22,0,0,9999
57662,72022,2025-07-27,0,0,9999
57674,72037,2026-01-03,0,0,9999
57676,72040,2025-08-27,0,0,9999
57682,72049,2025-11-26,0,0,9999
57684,72052,2025-12-24,0,0,9999
57686,72054,2026-01-30,0,0,9999
57707,72078,2026-01-30,0,0,9999
57707,72079,2026-01-30,0,0,9999
57714,72084,2026-01-21,1,0,9999
57714,72085,2026-01-29,0,1,8
57716,72086,2024-09-25,0,0,9999
57716,72089,2025-04-05,0,1,192
57718,72091,2025-02-11,0,0,9999
57721,72097,2023-06-15,0,0,9999
57725,72101,2023-02-25,0,0,9999
57734,72109,2025-01-11,0,0,9999
57742,72116,2025-06-29,0,0,9999
57754,72128,2024-02-22,0,0,9999
57764,72143,2023-08-25,0,0,9999
57765,72144,2023-10-19,0,0,9999
57768,72148,2025-04-02,0,0,9999
57776,72155,2022-09-12,0,1,109
57776,72156,2022-05-26,0,0,9999
57776,72158,2024-07-16,0,2,673
57777,72159,2023-03-12,0,0,9999
57785,72169,2025-09-02,0,1,128
57785,72170,2025-04-27,0,0,9999
57812,72195,2025-05-01,0,0,9999
57814,72197,2025-12-11,0,0,9999
57837,72219,2025-11-28,0,0,9999
57854,72235,2025-01-14,0,0,9999
57854,72236,2025-07-26,0,1,193
57863,72248,2025-11-17,0,0,9999
57864,72249,2024-03-19,0,0,9999
57881,72274,2025-06-09,0,0,9999
57882,72277,2025-12-23,0,1,3
57882,72279,2025-12-20,1,0,9999
57883,72281,2024-08-19,0,0,9999
57922,72329,2022-04-30,0,0,9999
57924,72333,2023-05-12,0,0,9999
57927,72336,2025-09-20,1,1,12
57927,72337,2025-09-08,1,0,9999
57927,72338,2025-09-21,0,2,1
57952,72366,2025-08-07,0,0,9999
57961,72375,2026-01-02,0,0,9999
58009,72434,2025-12-21,0,0,9999
58043,72473,2024-12-20,0,0,9999
58044,72476,2022-12-31,0,0,9999
58060,72492,2022-02-19,0,0,9999
58066,72498,2026-01-06,0,0,9999
58067,72499,2025-10-28,0,0,9999
58068,72501,2025-10-06,0,0,9999
58070,72503,2023-11-02,0,0,9999
58078,72511,2023-03-31,0,0,9999
58082,72515,2023-02-05,0,0,9999
58085,72522,2023-02-11,0,1,834
58085,72523,2020-10-30,0,0,9999
58101,72541,2024-12-13,0,0,9999
58102,72542,2020-10-18,0,0,9999
58109,72549,2021-05-24,0,0,9999
58110,72550,2026-01-30,0,2,1
58110,72551,2026-01-30,0,2,1
58110,72552,2026-01-29,1,0,9999
58110,72553,2026-01-29,1,0,9999
58118,72562,2025-02-01,0,0,9999
58125,72570,2023-12-04,0,0,9999
58132,72578,2024-09-24,0,0,9999
58147,72598,2025-11-17,0,0,9999
58171,72622,2025-10-07,0,0,9999
58174,72626,2025-12-19,0,0,9999
58176,72629,2022-05-02,0,0,9999
58176,72630,2026-01-15,0,1,1354
58182,72636,2024-05-14,0,0,9999
58184,72640,2025-06-21,0,0,9999
58189,72645,2021-08-20,0,0,9999
58193,72649,2024-03-01,0,0,9999
58193,72650,2024-06-20,0,1,111
58217,72670,2022-10-24,0,0,9999
58217,72671,2024-12-06,0,1,774
58218,72675,2022-08-15,0,0,9999
58238,72694,2026-01-10,0,0,9999
58242,72698,2025-12-08,0,0,9999
58244,72699,2024-01-05,0,0,9999
58257,72715,2025-11-06,0,0,9999
58262,72719,2024-11-06,0,0,9999
58265,72723,2021-06-18,0,0,9999
58267,72727,2025-05-21,0,0,9999
58272,72732,2025-06-28,0,0,9999
58273,72734,2025-03-21,0,0,9999
58276,72737,2023-12-05,0,0,9999
58280,72742,2025-09-13,0,0,9999
58302,72770,2026-01-30,0,0,9999
58318,72798,2025-08-10,0,0,9999
58320,72801,2025-10-12,0,0,9999
58323,72804,2023-11-19,0,0,9999
58332,72815,2022-06-30,0,0,9999
58333,72816,2025-09-10,0,0,9999
58342,72825,2024-04-11,0,0,9999
58354,72836,2026-01-30,0,0,9999
58369,72849,2022-10-29,0,0,9999
58395,72879,2025-01-28,0,0,9999
58399,72889,2025-07-04,0,0,9999
58408,72900,2025-01-05,0,0,9999
58410,72902,2025-08-09,0,0,9999
58411,72903,2024-12-23,0,0,9999
58412,72907,2023-03-28,0,0,9999
58420,72921,2025-12-22,0,0,9999
58423,72925,2021-03-29,0,0,9999
58426,72929,2023-02-05,0,0,9999
58440,72946,2025-02-03,0,0,9999
58451,72962,2022-07-05,0,0,9999
58453,72967,2024-12-24,0,0,9999
58461,72979,2024-04-01,0,0,9999
58467,72985,2026-01-26,0,0,9999
58470,72988,2021-06-30,0,0,9999
58475,72993,2021-06-24,0,0,9999
58475,72995,2022-07-17,0,1,388
58485,73009,2025-11-25,0,0,9999
58488,73011,2021-12-08,0,0,9999
58491,73017,2023-06-13,0,0,9999
58517,73050,2026-01-12,0,0,9999
58522,73061,2021-04-03,0,0,9999
58537,73082,2022-11-17,0,0,9999
58554,73103,2025-06-27,0,0,9999
58582,73124,2024-05-18,0,0,9999
58595,73140,2024-11-18,0,0,9999
58596,73143,2025-07-14,0,0,9999
58598,73146,2025-09-02,0,0,9999
58625,73174,2025-11-26,0,1,198
58625,73175,2025-05-12,0,0,9999
58630,73179,2024-11-16,0,0,9999
58634,73186,2021-03-17,0,0,9999
58637,73195,2025-11-20,0,0,9999
58638,73197,2022-11-25,0,0,9999
58639,73198,2025-12-09,0,0,9999
58641,73200,2024-07-22,0,0,9999
58642,73201,2025-10-07,1,1,10
58642,73202,2025-10-14,0,2,7
58642,73203,2025-09-27,1,0,9999
58644,73205,2025-11-02,0,0,9999
58668,73230,2025-12-21,0,0,9999
58672,73236,2021-10-30,0,0,9999
58677,73242,2025-04-22,0,0,9999
58680,73246,2024-09-29,0,0,9999
58695,73266,2024-11-26,0,0,9999
58697,73269,2024-12-01,0,0,9999
58722,73288,2025-06-23,0,0,9999
58724,73291,2025-05-25,0,0,9999
58729,73297,2025-10-09,0,1,815
58729,73298,2023-07-17,0,0,9999
58733,73302,2021-06-01,0,0,9999
58740,73313,2021-11-23,0,0,9999
58743,73317,2023-07-25,0,0,9999
58759,73337,2020-02-08,0,0,9999
58760,73340,2026-01-01,0,0,9999
58766,73351,2022-12-21,0,0,9999
58773,73357,2025-04-27,0,0,9999
58783,73378,2022-10-22,0,0,9999
58806,73406,2025-01-05,0,0,9999
58814,73415,2025-05-08,0,0,9999
58817,73420,2025-12-27,0,0,9999
58818,73423,2023-12-09,0,0,9999
58823,73428,2024-02-09,0,0,9999
58836,73443,2024-09-01,0,0,9999
58838,73449,2023-10-29,0,1,146
58838,73450,2023-06-05,0,0,9999
58843,73456,2021-08-03,0,0,9999
58844,73457,2023-02-16,0,0,9999
58847,73462,2021-07-25,0,0,9999
58857,73477,2025-12-21,0,0,9999
58859,73479,2025-12-22,0,0,9999
58869,73495,2025-05-10,0,0,9999
58887,73513,2022-08-30,0,0,9999
58889,73517,2024-06-03,0,0,9999
58901,73529,2024-12-14,0,1,1139
58901,73531,2021-11-01,0,0,9999
58911,73544,2026-01-30,0,0,9999
58913,73547,2025-09-24,0,0,9999
58914,73550,2024-10-26,0,0,9999
58920,73559,2022-04-23,0,0,9999
58921,73560,2025-06-13,0,0,9999
58922,73561,2022-02-13,0,0,9999
58924,73564,2025-05-08,0,0,9999
58928,73572,2023-02-05,0,0,9999
58941,73592,2025-04-25,0,0,9999
58962,73624,2025-10-25,0,0,9999
58965,73629,2022-11-13,0,0,9999
58965,73630,2023-05-27,0,1,195
58979,73652,2024-02-01,0,0,9999
58979,73653,2025-06-22,0,1,507
58989,73663,2019-07-19,0,0,9999
58989,73664,2025-05-11,0,1,2123
59006,73681,2020-08-27,0,0,9999
59015,73691,2025-10-19,0,0,9999
59025,73704,2025-03-01,0,0,9999
59035,73711,2025-01-09,0,0,9999
59035,73712,2025-05-23,0,1,134
59046,73728,2025-10-03,0,0,9999
59060,73744,2025-12-30,0,0,9999
59066,73753,2024-05-11,0,0,9999
59071,73758,2025-01-18,0,0,9999
59081,73773,2025-03-06,0,1,1937
59081,73774,2019-11-16,0,0,9999
59090,73788,2026-01-14,0,0,9999
59092,73790,2021-09-17,0,0,9999
59093,73791,2025-05-18,0,0,9999
59099,73798,2024-07-08,0,0,9999
59101,73802,2025-03-27,0,0,9999
59104,73807,2025-12-09,0,0,9999
59112,73816,2025-08-27,0,0,9999
59116,73819,2025-01-10,0,0,9999
59119,73821,2024-09-13,0,0,9999
59126,73827,2025-07-16,0,0,9999
59136,73836,2023-03-30,0,0,9999
59138,73838,2025-07-23,0,0,9999
59169,73873,2024-03-28,0,0,9999
59175,73878,2025-05-24,0,0,9999
59181,73883,2023-09-18,0,0,9999
59210,73916,2023-12-06,0,0,9999
59215,73922,2021-03-31,0,0,9999
59220,73930,2026-01-27,0,0,9999
59223,73934,2022-09-10,0,0,9999
59226,73936,2026-01-27,0,0,9999
59227,73938,2026-01-30,0,0,9999
59235,73944,2026-01-28,0,0,9999
59236,73945,2025-06-04,0,0,9999
59253,73961,2026-01-28,0,0,9999
59259,73968,2022-05-11,0,0,9999
59261,73969,2024-09-24,0,0,9999
59263,73973,2026-01-26,0,1,12
59263,73974,2026-01-14,1,0,9999
59264,73975,2025-11-17,0,1,98
59264,73976,2025-08-11,0,0,9999
59267,73979,2025-02-08,0,0,9999
59271,73986,2023-12-28,0,0,9999
59288,74005,2024-11-17,0,0,9999
59291,74008,2025-12-18,0,0,9999
59292,74011,2025-10-22,0,1,17
59292,74012,2025-12-09,0,2,48
59292,74013,2025-10-05,1,0,9999
59302,74026,2025-10-19,0,0,9999
59309,74035,2026-01-15,0,0,9999
59317,74041,2022-05-17,0,0,9999
59329,74058,2022-11-02,0,0,9999
59329,74059,2023-06-07,0,1,217
59332,74063,2026-01-02,0,0,9999
59340,74073,2025-04-26,0,0,9999
59344,74078,2025-06-21,1,0,9999
59344,74079,2025-07-15,0,1,24
59354,74087,2026-01-22,0,0,9999
59355,74088,2025-12-21,0,0,9999
59357,74091,2025-08-29,0,0,9999
59373,74108,2025-06-10,0,0,9999
59375,74109,2020-10-07,0,0,9999
59376,74110,2025-12-12,0,0,9999
59382,74117,2023-04-24,0,0,9999
59394,74134,2024-12-17,0,0,9999
59403,74146,2022-05-15,0,0,9999
59408,74153,2022-07-21,0,0,9999
59409,74154,2024-04-14,0,0,9999
59414,74160,2025-12-26,0,2,312
59414,74161,2025-02-17,0,1,360
59414,74162,2024-02-23,0,0,9999
59417,74168,2022-03-12,0,0,9999
59417,74169,2025-02-27,0,1,1083
59424,74178,2023-01-16,0,0,9999
59431,74187,2025-11-12,0,2,477
59431,74188,2024-07-15,1,0,9999
59431,74190,2024-07-23,0,1,8
59434,74193,2023-06-30,0,0,9999
59438,74198,2022-03-28,0,0,9999
59446,74206,2025-08-24,0,0,9999
59467,74226,2026-01-07,0,0,9999
59470,74230,2025-10-17,0,0,9999
59472,74233,2025-03-12,0,0,9999
59484,74249,2022-12-07,0,0,9999
59490,74260,2020-11-30,0,0,9999
59492,74261,2025-12-21,0,0,9999
59497,74268,2026-01-19,0,0,9999
59502,74271,2025-12-26,1,1,204
59502,74272,2026-01-13,0,2,18
59502,74273,2025-06-05,0,0,9999
59506,74278,2025-09-27,0,0,9999
59518,74294,2024-01-18,0,0,9999
59520,74297,2023-07-07,0,0,9999
59530,74315,2025-02-18,0,0,9999
59536,74321,2024-12-17,0,1,53
59536,74323,2024-10-25,0,0,9999
59540,74330,2025-10-06,0,0,9999
59558,74356,2022-10-03,0,0,9999
59568,74367,2025-05-21,0,0,9999
59586,74380,2022-06-14,0,0,9999
59590,74387,2025-07-12,0,0,9999
59606,74413,2022-12-04,0,0,9999
59610,74418,2025-09-14,0,0,9999
59627,74436,2019-10-12,0,0,9999
59636,74448,2026-01-28,0,0,9999
59637,74451,2024-12-16,0,1,81
59637,74453,2024-09-26,0,0,9999
59649,74469,2025-05-29,0,0,9999
59667,74486,2025-11-26,0,0,9999
59669,74490,2025-05-03,0,0,9999
59671,74491,2024-03-15,0,0,9999
59701,74538,2024-04-12,0,0,9999
59704,74544,2025-07-04,0,0,9999
59706,74549,2025-09-20,0,0,9999
59711,74556,2025-08-02,0,0,9999
59728,74570,2024-01-07,0,0,9999
59729,74572,2026-01-24,0,1,16
59729,74573,2026-01-08,1,0,9999
59731,74576,2025-11-06,0,0,9999
59732,74577,2026-01-25,0,0,9999
59748,74597,2024-08-21,0,0,9999
59749,74598,2022-02-23,0,0,9999
59770,74626,2026-01-26,0,0,9999
59783,74639,2025-08-22,0,0,9999
59787,74647,2024-07-03,0,0,9999
59788,74649,2023-11-10,0,0,9999
59789,74651,2025-11-18,0,0,9999
59800,74669,2024-12-12,0,0,9999
59804,74674,2025-02-12,0,0,9999
59811,74683,2023-02-20,0,0,9999
59840,74716,2021-11-20,0,0,9999
59843,74718,2026-01-30,0,0,9999
59846,74722,2024-08-14,0,0,9999
59853,74737,2025-01-13,0,0,9999
59863,74749,2025-09-12,0,0,9999
59894,74781,2025-04-04,0,0,9999
59903,74795,2023-01-13,0,1,770
59903,74796,2020-12-04,0,0,9999
59903,74797,2023-11-14,0,2,305
59913,74806,2024-05-13,0,0,9999
59956,74859,2023-02-01,0,0,9999
59962,74874,2024-09-08,0,0,9999
59967,74882,2025-08-11,0,0,9999
59976,74891,2024-12-20,0,0,9999
59977,74892,2025-09-15,0,0,9999
59982,74900,2022-12-07,0,0,9999
59991,74910,2024-11-29,0,0,9999
60002,74923,2023-04-21,0,0,9999
60004,74925,2026-01-05,0,0,9999
60015,74939,2022-04-21,0,0,9999
60020,74944,2024-12-19,0,0,9999
60035,74960,2023-04-22,0,0,9999
60039,74966,2024-04-18,0,0,9999
60056,74987,2024-07-13,0,1,402
60056,74988,2023-06-07,0,0,9999
60066,75001,2023-11-13,0,0,9999
60068,75004,2025-05-08,0,0,9999
60076,75010,2024-09-10,0,0,9999
60081,75016,2025-12-06,0,0,9999
60082,75019,2022-12-07,0,0,9999
60092,75028,2024-06-07,0,0,9999
60102,75038,2023-04-12,0,0,9999
60103,75042,2025-11-20,0,0,9999
60105,75043,2025-03-26,0,0,9999
60108,75044,2024-09-18,0,0,9999
60112,75048,2024-11-15,0,0,9999
60117,75050,2023-06-29,0,0,9999
60120,75055,2020-01-21,0,0,9999
60141,75077,2025-10-24,0,0,9999
60146,75083,2023-05-13,0,0,9999
60149,75085,2025-12-18,0,0,9999
60159,75091,2026-01-30,0,0,9999
60170,75102,2021-07-20,0,0,9999
60173,75107,2025-04-16,0,0,9999
60190,75124,2025-10-24,0,0,9999
60192,75126,2025-06-21,0,1,119
60192,75127,2025-02-22,0,0,9999
60197,75132,2025-12-17,0,0,9999
60221,75165,2026-01-27,0,0,9999
60245,75205,2026-01-01,0,0,9999
60248,75207,2025-01-31,0,0,9999
60251,75210,2025-12-08,0,0,9999
60260,75222,2023-01-02,0,0,9999
60262,75224,2025-09-22,0,0,9999
60264,75229,2025-09-08,0,0,9999
60269,75238,2023-04-14,0,1,729
60269,75239,2021-04-15,0,0,9999
60276,75248,2023-05-19,0,0,9999
60283,75256,2022-06-19,0,0,9999
60297,75273,2025-03-21,0,0,9999
60304,75287,2025-12-14,0,0,9999
60306,75291,2024-10-02,0,0,9999
60310,75299,2023-05-24,0,0,9999
60314,75301,2021-06-19,0,0,9999
60325,75319,2024-07-02,0,2,173
60325,75321,2023-12-07,0,0,9999
60325,75322,2024-01-11,0,1,35
60338,75335,2025-12-28,0,0,9999
60340,75338,2025-04-03,0,0,9999
60356,75360,2023-12-31,0,0,9999
60356,75362,2024-05-01,0,1,122
60383,75387,2023-09-20,0,0,9999
60389,75394,2025-05-19,0,0,9999
60393,75402,2025-09-08,0,0,9999
60394,75405,2025-09-09,0,0,9999
60415,75428,2025-08-04,0,0,9999
60417,75429,2022-12-14,0,0,9999
60444,75466,2024-03-03,0,0,9999
60449,75472,2025-09-21,0,0,9999
60452,75474,2025-03-31,1,0,9999
60452,75476,2025-04-06,0,1,6
60465,75491,2024-07-21,0,0,9999
60472,75498,2025-08-21,0,0,9999
60475,75505,2023-03-11,0,0,9999
60475,75506,2023-05-16,0,1,66
60480,75514,2025-11-07,0,0,9999
60484,75518,2024-03-18,0,0,9999
60491,75532,2023-07-01,0,0,9999
60491,75534,2024-12-22,0,1,540
60493,75536,2024-07-22,0,0,9999
60497,75543,2024-10-11,0,0,9999
60521,75583,2023-11-16,0,0,9999
60529,75590,2024-06-25,0,0,9999
60530,75592,2025-12-18,0,0,9999
60532,75595,2023-07-06,0,0,9999
60535,75599,2025-02-18,0,0,9999
60538,75601,2025-11-03,0,1,285
60538,75603,2025-01-22,0,0,9999
60542,75609,2024-10-02,0,0,9999
60543,75610,2021-09-30,0,0,9999
60547,75615,2025-04-01,0,0,9999
60576,75653,2023-10-18,0,0,9999
60584,75663,2025-04-13,0,0,9999
60585,75665,2025-05-14,0,0,9999
60591,75675,2025-11-21,0,0,9999
60592,75678,2023-12-09,0,0,9999
60602,75689,2024-03-06,0,0,9999
60603,75690,2025-08-15,0,2,403
60603,75691,2024-07-08,0,1,302
60603,75692,2023-09-10,0,0,9999
60608,75700,2025-01-15,0,0,9999
60609,75702,2025-10-20,0,0,9999
60617,75712,2025-12-07,0,0,9999
60622,75725,2024-09-05,0,0,9999
60622,75726,2025-04-23,0,1,230
60627,75736,2024-05-23,0,0,9999
60635,75746,2024-03-12,0,0,9999
60642,75758,2026-01-29,0,0,9999
60646,75764,2025-03-27,0,0,9999
60660,75776,2025-12-09,0,0,9999
60663,75779,2025-12-03,0,1,178
60663,75782,2025-06-08,0,0,9999
60672,75796,2025-11-06,0,0,9999
60686,75814,2025-02-27,0,0,9999
60693,75825,2023-12-25,0,0,9999
60711,75844,2025-03-13,0,0,9999
60717,75851,2026-01-05,0,0,9999
60729,75864,2025-12-11,0,0,9999
60768,75907,2025-08-21,0,0,9999
60769,75910,2025-10-27,0,0,9999
60776,75925,2024-01-14,0,0,9999
60783,75933,2022-11-18,0,0,9999
60784,75934,2025-02-25,0,0,9999
60790,75946,2025-11-25,0,0,9999
60794,75951,2025-12-31,0,0,9999
60811,75969,2025-05-17,0,0,9999
60821,75978,2023-12-09,0,0,9999
60835,75986,2025-07-14,0,0,9999
60846,75999,2024-01-02,0,0,9999
60848,76000,2024-04-12,0,0,9999
60848,76001,2025-04-10,0,1,363
60852,76004,2026-01-25,0,0,9999
60856,76009,2025-09-19,0,0,9999
60863,76016,2023-07-12,0,0,9999
60864,76018,2023-06-14,0,0,9999
60870,76027,2024-10-11,0,0,9999
60878,76032,2025-08-31,0,0,9999
60893,76051,2025-05-18,1,0,9999
60893,76054,2025-06-01,0,1,14
60897,76059,2025-07-24,0,0,9999
60901,76063,2021-10-21,0,0,9999
60929,76097,2025-09-20,0,0,9999
60931,76101,2024-04-23,0,0,9999
60944,76121,2026-01-10,0,0,9999
60946,76122,2021-03-19,0,0,9999
60973,76153,2022-09-14,0,0,9999
60973,76155,2026-01-25,0,1,1229
60975,76162,2026-01-06,0,0,9999
60980,76172,2024-01-30,0,0,9999
60995,76188,2024-06-12,0,0,9999
61011,76205,2023-02-01,0,0,9999
61014,76208,2025-08-03,0,0,9999
61023,76220,2024-12-15,0,0,9999
61023,76221,2025-07-27,0,1,224
61025,76224,2021-09-02,0,0,9999
61030,76229,2024-03-17,0,0,9999
61035,76240,2025-08-03,0,0,9999
61037,76242,2024-11-27,0,1,107
61037,76243,2024-08-12,0,0,9999
61041,76250,2025-11-28,0,0,9999
61042,76251,2024-04-24,0,0,9999
61048,76260,2023-08-08,0,0,9999
61053,76267,2025-09-01,0,0,9999
61058,76275,2025-11-19,0,0,9999
61065,76283,2020-10-19,0,0,9999
61069,76288,2024-06-14,0,0,9999
61079,76294,2024-11-19,0,0,9999
61081,76295,2026-01-02,0,0,9999
61088,76302,2025-09-06,0,0,9999
61099,76314,2023-06-04,0,0,9999
61106,76327,2022-07-21,0,0,9999
61109,76333,2025-06-03,0,0,9999
61110,76334,2025-11-07,0,0,9999
61118,76343,2022-01-06,0,0,9999
61119,76344,2023-05-21,0,0,9999
61123,76347,2021-04-10,0,0,9999
61123,76349,2025-08-18,0,1,1591
61125,76351,2024-06-20,0,0,9999
61132,76358,2025-01-31,0,0,9999
61164,76396,2024-02-14,0,0,9999
61168,76402,2025-08-15,0,0,9999
61169,76404,2024-12-17,0,0,9999
61174,76410,2025-12-17,0,0,9999
61177,76416,2022-11-18,0,0,9999
61185,76426,2024-07-13,0,0,9999
61185,76427,2025-09-20,0,1,434
61199,76444,2024-12-29,0,0,9999
61206,76457,2025-04-21,0,0,9999
61225,76485,2025-06-27,0,0,9999
61239,76500,2025-03-22,0,0,9999
61262,76522,2025-10-16,0,0,9999
61270,76533,2024-02-16,0,0,9999
61271,76535,2025-03-08,0,0,9999
61272,76536,2023-09-06,0,0,9999
61287,76560,2026-01-30,0,0,9999
61293,76565,2019-08-14,0,0,9999
61299,76572,2025-03-23,0,0,9999
61300,76573,2023-10-27,0,0,9999
61311,76586,2025-11-29,0,0,9999
61313,76590,2019-11-21,0,0,9999
61327,76608,2020-09-26,0,0,9999
61327,76609,2024-04-17,0,1,1299
61332,76614,2025-09-30,0,0,9999
61339,76622,2023-11-04,0,0,9999
61341,76624,2025-11-23,0,0,9999
61354,76636,2025-12-27,0,0,9999
61358,76640,2025-01-06,0,0,9999
61375,76660,2025-12-27,0,0,9999
61382,76668,2026-01-23,0,0,9999
61384,76671,2025-07-16,0,0,9999
61407,76706,2023-08-09,0,0,9999
61417,76715,2026-01-25,0,0,9999
61422,76721,2025-11-28,0,0,9999
61450,76749,2026-01-27,0,0,9999
61454,76755,2019-10-07,0,0,9999
61455,76756,2022-02-28,0,1,167
61455,76758,2021-09-14,0,0,9999
61457,76761,2025-10-17,0,0,9999
61458,76765,2024-02-08,0,0,9999
61462,76771,2022-09-14,0,0,9999
61471,76782,2024-07-09,0,0,9999
61494,76812,2025-02-22,0,0,9999
61503,76822,2025-08-14,0,0,9999
61506,76826,2025-01-21,0,0,9999
61520,76839,2025-08-17,0,0,9999
61548,76865,2025-07-03,0,0,9999
61549,76866,2024-08-07,0,0,9999
61562,76883,2023-05-16,0,0,9999
61566,76886,2025-08-12,0,0,9999
61573,76894,2025-03-03,0,0,9999
61575,76900,2025-04-29,0,0,9999
61578,76903,2023-01-08,0,0,9999
61601,76933,2025-05-01,0,0,9999
61610,76946,2025-12-07,0,0,9999
61622,76955,2023-02-15,0,0,9999
61625,76959,2026-01-21,0,0,9999
61631,76967,2022-04-15,0,0,9999
61640,76974,2026-01-26,0,0,9999
61640,76975,2026-01-26,0,0,9999
61645,76979,2025-12-24,0,0,9999
61654,76989,2021-06-02,0,0,9999
61662,76999,2024-01-26,0,0,9999
61666,77001,2023-11-26,0,0,9999
61672,77010,2023-12-01,0,0,9999
61674,77012,2025-10-25,0,0,9999
61690,77036,2025-09-11,0,0,9999
61691,77037,2024-06-12,0,0,9999
61693,77041,2025-09-17,0,0,9999
61694,77045,2025-11-04,0,0,9999
61696,77048,2025-06-09,0,0,9999
61697,77051,2022-06-14,0,0,9999
61726,77076,2026-01-07,1,0,9999
61726,77078,2026-01-20,0,2,8
61726,77079,2026-01-12,1,1,5
61730,77088,2023-06-19,0,0,9999
61731,77089,2024-04-16,0,0,9999
61752,77125,2025-01-20,0,1,868
61752,77126,2022-09-05,0,0,9999
61754,77129,2025-04-18,0,0,9999
61764,77141,2024-02-19,0,0,9999
61765,77143,2024-06-17,0,0,9999
61768,77144,2026-01-22,0,0,9999
61770,77146,2025-09-30,0,0,9999
61773,77148,2020-03-13,0,0,9999
61779,77154,2025-07-02,0,0,9999
61787,77162,2025-11-25,0,0,9999
61791,77166,2026-01-02,0,0,9999
61795,77171,2023-10-31,0,0,9999
61796,77173,2025-12-11,0,0,9999
61798,77175,2025-04-06,0,0,9999
61800,77178,2023-12-23,0,0,9999
61818,77200,2022-10-27,0,0,9999
61819,77201,2019-02-13,0,0,9999
61823,77209,2026-01-29,0,0,9999
61824,77210,2024-09-18,0,0,9999
61826,77214,2024-10-09,0,0,9999
61840,77234,2025-11-23,0,0,9999
61845,77242,2024-10-18,0,0,9999
61845,77243,2025-06-27,0,1,252
61862,77261,2025-04-06,0,0,9999
61864,77264,2023-03-03,0,0,9999
61869,77271,2023-09-12,0,0,9999
61872,77273,2025-07-24,0,0,9999
61877,77281,2025-01-12,0,1,157
61877,77282,2024-08-08,0,0,9999
61880,77285,2025-08-04,0,0,9999
61881,77289,2026-01-03,0,0,9999
61886,77296,2023-02-16,0,0,9999
61889,77301,2024-08-16,0,0,9999
61904,77320,2025-09-05,0,0,9999
61922,77343,2020-08-13,0,0,9999
61923,77344,2024-05-26,0,0,9999
61943,77371,2023-01-06,0,0,9999
61945,77372,2022-03-19,0,0,9999
61952,77381,2025-02-27,0,0,9999
61964,77403,2024-02-14,0,0,9999
61967,77407,2026-01-16,0,0,9999
61980,77419,2025-12-22,0,0,9999
61982,77421,2024-06-13,0,0,9999
61996,77437,2025-12-07,0,0,9999
62007,77452,2022-01-02,0,0,9999
62010,77459,2026-01-30,0,0,9999
62010,77461,2026-01-30,0,0,9999
62016,77471,2022-10-04,0,0,9999
62018,77473,2026-01-30,0,0,9999
62020,77476,2023-06-24,0,0,9999
62022,77480,2023-10-17,0,0,9999
62026,77491,2024-02-18,0,0,9999
62037,77503,2025-11-13,0,0,9999
62042,77507,2022-06-08,0,0,9999
62046,77510,2026-01-24,0,0,9999
62049,77513,2024-03-20,0,0,9999
62051,77515,2025-06-30,0,0,9999
62054,77520,2025-06-11,0,0,9999
62073,77544,2022-03-07,0,0,9999
62076,77552,2025-09-30,0,0,9999
62087,77562,2025-09-04,0,0,9999
62092,77575,2025-03-20,0,0,9999
62093,77576,2025-12-14,0,0,9999
62094,77577,2019-05-20,0,0,9999
62099,77581,2025-08-02,0,0,9999
62103,77587,2024-10-03,0,0,9999
62111,77596,2024-06-20,0,0,9999
62116,77605,2022-10-10,0,0,9999
62116,77606,2023-01-17,0,1,99
62125,77613,2026-01-30,0,0,9999
62131,77619,2023-11-04,0,0,9999
62135,77624,2025-09-15,0,0,9999
62139,77629,2025-11-29,0,0,9999
62140,77631,2024-06-11,0,0,9999
62141,77634,2025-10-11,0,0,9999
62167,77665,2024-07-29,0,0,9999
62170,77668,2025-01-26,0,0,9999
62182,77680,2025-10-03,0,0,9999
62183,77681,2025-07-25,0,1,488
62183,77682,2024-03-24,0,0,9999
62185,77686,2026-01-10,0,0,9999
62193,77693,2023-01-18,0,0,9999
62198,77697,2025-03-11,0,0,9999
62211,77710,2025-10-02,0,0,9999
62226,77727,2024-03-08,0,1,751
62226,77728,2022-02-16,0,0,9999
62234,77735,2024-02-08,0,2,182
62234,77736,2023-08-10,0,1,13
62234,77737,2023-07-28,1,0,9999
62241,77743,2023-12-22,0,0,9999
62246,77751,2025-10-20,0,1,109
62246,77752,2025-07-03,0,0,9999
62251,77759,2025-06-22,0,0,9999
62252,77762,2025-09-13,0,0,9999
62256,77767,2026-01-23,0,0,9999
62258,77769,2025-06-27,0,0,9999
62259,77770,2024-02-18,0,0,9999
62261,77773,2025-05-03,0,0,9999
62261,77774,2025-07-26,0,1,84
62275,77788,2023-12-11,0,0,9999
62279,77795,2024-07-29,0,0,9999
62280,77799,2022-05-12,0,0,9999
62289,77807,2024-01-23,0,0,9999
62292,77812,2022-10-15,0,0,9999
62296,77821,2024-10-12,0,0,9999
62304,77830,2023-09-05,0,0,9999
62314,77841,2025-10-06,0,0,9999
62320,77846,2024-06-23,0,0,9999
62324,77851,2023-06-06,0,0,9999
62338,77866,2023-09-04,0,0,9999
62341,77868,2023-08-02,0,0,9999
62351,77884,2025-04-15,0,0,9999
62356,77892,2020-04-23,0,0,9999
62362,77896,2025-11-12,0,0,9999
62368,77901,2026-01-07,0,0,9999
62386,77922,2025-09-18,0,0,9999
62397,77937,2025-09-19,0,0,9999
62397,77938,2025-11-03,1,1,45
62397,77940,2025-11-27,0,2,24
62398,77941,2019-12-26,0,0,9999
62400,77946,2024-11-13,0,0,9999
62403,77950,2024-09-30,0,0,9999
62407,77954,2023-06-27,0,0,9999
62418,77967,2024-09-14,0,0,9999
62431,77982,2022-04-22,0,0,9999
62442,77997,2023-03-10,0,0,9999
62453,78011,2026-01-20,0,0,9999
62459,78016,2025-12-29,0,0,9999
62466,78022,2024-03-03,0,0,9999
62475,78031,2025-06-05,0,1,337
62475,78032,2024-07-03,0,0,9999
62477,78034,2023-08-12,0,0,9999
62477,78035,2024-09-15,0,1,400
62480,78040,2025-08-03,0,0,9999
62487,78052,2025-11-22,0,0,9999
62503,78074,2022-06-25,0,0,9999
62515,78089,2025-04-03,0,0,9999
62522,78107,2024-08-15,0,0,9999
62525,78109,2023-05-26,0,0,9999
62526,78110,2024-04-17,0,0,9999
62531,78118,2025-11-27,0,0,9999
62539,78125,2024-05-09,0,1,170
62539,78126,2023-11-21,0,0,9999
62546,78137,2024-03-23,0,0,9999
62556,78153,2025-09-09,0,0,9999
62559,78159,2022-02-26,0,0,9999
62562,78161,2024-02-23,0,0,9999
62563,78162,2022-01-14,0,0,9999
62566,78171,2025-03-29,0,0,9999
62570,78178,2023-09-13,0,0,9999
62571,78179,2025-12-30,0,0,9999
62576,78189,2024-12-08,0,0,9999
62582,78199,2024-01-13,0,0,9999
62587,78205,2025-02-08,0,0,9999
62596,78216,2026-01-30,0,0,9999
62599,78219,2022-01-04,0,0,9999
62606,78228,2025-11-13,0,0,9999
62610,78233,2021-03-20,0,0,9999
62616,78246,2025-12-15,0,0,9999
62623,78252,2025-12-21,0,0,9999
62631,78264,2025-10-14,0,0,9999
62640,78278,2021-12-12,0,0,9999
62641,78279,2022-09-02,0,0,9999
62676,78313,2025-10-21,0,0,9999
62676,78314,2025-11-24,0,1,34
62695,78333,2023-01-22,0,0,9999
62710,78349,2024-05-14,0,1,1706
62710,78350,2019-09-12,0,0,9999
62712,78356,2024-03-11,0,0,9999
62713,78358,2021-11-07,0,0,9999
62713,78359,2023-09-27,0,1,689
62732,78385,2024-10-26,0,0,9999
62742,78396,2025-06-20,0,0,9999
62753,78406,2021-04-02,0,0,9999
62766,78420,2021-12-23,0,0,9999
62772,78429,2022-01-27,0,0,9999
62778,78435,2024-08-16,0,0,9999
62786,78448,2024-09-14,0,0,9999
62815,78477,2023-05-23,0,0,9999
62821,78482,2024-09-27,0,0,9999
62831,78495,2020-06-27,0,0,9999
62831,78497,2020-08-29,0,1,63
62841,78508,2024-06-04,0,0,9999
62851,78521,2025-03-19,0,0,9999
62865,78537,2025-08-10,0,0,9999
62866,78538,2025-12-31,0,0,9999
62868,78541,2024-08-06,0,0,9999
62876,78550,2024-07-10,0,0,9999
62881,78556,2021-10-15,0,0,9999
62882,78560,2021-12-15,0,0,9999
62891,78572,2025-09-30,0,0,9999
62897,78583,2025-08-09,0,0,9999
62900,78586,2025-12-09,0,0,9999
62913,78606,2025-07-18,0,0,9999
62914,78607,2024-08-26,0,0,9999
62915,78608,2025-12-26,0,0,9999
62918,78611,2021-09-05,0,0,9999
62927,78622,2025-12-20,0,0,9999
62930,78626,2023-12-15,0,1,791
62930,78628,2021-10-15,0,0,9999
62939,78641,2025-05-06,0,0,9999
62942,78644,2025-05-08,0,0,9999
62943,78646,2021-12-17,0,0,9999
62946,78650,2023-10-19,0,0,9999
62949,78657,2026-01-27,0,0,9999
62974,78684,2025-09-03,0,1,369
62974,78685,2024-08-30,0,0,9999
62976,78690,2025-05-30,0,0,9999
62980,78693,2024-09-08,0,0,9999
62985,78696,2024-10-23,0,0,9999
63006,78716,2023-05-01,0,0,9999
63023,78731,2022-07-28,0,0,9999
63024,78733,2025-02-07,0,0,9999
63035,78749,2025-04-01,0,0,9999
63038,78754,2025-07-06,0,0,9999
63039,78756,2024-04-05,0,0,9999
63048,78767,2026-01-26,1,0,9999
63048,78768,2026-01-27,0,1,1
63052,78775,2025-02-19,0,1,24
63052,78776,2025-01-26,1,0,9999
63063,78788,2021-08-27,0,0,9999
63069,78795,2025-05-13,0,0,9999
63076,78808,2025-03-26,0,0,9999
63083,78814,2021-02-03,0,0,9999
63085,78820,2024-07-16,0,0,9999
63086,78822,2023-03-07,0,0,9999
63087,78824,2025-05-22,0,0,9999
63094,78831,2025-12-05,0,0,9999
63096,78834,2025-09-30,0,1,94
63096,78835,2025-06-28,0,0,9999
63102,78846,2022-06-19,0,1,185
63102,78847,2021-12-16,0,0,9999
63113,78861,2025-11-10,0,1,260
63113,78862,2025-02-23,0,0,9999
63123,78873,2025-06-08,0,0,9999
63141,78889,2025-08-31,0,0,9999
63151,78902,2024-08-23,0,0,9999
63151,78903,2025-07-05,0,1,316
63160,78916,2025-10-30,0,0,9999
63167,78927,2026-01-26,0,0,9999
63183,78945,2026-01-05,0,0,9999
63184,78946,2024-01-19,0,0,9999
63188,78950,2024-11-14,0,0,9999
63194,78960,2025-09-23,0,0,9999
63198,78970,2025-10-11,0,0,9999
63208,78982,2025-05-25,0,0,9999
63232,79013,2024-02-21,0,0,9999
63241,79026,2024-10-23,0,0,9999
63246,79033,2025-09-06,0,0,9999
63255,79042,2024-12-17,0,0,9999
63260,79045,2025-06-28,0,0,9999
63273,79057,2026-01-21,0,0,9999
63304,79096,2020-12-16,0,0,9999
63305,79099,2023-07-21,0,0,9999
63307,79101,2026-01-13,0,0,9999
63342,79134,2025-01-30,0,0,9999
63345,79137,2025-10-27,0,0,9999
63352,79152,2025-11-30,0,0,9999
63357,79159,2024-10-03,0,0,9999
63364,79171,2024-08-06,0,0,9999
63367,79174,2025-10-08,0,0,9999
63369,79180,2025-09-25,0,0,9999
63374,79189,2024-11-14,0,0,9999
63386,79204,2025-02-10,0,1,118
63386,79205,2024-10-15,0,0,9999
63414,79243,2025-08-26,0,0,9999
63428,79265,2026-01-19,0,0,9999
63436,79272,2024-10-24,0,0,9999
63442,79279,2023-07-25,0,0,9999
63446,79281,2026-01-27,0,0,9999
63463,79307,2020-01-26,0,0,9999
63465,79310,2023-02-21,0,0,9999
63466,79311,2025-06-17,0,0,9999
63478,79328,2022-12-03,0,0,9999
63479,79329,2024-11-15,0,0,9999
63492,79345,2025-05-17,0,0,9999
63494,79348,2025-06-24,0,0,9999
63499,79353,2026-01-29,0,0,9999
63519,79376,2022-09-25,0,0,9999
63520,79379,2024-08-07,0,0,9999
63524,79387,2025-02-23,0,0,9999
63528,79394,2023-05-09,0,0,9999
63536,79406,2020-10-31,0,0,9999
63547,79420,2025-12-07,0,0,9999
63554,79425,2023-04-03,0,0,9999
63559,79431,2025-11-11,0,0,9999
63563,79437,2025-08-24,0,0,9999
63579,79463,2025-01-21,0,0,9999
63590,79475,2025-11-23,0,0,9999
63602,79494,2023-12-18,0,0,9999
63609,79503,2024-12-22,0,0,9999
63617,79513,2026-01-30,0,0,9999
63621,79516,2025-04-15,0,0,9999
63622,79518,2025-10-22,0,0,9999
63623,79519,2025-08-19,0,0,9999
63625,79524,2024-06-21,0,0,9999
63628,79530,2025-05-01,0,0,9999
63637,79538,2025-09-20,0,0,9999
63652,79556,2025-08-30,1,0,9999
63652,79557,2025-09-05,0,1,6
63662,79565,2025-08-28,0,0,9999
63663,79567,2025-06-11,0,0,9999
63680,79589,2025-12-07,0,0,9999
63693,79599,2023-08-02,0,0,9999
63699,79606,2025-11-24,0,0,9999
63706,79620,2026-01-11,0,0,9999
63710,79623,2023-03-15,0,0,9999
63713,79625,2023-09-02,0,0,9999
63720,79637,2023-04-19,0,0,9999
63734,79648,2025-01-01,0,0,9999
63749,79665,2020-08-19,0,0,9999
63754,79671,2026-01-31,0,0,9999
63771,79691,2025-07-01,0,0,9999
63777,79697,2023-07-31,0,0,9999
63790,79708,2025-05-27,0,0,9999
63791,79710,2024-07-21,0,1,51
63791,79712,2024-05-31,0,0,9999
63801,79724,2023-12-12,0,0,9999
63805,79728,2025-09-07,0,0,9999
63806,79730,2023-05-05,0,0,9999
63828,79761,2025-11-25,0,0,9999
63830,79762,2025-09-21,0,0,9999
63851,79787,2025-04-14,0,1,1238
63851,79788,2021-11-23,0,0,9999
63854,79791,2025-04-15,0,0,9999
63856,79797,2025-05-26,0,0,9999
63861,79805,2024-11-20,0,0,9999
63879,79825,2025-01-19,0,0,9999
63881,79828,2026-01-04,0,1,9
63881,79829,2025-12-26,1,0,9999
63890,79835,2024-12-29,0,0,9999
63893,79839,2024-04-13,0,0,9999
63893,79840,2025-04-29,0,1,381
63895,79842,2025-01-03,0,0,9999
63895,79845,2025-07-23,0,1,201
63915,79864,2026-01-19,0,0,9999
63916,79866,2024-03-08,0,0,9999
63918,79870,2023-07-17,0,0,9999
63924,79876,2025-03-06,0,0,9999
63931,79883,2026-01-07,0,1,33
63931,79885,2025-12-05,0,0,9999
63934,79887,2026-01-10,0,0,9999
63939,79894,2023-11-18,0,0,9999
63948,79907,2021-11-04,0,0,9999
63971,79935,2025-01-28,0,0,9999
63973,79936,2025-09-03,0,0,9999
63993,79956,2024-07-31,0,0,9999
64001,79966,2025-11-10,0,1,22
64001,79967,2025-10-19,1,0,9999
64003,79969,2023-12-31,0,0,9999
64004,79970,2025-10-25,0,0,9999
64010,79976,2025-07-26,0,0,9999
64018,79985,2024-08-30,0,1,190
64018,79986,2024-02-22,0,0,9999
64029,79996,2025-04-23,0,0,9999
64031,79998,2025-12-18,0,0,9999
64033,79999,2024-08-23,0,0,9999
64033,80000,2025-11-08,0,1,442
64034,80002,2025-10-03,0,1,104
64034,80003,2025-06-21,0,0,9999
64036,80006,2021-07-21,0,0,9999
64042,80012,2025-03-08,0,0,9999
64059,80038,2023-12-19,0,0,9999
64062,80044,2020-12-13,0,0,9999
64062,80046,2021-09-12,0,1,273
64071,80060,2025-11-21,0,0,9999
64075,80066,2022-10-29,0,0,9999
64091,80095,2022-04-20,0,0,9999
64107,80113,2025-12-25,0,0,9999
64108,80116,2025-08-19,0,0,9999
64135,80138,2025-07-31,0,0,9999
64158,80175,2025-12-15,0,0,9999
64161,80180,2025-09-22,0,0,9999
64162,80181,2022-10-19,0,0,9999
64162,80182,2024-02-20,0,1,489
64166,80190,2025-07-01,0,0,9999
64168,80192,2024-06-24,0,0,9999
64169,80193,2025-11-27,0,0,9999
64174,80197,2024-02-10,0,1,494
64174,80198,2022-10-04,0,0,9999
64178,80202,2022-12-07,0,0,9999
64186,80210,2024-11-24,0,0,9999
64189,80214,2023-12-28,0,0,9999
64193,80220,2026-01-23,0,0,9999
64208,80239,2021-07-27,0,0,9999
64218,80254,2024-10-07,0,0,9999
64221,80259,2024-10-15,0,1,525
64221,80261,2023-05-09,0,0,9999
64222,80264,2025-12-28,0,0,9999
64234,80274,2024-01-01,0,0,9999
64238,80280,2025-10-20,0,0,9999
64240,80283,2022-01-19,0,0,9999
64244,80290,2023-01-22,0,0,9999
64258,80306,2025-04-19,0,0,9999
64268,80317,2021-04-02,0,0,9999
64281,80335,2025-09-16,0,0,9999
64281,80336,2025-10-25,0,1,39
64285,80338,2025-09-05,0,0,9999
64297,80356,2024-04-22,0,0,9999
64302,80361,2024-10-08,0,0,9999
64302,80362,2025-11-15,0,1,403
64310,80374,2025-10-29,0,0,9999
64323,80392,2022-06-09,0,0,9999
64353,80425,2023-06-02,0,0,9999
64356,80429,2025-01-20,0,0,9999
64358,80430,2023-08-08,0,0,9999
64366,80442,2025-12-25,0,0,9999
64370,80448,2024-07-18,0,0,9999
64374,80452,2024-07-22,0,0,9999
64387,80467,2025-08-25,0,0,9999
64403,80489,2026-01-30,0,0,9999
64413,80506,2026-01-24,0,0,9999
64423,80517,2025-11-11,0,0,9999
64429,80526,2022-01-09,0,0,9999
64446,80547,2024-05-31,0,0,9999
64447,80548,2025-04-10,0,0,9999
64453,80554,2025-12-27,0,0,9999
64459,80565,2025-12-26,0,0,9999
64463,80570,2022-09-03,0,0,9999
64464,80571,2026-01-26,1,0,9999
64464,80572,2026-01-28,0,1,2
64472,80584,2022-11-11,0,0,9999
64480,80591,2020-09-04,0,0,9999
64491,80601,2024-04-30,0,0,9999
64494,80605,2024-02-14,0,0,9999
64496,80611,2024-09-06,0,0,9999
64497,80612,2024-11-26,0,0,9999
64508,80625,2025-11-14,0,0,9999
64511,80630,2026-01-12,0,0,9999
64522,80641,2025-12-25,0,0,9999
64541,80660,2025-09-30,0,0,9999
64565,80687,2024-07-28,0,0,9999
64567,80690,2025-10-21,0,0,9999
64572,80695,2023-06-19,0,0,9999
64593,80717,2025-12-23,0,0,9999
64600,80725,2026-01-12,0,0,9999
64602,80727,2023-03-06,0,0,9999
64605,80730,2024-09-10,0,0,9999
64616,80743,2024-08-03,0,0,9999
64620,80747,2020-01-12,0,0,9999
64625,80755,2025-01-26,0,0,9999
64633,80767,2020-11-01,0,0,9999
64633,80768,2024-04-12,0,1,1258
64635,80771,2025-09-27,0,0,9999
64639,80778,2024-04-15,0,0,9999
64645,80784,2025-03-21,0,0,9999
64646,80785,2025-05-31,0,0,9999
64682,80818,2025-11-11,0,0,9999
64687,80826,2025-03-03,0,0,9999
64692,80832,2025-12-25,0,0,9999
64706,80852,2025-01-18,0,0,9999
64714,80862,2026-01-21,0,0,9999
64718,80869,2025-03-22,0,1,68
64718,80871,2025-01-13,0,0,9999
64721,80872,2024-12-17,0,0,9999
64723,80874,2024-04-18,0,0,9999
64754,80917,2023-04-12,0,0,9999
64758,80923,2025-10-06,0,0,9999
64768,80937,2021-09-15,0,0,9999
64779,80947,2023-12-05,0,0,9999
64781,80949,2023-10-29,0,0,9999
64786,80955,2025-06-11,0,1,1031
64786,80956,2022-08-15,0,0,9999
64787,80957,2023-07-22,0,0,9999
64804,80983,2025-11-06,0,0,9999
64806,80987,2025-06-09,0,0,9999
64810,80994,2021-05-26,0,0,9999
64831,81018,2021-09-05,0,0,9999
64836,81024,2025-04-21,0,0,9999
64843,81033,2024-09-19,0,0,9999
64845,81038,2024-03-27,0,0,9999
64849,81044,2024-03-08,0,0,9999
64851,81048,2025-02-27,0,0,9999
64856,81055,2025-04-06,0,0,9999
64859,81058,2025-10-06,0,0,9999
64866,81063,2024-04-23,0,0,9999
64879,81073,2025-12-15,0,0,9999
64883,81077,2025-06-28,0,0,9999
64893,81090,2025-10-07,0,0,9999
64895,81093,2025-07-03,0,0,9999
64899,81098,2024-07-04,0,0,9999
64900,81100,2025-07-28,0,0,9999
64903,81103,2024-05-24,0,0,9999
64914,81114,2025-06-16,0,0,9999
64917,81117,2023-08-21,0,0,9999
64923,81126,2026-01-25,0,1,610
64923,81127,2024-05-25,0,0,9999
64925,81128,2025-01-07,0,0,9999
64929,81135,2020-08-17,0,0,9999
64929,81136,2021-11-09,0,1,449
64946,81157,2021-02-21,0,0,9999
64947,81158,2025-12-24,0,0,9999
64960,81177,2025-09-03,0,0,9999
64967,81185,2021-02-07,0,0,9999
64969,81187,2021-12-05,0,0,9999
64972,81190,2023-11-24,0,0,9999
64984,81203,2025-10-29,0,0,9999
64993,81211,2025-07-02,0,0,9999
65022,81244,2023-02-19,0,0,9999
65022,81245,2023-10-17,0,1,240
65022,81247,2025-11-21,0,2,766
65023,81248,2023-11-28,0,0,9999
65044,81277,2022-04-30,0,0,9999
65055,81290,2026-01-20,0,0,9999
65059,81293,2023-11-03,0,0,9999
65065,81301,2021-03-21,0,0,9999
65071,81307,2025-04-23,0,0,9999
65074,81309,2026-01-25,0,0,9999
65075,81310,2023-03-19,0,0,9999
65075,81311,2025-06-12,0,1,816
65080,81318,2026-01-26,0,0,9999
65099,81351,2023-12-25,0,0,9999
65105,81359,2024-04-17,0,0,9999
65105,81360,2025-11-16,0,1,578
65108,81361,2022-12-24,0,0,9999
65109,81363,2025-07-10,0,0,9999
65130,81389,2025-08-10,0,0,9999
65137,81403,2025-03-24,0,0,9999
65145,81415,2024-12-28,0,0,9999
65153,81421,2026-01-30,0,0,9999
65163,81430,2020-08-10,0,0,9999
65185,81464,2023-03-30,0,0,9999
65189,81468,2024-06-10,0,1,1052
65189,81469,2021-07-24,0,0,9999
65191,81472,2021-11-17,0,0,9999
65207,81492,2022-08-01,0,0,9999
65215,81507,2025-08-27,0,0,9999
65225,81519,2026-01-29,0,1,72
65225,81522,2025-11-18,0,0,9999
65226,81523,2024-06-26,0,0,9999
65247,81548,2025-09-03,0,0,9999
65252,81552,2024-06-23,0,0,9999
65254,81555,2025-11-22,0,0,9999
65255,81556,2025-11-30,0,0,9999
65261,81563,2024-03-27,0,0,9999
65274,81579,2025-02-02,0,1,212
65274,81580,2024-07-05,0,0,9999
65287,81592,2022-12-22,0,0,9999
65335,81645,2025-06-02,0,0,9999
65337,81651,2022-10-22,0,1,503
65337,81652,2021-06-06,0,0,9999
65342,81656,2024-04-30,0,0,9999
65343,81657,2021-11-28,0,0,9999
65351,81666,2023-11-19,0,0,9999
65368,81680,2025-03-01,0,0,9999
65380,81691,2023-06-16,0,0,9999
65383,81693,2025-07-09,0,0,9999
65386,81697,2025-05-19,0,0,9999
65388,81702,2023-12-28,0,0,9999
65391,81706,2021-12-26,0,0,9999
65394,81713,2025-06-23,0,0,9999
65405,81725,2024-10-22,0,0,9999
65424,81745,2024-09-30,0,0,9999
65428,81750,2025-05-25,0,0,9999
65437,81761,2025-11-02,0,0,9999
65453,81783,2023-03-23,0,0,9999
65454,81784,2025-02-18,0,0,9999
65460,81789,2024-05-13,0,0,9999
65463,81793,2023-01-06,0,0,9999
65468,81801,2023-10-03,0,0,9999
65469,81802,2025-12-15,0,0,9999
65475,81810,2026-01-25,0,0,9999
65484,81826,2024-07-18,0,0,9999
65489,81833,2020-04-29,0,0,9999
65495,81838,2021-09-20,0,0,9999
65506,81851,2023-12-08,0,0,9999
65507,81853,2023-08-15,0,0,9999
65516,81864,2025-05-13,0,1,123
65516,81867,2025-01-10,0,0,9999
65522,81873,2025-10-28,0,0,9999
65523,81874,2024-04-02,0,0,9999
65541,81900,2023-02-18,0,0,9999
65552,81915,2025-01-31,0,0,9999
65558,81922,2025-12-17,0,0,9999
65560,81925,2025-01-22,0,0,9999
65570,81932,2023-07-21,0,0,9999
65573,81935,2025-03-26,0,0,9999
65578,81940,2024-11-20,0,0,9999
65602,81974,2021-12-23,0,0,9999
65606,81981,2023-08-10,0,0,9999
65606,81982,2024-07-22,0,1,347
65612,81987,2021-05-31,0,0,9999
65651,82032,2023-10-30,0,0,9999
65670,82052,2022-06-02,0,0,9999
65674,82057,2024-09-05,0,0,9999
65685,82070,2022-11-27,0,0,9999
65695,82082,2025-08-13,0,0,9999
65696,82084,2024-02-08,0,0,9999
65697,82085,2025-11-03,0,0,9999
65707,82096,2026-01-29,0,0,9999
65713,82106,2025-10-02,0,1,260
65713,82108,2025-01-15,0,0,9999
65713,82109,2025-11-28,0,2,57
65725,82120,2022-07-02,0,0,9999
65732,82131,2025-07-26,0,0,9999
65743,82145,2025-11-18,0,0,9999
65746,82151,2021-02-20,0,0,9999
65749,82154,2024-03-07,0,0,9999
65754,82159,2025-12-24,0,0,9999
65757,82161,2025-12-11,0,0,9999
65767,82170,2021-09-22,0,0,9999
65767,82171,2024-03-05,0,1,895
65770,82178,2024-07-26,0,0,9999
65771,82180,2025-06-07,0,0,9999
65776,82184,2024-12-01,0,0,9999
65784,82193,2025-12-29,0,0,9999
65788,82197,2025-10-23,0,0,9999
65801,82209,2024-08-03,0,0,9999
65804,82213,2023-07-03,0,0,9999
65810,82220,2025-04-17,0,0,9999
65821,82234,2025-11-07,0,0,9999
65822,82235,2025-03-18,0,0,9999
65829,82242,2025-10-27,0,0,9999
65840,82251,2024-07-30,0,0,9999
65850,82262,2023-09-30,0,0,9999
65855,82270,2024-09-03,0,0,9999
65858,82271,2025-09-09,0,0,9999
65861,82273,2025-09-05,0,0,9999
65868,82281,2025-02-25,0,0,9999
65868,82282,2025-07-19,0,1,144
65869,82284,2024-05-05,0,0,9999
65877,82291,2025-11-22,0,1,224
65877,82292,2025-04-12,0,0,9999
65896,82312,2025-07-14,0,0,9999
65901,82322,2021-04-12,0,0,9999
65902,82323,2024-09-03,0,0,9999
65920,82342,2021-10-30,0,0,9999
65921,82344,2023-10-22,0,0,9999
65921,82345,2024-05-20,0,1,211
65956,82378,2025-06-03,0,0,9999
65960,82384,2024-01-02,0,0,9999
65968,82391,2022-12-12,0,0,9999
65969,82393,2025-07-25,0,0,9999
65970,82394,2024-05-13,0,0,9999
65972,82398,2025-06-29,0,0,9999
65980,82406,2026-01-28,0,0,9999
65985,82412,2024-07-24,0,0,9999
65987,82415,2025-10-20,0,0,9999
65990,82418,2021-05-28,0,0,9999
65999,82430,2026-01-27,0,0,9999
66005,82437,2025-03-21,0,0,9999
66010,82443,2020-11-19,0,0,9999
66011,82445,2025-07-01,0,0,9999
66022,82463,2025-12-19,0,0,9999
66030,82472,2024-08-14,0,0,9999
66036,82477,2024-08-03,0,0,9999
66047,82492,2025-05-29,0,0,9999
66048,82493,2025-02-26,0,0,9999
66049,82494,2025-11-14,0,1,438
66049,82497,2024-09-02,0,0,9999
66059,82508,2025-05-23,0,0,9999
66063,82512,2025-12-10,0,0,9999
66064,82513,2026-01-28,0,2,23
66064,82515,2026-01-05,1,1,1
66064,82516,2026-01-04,1,0,9999
66068,82524,2025-03-13,0,0,9999
66086,82542,2022-02-23,0,0,9999
66088,82543,2025-08-04,0,0,9999
66089,82545,2024-03-31,0,0,9999
66106,82565,2021-03-09,0,0,9999
66107,82566,2022-07-31,0,0,9999
66119,82581,2025-09-26,0,0,9999
66123,82587,2025-04-18,0,0,9999
66129,82592,2024-02-23,0,0,9999
66139,82604,2025-08-26,0,0,9999
66148,82611,2025-12-28,0,0,9999
66164,82626,2021-10-18,0,0,9999
66175,82638,2020-08-12,0,0,9999
66185,82648,2026-01-28,0,0,9999
66195,82658,2025-11-19,0,0,9999
66197,82661,2024-04-02,0,0,9999
66201,82667,2024-11-05,0,0,9999
66204,82669,2022-10-28,0,0,9999
66209,82683,2023-03-03,0,0,9999
66211,82685,2025-01-01,0,1,367
66211,82686,2023-12-31,0,0,9999
66216,82690,2023-06-26,0,0,9999
66219,82695,2020-10-14,0,0,9999
66222,82701,2023-06-21,0,0,9999
66242,82733,2025-02-02,0,0,9999
66244,82737,2023-11-01,0,0,9999
66245,82738,2021-06-27,0,0,9999
66254,82747,2025-10-09,0,1,90
66254,82750,2025-07-11,0,0,9999
66264,82759,2020-09-11,0,0,9999
66270,82764,2023-06-14,0,0,9999
66285,82776,2025-09-06,0,0,9999
66288,82782,2024-08-04,0,0,9999
66302,82798,2023-01-14,0,0,9999
66312,82810,2022-10-22,0,0,9999
66315,82811,2020-03-23,0,0,9999
66331,82837,2026-01-29,0,0,9999
66335,82842,2019-09-14,0,0,9999
66357,82872,2025-11-28,0,0,9999
66360,82878,2025-12-31,0,0,9999
66368,82890,2024-12-27,0,0,9999
66376,82903,2025-12-31,0,0,9999
66377,82905,2023-10-01,0,0,9999
66381,82911,2026-01-27,0,0,9999
66382,82915,2024-03-30,0,0,9999
66384,82923,2024-04-05,0,0,9999
66386,82928,2020-09-08,0,0,9999
66403,82945,2023-10-18,0,1,489
66403,82946,2022-06-16,0,0,9999
66407,82950,2024-08-20,0,0,9999
66429,82973,2023-09-10,0,0,9999
66435,82987,2026-01-30,0,0,9999
66438,82990,2024-08-20,0,0,9999
66442,82996,2025-06-03,0,0,9999
66447,83004,2023-07-23,0,0,9999
66452,83007,2026-01-14,0,0,9999
66455,83012,2025-09-09,0,1,269
66455,83013,2024-12-14,0,0,9999
66465,83020,2024-06-04,0,0,9999
66469,83027,2025-07-17,0,0,9999
66470,83028,2026-01-07,0,1,561
66470,83030,2024-06-25,0,0,9999
66480,83041,2025-09-27,0,0,9999
66486,83050,2025-03-07,0,0,9999
66500,83064,2025-10-24,0,0,9999
66502,83066,2024-10-30,0,0,9999
66504,83069,2023-08-29,0,0,9999
66509,83075,2024-10-02,0,0,9999
66511,83082,2022-04-12,0,0,9999
66515,83087,2025-12-12,0,0,9999
66526,83102,2026-01-05,0,0,9999
66534,83113,2025-07-10,0,0,9999
66559,83148,2026-01-30,0,0,9999
66563,83151,2022-04-10,0,0,9999
66565,83154,2025-03-01,0,0,9999
66566,83157,2025-07-27,0,0,9999
66571,83164,2025-04-21,0,0,9999
66580,83178,2023-10-20,0,0,9999
66612,83222,2024-11-11,0,1,1341
66612,83223,2021-03-11,0,0,9999
66615,83227,2022-11-09,0,0,9999
66626,83238,2024-12-10,0,0,9999
66628,83241,2024-04-27,0,0,9999
66637,83253,2024-11-26,0,0,9999
66639,83256,2025-04-15,0,0,9999
66640,83259,2024-03-24,0,0,9999
66644,83263,2021-02-20,0,0,9999
66644,83264,2024-03-13,0,1,1117
66645,83265,2023-07-14,0,0,9999
66652,83278,2023-08-06,0,0,9999
66660,83285,2025-06-05,0,2,402
66660,83286,2023-10-20,0,0,9999
66660,83287,2024-04-29,0,1,192
66665,83296,2021-08-09,0,0,9999
66675,83308,2021-11-15,0,0,9999
66675,83309,2023-10-25,0,2,170
66675,83310,2023-05-08,0,1,539
66676,83312,2022-06-19,0,0,9999
66678,83313,2021-02-12,0,0,9999
66697,83337,2024-12-25,0,0,9999
66701,83341,2025-12-21,0,0,9999
66707,83352,2024-03-11,0,0,9999
66718,83362,2023-01-15,0,0,9999
66732,83372,2025-10-04,0,0,9999
66741,83392,2024-11-25,0,1,147
66741,83395,2024-07-01,0,0,9999
66760,83422,2026-01-01,0,0,9999
66781,83445,2025-08-25,0,0,9999
66795,83463,2023-10-14,0,0,9999
66800,83470,2022-07-22,0,0,9999
66803,83474,2025-08-24,0,0,9999
66805,83475,2026-01-29,0,0,9999
66832,83508,2025-09-10,0,0,9999
66838,83514,2024-03-18,0,0,9999
66842,83521,2024-10-03,0,0,9999
66858,83539,2022-03-17,0,0,9999
66866,83551,2022-07-11,0,0,9999
66875,83560,2025-12-08,0,0,9999
66881,83568,2024-09-19,0,0,9999
66881,83569,2025-02-18,0,1,152
66896,83580,2022-11-26,0,0,9999
66898,83583,2025-10-20,0,0,9999
66901,83586,2025-04-12,0,0,9999
66924,83607,2025-11-26,0,0,9999
66928,83615,2026-01-28,0,1,43
66928,83616,2025-12-16,0,0,9999
66930,83619,2023-07-16,0,1,975
66930,83620,2020-11-13,0,0,9999
66943,83634,2025-10-19,0,0,9999
66955,83646,2022-09-21,0,0,9999
66979,83677,2020-09-06,0,0,9999
66988,83686,2023-08-03,0,0,9999
66995,83695,2022-08-30,0,0,9999
67005,83706,2020-10-25,0,0,9999
67012,83714,2023-05-04,0,0,9999
67020,83724,2024-07-09,0,0,9999
67020,83725,2025-11-25,0,1,504
67021,83726,2025-09-16,0,0,9999
67024,83734,2024-06-07,0,0,9999
67030,83742,2020-02-23,0,0,9999
67037,83752,2024-12-17,0,0,9999
67047,83762,2021-12-09,0,0,9999
67048,83763,2025-10-13,0,0,9999
67056,83775,2020-05-27,0,0,9999
67057,83777,2023-12-19,0,0,9999
67059,83779,2023-10-29,0,0,9999
67066,83785,2025-09-22,0,1,1195
67066,83786,2022-06-15,0,0,9999
67083,83804,2026-01-04,0,0,9999
67084,83805,2026-01-21,0,0,9999
67100,83822,2025-07-18,0,0,9999
67102,83825,2025-11-04,0,0,9999
67115,83838,2019-08-03,0,0,9999
67121,83849,2025-12-22,0,0,9999
67128,83856,2023-12-07,0,0,9999
67131,83859,2022-09-01,0,0,9999
67160,83891,2024-10-05,0,0,9999
67164,83897,2024-08-05,0,1,171
67164,83898,2024-02-16,0,0,9999
67173,83911,2023-09-15,0,0,9999
67175,83914,2026-01-28,0,1,2
67175,83917,2026-01-26,1,0,9999
67180,83922,2022-05-30,0,0,9999
67183,83929,2024-07-22,0,0,9999
67188,83933,2023-07-25,0,0,9999
67194,83941,2025-10-17,0,0,9999
67195,83942,2024-09-20,0,1,582
67195,83943,2023-02-16,0,0,9999
67196,83944,2021-03-11,0,0,9999
67216,83970,2025-05-12,0,0,9999
67219,83971,2024-08-28,0,0,9999
67220,83972,2025-06-02,0,0,9999
67229,83983,2024-10-18,0,0,9999
67249,84008,2025-08-30,0,0,9999
67255,84018,2025-08-12,0,0,9999
67257,84022,2025-02-09,0,0,9999
67269,84039,2025-04-01,0,0,9999
67289,84068,2023-07-21,0,1,284
67289,84069,2022-10-10,0,0,9999
67294,84076,2026-01-12,0,0,9999
67307,84094,2019-10-07,0,0,9999
67316,84104,2026-01-23,0,0,9999
67325,84114,2022-12-27,0,0,9999
67329,84119,2025-05-19,0,0,9999
67358,84153,2025-06-18,0,0,9999
67364,84163,2025-10-13,0,0,9999
67378,84177,2025-04-28,0,0,9999
67381,84179,2025-12-26,0,0,9999
67384,84183,2025-03-10,0,0,9999
67385,84184,2026-01-29,0,0,9999
67393,84197,2023-09-07,0,0,9999
67399,84207,2025-08-03,0,0,9999
67400,84212,2026-01-28,0,0,9999
67401,84213,2022-05-26,0,0,9999
67403,84217,2025-10-29,0,0,9999
67415,84230,2025-09-18,0,0,9999
67416,84232,2022-03-14,0,0,9999
67429,84248,2024-08-25,0,0,9999
67431,84251,2025-09-24,0,0,9999
67440,84265,2025-06-20,0,0,9999
67444,84271,2024-11-17,0,0,9999
67449,84277,2026-01-21,0,0,9999
67461,84294,2021-09-16,0,0,9999
67467,84304,2025-06-09,0,0,9999
67487,84328,2023-05-04,0,0,9999
67491,84330,2025-08-04,0,0,9999
67496,84338,2024-05-06,0,0,9999
67506,84350,2020-10-20,0,0,9999
67511,84358,2025-08-17,0,0,9999
67515,84360,2025-09-25,0,0,9999
67518,84364,2025-01-21,0,0,9999
67521,84367,2024-10-06,0,0,9999
67523,84371,2020-07-20,0,0,9999
67523,84372,2020-10-27,0,1,99
67528,84379,2023-04-25,0,0,9999
67540,84392,2025-02-17,0,0,9999
67582,84439,2020-08-15,0,0,9999
67582,84440,2023-02-01,0,1,900
67586,84443,2023-03-27,0,0,9999
67592,84450,2025-07-27,0,0,9999
67601,84464,2025-12-07,0,0,9999
67627,84483,2023-03-03,0,0,9999
67637,84494,2025-12-04,0,0,9999
67645,84500,2025-10-18,0,1,396
67645,84501,2024-09-17,0,0,9999
67648,84505,2024-11-25,0,0,9999
67650,84507,2024-06-20,0,0,9999
67663,84529,2026-01-08,0,0,9999
67666,84533,2021-02-09,0,0,9999
67675,84543,2022-04-04,0,0,9999
67677,84547,2022-05-06,0,0,9999
67691,84564,2025-01-13,0,0,9999
67697,84574,2024-12-09,0,0,9999
67702,84581,2025-01-12,0,0,9999
67702,84582,2025-06-26,0,1,165
67709,84589,2021-12-22,0,0,9999
67719,84610,2024-02-26,0,0,9999
67720,84613,2024-07-02,0,0,9999
67724,84620,2022-11-02,0,0,9999
67732,84628,2024-10-29,0,0,9999
67732,84629,2024-12-10,0,1,42
67735,84635,2022-12-25,0,0,9999
67740,84640,2024-06-11,0,0,9999
67740,84641,2024-12-12,0,2,120
67740,84643,2024-08-14,0,1,64
67743,84646,2024-09-16,0,0,9999
67744,84649,2022-12-13,0,0,9999
67747,84653,2024-03-05,0,0,9999
67755,84661,2025-12-07,0,0,9999
67759,84666,2025-12-27,0,0,9999
67782,84686,2024-12-09,0,0,9999
67785,84690,2022-03-15,0,0,9999
67807,84718,2025-01-15,0,0,9999
67812,84724,2025-07-26,0,0,9999
67813,84726,2022-09-22,0,0,9999
67817,84733,2024-10-28,0,0,9999
67827,84747,2024-12-28,0,0,9999
67831,84754,2023-11-20,0,1,223
67831,84756,2023-04-11,0,0,9999
67840,84768,2023-12-21,0,0,9999
67850,84780,2024-03-16,0,0,9999
67864,84802,2022-06-30,0,0,9999
67874,84821,2023-10-10,0,0,9999
67894,84846,2025-08-16,0,0,9999
67899,84855,2024-10-21,0,0,9999
67900,84856,2022-11-20,0,0,9999
67903,84863,2026-01-30,0,0,9999
67903,84864,2026-01-30,0,0,9999
67908,84871,2026-01-22,0,0,9999
67912,84874,2025-12-30,0,0,9999
67917,84881,2024-12-18,0,0,9999
67924,84893,2026-01-27,0,0,9999
67926,84897,2024-08-17,0,0,9999
67929,84902,2024-09-14,0,0,9999
67929,84903,2024-10-18,0,1,34
67937,84914,2024-04-07,0,0,9999
67940,84917,2024-05-10,0,0,9999
67945,84921,2026-01-06,0,0,9999
67954,84940,2026-01-29,0,0,9999
67972,84962,2023-11-10,0,0,9999
67975,84965,2022-10-07,0,0,9999
67978,84970,2022-05-29,0,0,9999
67979,84972,2025-12-20,0,0,9999
67982,84976,2021-12-24,0,0,9999
67996,84990,2024-04-18,0,0,9999
67998,84993,2025-11-29,0,0,9999
68004,84998,2023-02-12,0,0,9999
68014,85006,2023-02-22,0,0,9999
68019,85011,2026-01-22,0,0,9999
68022,85014,2024-06-20,0,0,9999
68022,85015,2025-03-18,0,1,271
68030,85026,2024-12-04,0,0,9999
68031,85027,2025-12-05,0,0,9999
68045,85043,2026-01-26,0,0,9999
68050,85050,2024-12-14,0,0,9999
68054,85055,2025-06-28,0,0,9999
68056,85058,2025-11-30,0,1,219
68056,85059,2025-04-25,0,0,9999
68057,85061,2025-11-26,0,0,9999
68059,85064,2025-09-14,0,0,9999
68061,85067,2021-07-15,0,0,9999
68065,85073,2023-04-01,0,0,9999
68067,85075,2025-03-23,0,1,834
68067,85076,2022-12-10,0,0,9999
68068,85077,2023-11-20,0,0,9999
68076,85087,2024-02-02,0,0,9999
68080,85092,2021-09-04,0,0,9999
68088,85103,2020-04-28,0,0,9999
68091,85105,2024-12-26,0,0,9999
68095,85110,2022-07-10,0,0,9999
68100,85114,2022-08-23,0,0,9999
68106,85121,2025-12-28,0,0,9999
68112,85126,2024-01-21,0,1,834
68112,85127,2024-06-29,0,2,160
68112,85128,2021-10-09,0,0,9999
68140,85165,2023-08-05,0,0,9999
68145,85172,2024-11-13,0,0,9999
68152,85179,2026-01-11,0,0,9999
68158,85187,2025-09-16,0,1,76
68158,85188,2025-07-02,0,0,9999
68164,85192,2023-10-01,0,0,9999
68171,85201,2025-12-02,0,0,9999
68172,85205,2025-02-08,0,0,9999
68173,85206,2022-06-29,0,0,9999
68175,85207,2023-02-23,0,0,9999
68190,85224,2025-10-15,0,0,9999
68194,85229,2025-09-16,0,0,9999
68198,85234,2025-03-29,0,0,9999
68203,85238,2021-04-04,0,0,9999
68217,85254,2021-10-22,0,0,9999
68233,85277,2021-01-14,0,0,9999
68238,85283,2025-09-05,0,0,9999
68254,85305,2022-06-28,0,0,9999
68260,85315,2026-01-30,0,0,9999
68261,85317,2024-06-06,0,0,9999
68270,85328,2021-06-07,0,0,9999
68270,85331,2023-01-28,0,1,600
68275,85340,2026-01-30,0,0,9999
68278,85346,2024-07-17,0,0,9999
68278,85347,2024-09-09,0,1,54
68282,85349,2025-10-07,0,1,18
68282,85350,2025-09-19,1,0,9999
68284,85354,2025-12-29,0,0,9999
68287,85358,2022-05-17,0,0,9999
68294,85367,2025-09-11,0,0,9999
68296,85369,2025-09-07,0,0,9999
68322,85408,2025-04-27,0,0,9999
68332,85423,2025-12-13,0,1,2
68332,85425,2025-12-11,1,0,9999
68339,85438,2024-11-07,0,0,9999
68341,85439,2023-04-13,0,0,9999
68343,85440,2023-01-14,0,0,9999
68346,85446,2026-01-25,0,0,9999
68349,85450,2026-01-16,0,0,9999
68358,85463,2024-10-30,0,0,9999
68381,85493,2024-04-04,0,0,9999
68384,85495,2025-08-10,0,0,9999
68389,85500,2023-07-16,0,0,9999
68390,85501,2026-01-25,0,0,9999
68401,85512,2024-10-27,0,0,9999
68402,85513,2024-11-30,0,0,9999
68407,85516,2025-06-20,0,0,9999
68408,85517,2025-03-02,0,0,9999
68408,85518,2026-01-16,0,1,320
68413,85526,2024-08-06,0,0,9999
68416,85533,2024-08-10,0,0,9999
68423,85541,2020-10-14,0,0,9999
68434,85556,2025-10-16,0,0,9999
68442,85566,2021-08-04,0,0,9999
68454,85576,2023-02-25,0,0,9999
68460,85585,2025-11-14,0,0,9999
68467,85596,2025-11-18,0,0,9999
68470,85598,2026-01-26,0,0,9999
68478,85608,2024-03-10,0,0,9999
68479,85610,2024-06-04,0,0,9999
68480,85611,2026-01-30,0,0,9999
68485,85617,2026-01-23,0,1,4
68485,85618,2026-01-19,1,0,9999
68492,85625,2021-10-31,0,0,9999
68494,85627,2022-12-18,0,0,9999
68496,85629,2025-10-27,0,0,9999
68507,85645,2022-03-21,0,0,9999
68522,85659,2026-01-30,0,0,9999
68536,85679,2025-12-10,0,0,9999
68544,85690,2025-08-31,0,0,9999
68560,85708,2024-09-19,0,0,9999
68571,85722,2023-12-30,0,0,9999
68574,85729,2025-02-28,0,0,9999
68576,85733,2025-11-26,0,0,9999
68582,85744,2025-04-21,0,0,9999
68583,85745,2022-05-02,0,0,9999
68585,85747,2025-09-16,0,0,9999
68587,85750,2025-12-17,0,0,9999
68588,85751,2025-05-31,0,0,9999
68599,85765,2022-12-23,0,0,9999
68608,85780,2024-02-20,0,0,9999
68625,85805,2025-04-29,0,0,9999
68628,85809,2021-07-05,0,0,9999
68647,85830,2023-10-07,0,0,9999
68648,85831,2024-09-09,0,0,9999
68654,85839,2025-02-07,0,0,9999
68667,85855,2023-07-31,0,0,9999
68674,85862,2025-01-17,0,0,9999
68676,85865,2023-11-23,0,0,9999
68678,85871,2025-01-19,0,0,9999
68683,85877,2025-12-13,0,0,9999
68691,85884,2025-02-07,0,0,9999
68694,85888,2025-08-02,0,0,9999
68695,85889,2025-07-08,0,0,9999
68695,85892,2025-10-18,0,1,102
68700,85898,2022-09-15,0,0,9999
68706,85906,2021-05-23,0,0,9999
68707,85908,2026-01-29,0,1,20
68707,85910,2026-01-09,1,0,9999
68708,85911,2025-02-12,0,0,9999
68709,85912,2026-01-11,0,0,9999
68711,85916,2024-01-04,0,0,9999
68716,85921,2021-08-11,0,0,9999
68717,85925,2023-01-13,0,0,9999
68728,85944,2025-08-23,0,1,38
68728,85945,2025-07-16,0,0,9999
68733,85949,2025-09-19,0,0,9999
68759,85973,2023-12-15,0,0,9999
68770,85987,2024-02-25,0,0,9999
68771,85989,2024-12-23,0,0,9999
68772,85990,2020-07-24,0,0,9999
68802,86028,2024-10-27,0,0,9999
68806,86032,2025-12-24,0,0,9999
68809,86037,2024-11-26,0,0,9999
68811,86038,2024-11-09,0,0,9999
68826,86057,2021-04-22,0,0,9999
68828,86060,2025-01-24,0,0,9999
68829,86061,2023-11-11,0,0,9999
68835,86071,2022-11-01,0,0,9999
68836,86073,2022-09-04,0,0,9999
68838,86075,2025-12-18,0,0,9999
68855,86100,2022-06-15,0,0,9999
68869,86118,2024-06-13,0,0,9999
68876,86129,2025-11-10,0,0,9999
68878,86130,2024-08-12,0,0,9999
68888,86143,2023-02-26,0,0,9999
68900,86159,2021-12-26,0,0,9999
68908,86170,2025-12-08,0,0,9999
68911,86176,2023-03-19,0,0,9999
68916,86189,2023-09-25,0,0,9999
68928,86202,2023-08-13,0,0,9999
68953,86229,2024-04-26,0,0,9999
68954,86230,2025-04-25,0,0,9999
68961,86241,2025-04-26,0,0,9999
68973,86256,2025-07-20,0,0,9999
68975,86258,2025-05-01,0,0,9999
68980,86266,2025-02-19,0,0,9999
68984,86269,2025-02-14,0,0,9999
69004,86291,2023-03-16,0,0,9999
69020,86307,2026-01-30,0,0,9999
69052,86348,2021-05-02,0,0,9999
69054,86354,2023-02-13,0,0,9999
69056,86357,2025-02-02,0,0,9999
69058,86360,2024-08-20,0,0,9999
69097,86399,2021-04-16,0,0,9999
69099,86401,2024-07-02,0,0,9999
69100,86402,2026-01-30,0,0,9999
69104,86405,2021-05-06,0,0,9999
69105,86407,2024-01-12,0,0,9999
69123,86426,2023-09-22,0,0,9999
69125,86430,2020-01-15,0,0,9999
69141,86448,2025-06-16,0,0,9999
69150,86459,2026-01-27,0,0,9999
69160,86471,2019-06-17,0,0,9999
69172,86486,2020-03-31,0,0,9999
69188,86517,2025-11-24,0,0,9999
69190,86520,2025-05-24,0,0,9999
69193,86524,2026-01-18,0,0,9999
69195,86526,2022-06-29,0,0,9999
69212,86550,2024-05-01,0,0,9999
69218,86554,2026-01-05,0,0,9999
69223,86562,2025-01-07,0,0,9999
69242,86575,2025-07-23,0,0,9999
69247,86584,2025-04-30,0,0,9999
69265,86602,2022-07-14,0,0,9999
69273,86612,2026-01-30,0,0,9999
69279,86618,2024-04-28,0,0,9999
69288,86625,2023-01-13,0,0,9999
69289,86628,2025-01-04,0,0,9999
69290,86631,2021-05-12,0,0,9999
69304,86649,2025-01-20,0,0,9999
69314,86661,2026-01-21,0,1,41
69314,86663,2025-12-11,0,0,9999
69318,86667,2026-01-18,0,0,9999
69322,86671,2025-03-22,0,0,9999
69332,86685,2023-05-23,0,1,675
69332,86686,2021-07-17,0,0,9999
69337,86696,2026-01-22,0,0,9999
69343,86700,2024-11-13,0,0,9999
69356,86715,2021-05-28,0,0,9999
69364,86719,2025-12-08,0,0,9999
69365,86720,2025-04-11,0,0,9999
69365,86723,2025-12-14,0,1,247
69366,86724,2023-02-28,0,0,9999
69366,86725,2023-10-09,0,1,223
69369,86728,2025-12-13,0,0,9999
69372,86730,2021-12-16,0,0,9999
69375,86733,2026-01-30,0,0,9999
69377,86737,2022-06-23,0,0,9999
69378,86740,2026-01-30,0,0,9999
69379,86742,2022-12-29,0,0,9999
69385,86750,2025-12-12,0,0,9999
69388,86753,2024-05-30,0,0,9999
69391,86757,2022-09-10,0,0,9999
69401,86771,2024-01-20,0,0,9999
69405,86776,2024-03-09,0,0,9999
69414,86788,2022-01-31,0,0,9999
69418,86794,2024-07-23,0,0,9999
69423,86802,2020-06-03,0,0,9999
69424,86803,2023-10-01,0,0,9999
69435,86816,2023-09-17,0,0,9999
69451,86839,2025-07-13,0,0,9999
69472,86864,2025-01-11,0,0,9999
69485,86873,2023-09-22,0,0,9999
69526,86924,2024-11-24,0,1,576
69526,86925,2023-04-28,0,0,9999
69528,86928,2021-05-12,0,0,9999
69535,86935,2025-11-05,0,0,9999
69540,86939,2026-01-18,0,1,3
69540,86940,2026-01-15,1,0,9999
69548,86947,2023-11-27,0,0,9999
69548,86948,2025-07-08,0,1,589
69554,86953,2023-10-12,0,1,809
69554,86954,2021-07-25,0,0,9999
69560,86961,2024-05-28,0,0,9999
69577,86982,2022-03-30,0,0,9999
69578,86983,2023-03-13,0,0,9999
69579,86987,2026-01-14,0,0,9999
69593,87008,2023-11-01,0,0,9999
69595,87009,2025-10-04,0,0,9999
69611,87023,2025-12-18,0,0,9999
69617,87027,2021-07-26,0,0,9999
69622,87033,2026-01-30,0,0,9999
69623,87035,2020-09-16,0,0,9999
69627,87038,2025-11-13,0,0,9999
69628,87041,2020-05-02,0,0,9999
69641,87059,2020-08-31,0,0,9999
69658,87074,2024-10-27,0,0,9999
69659,87076,2025-10-04,0,0,9999
69662,87078,2024-04-26,0,1,188
69662,87080,2023-10-21,0,0,9999
69670,87091,2023-05-03,0,0,9999
69686,87111,2022-10-06,0,0,9999
69699,87129,2025-08-30,0,0,9999
69704,87131,2023-08-22,0,0,9999
69732,87171,2025-10-10,0,0,9999
69744,87187,2025-07-12,0,0,9999
69757,87203,2025-05-29,0,0,9999
69758,87204,2024-06-21,0,1,577
69758,87207,2022-11-22,0,0,9999
69764,87215,2024-11-28,0,1,137
69764,87216,2024-07-14,0,0,9999
69773,87225,2025-08-20,0,0,9999
69776,87229,2023-07-09,0,0,9999
69784,87241,2025-08-20,0,0,9999
69787,87246,2024-03-21,0,0,9999
69796,87262,2024-12-27,0,0,9999
69812,87279,2024-08-23,0,0,9999
69812,87280,2025-12-26,0,1,490
69816,87284,2025-10-10,0,0,9999
69816,87285,2026-01-10,0,1,92
69818,87288,2025-11-16,0,0,9999
69826,87304,2023-10-21,0,0,9999
69840,87316,2021-09-23,0,0,9999
69844,87322,2023-07-06,0,0,9999
69855,87335,2023-01-20,0,0,9999
69855,87336,2025-04-22,0,1,823
69858,87342,2025-12-04,0,0,9999
69873,87359,2025-08-05,0,0,9999
69895,87379,2021-01-26,0,0,9999
69896,87382,2025-07-20,0,0,9999
69898,87385,2021-07-10,0,0,9999
69902,87390,2025-09-13,0,0,9999
69903,87391,2024-09-05,0,0,9999
69905,87394,2025-07-14,0,0,9999
69912,87401,2025-06-18,0,0,9999
69913,87402,2025-10-05,0,0,9999
69916,87407,2025-07-12,0,0,9999
69919,87410,2024-03-13,0,0,9999
69928,87421,2025-12-02,0,0,9999
69952,87451,2021-09-11,0,0,9999
69954,87452,2024-11-13,0,0,9999
69957,87454,2021-05-30,0,0,9999
69958,87457,2026-01-30,0,0,9999
69964,87465,2025-10-27,0,0,9999
69982,87488,2024-05-31,0,0,9999
69990,87501,2024-03-23,0,0,9999
69994,87505,2023-07-26,0,0,9999
69996,87507,2026-01-02,0,1,2110
69996,87508,2020-03-24,0,0,9999
69998,87511,2021-04-01,0,0,9999
70001,87513,2025-08-09,0,0,9999
70007,87516,2024-12-02,0,0,9999
70010,87520,2025-06-21,0,0,9999
70037,87552,2025-05-31,0,1,118
70037,87553,2025-02-02,0,0,9999
70059,87583,2026-01-24,0,0,9999
70071,87602,2025-09-03,0,0,9999
70072,87603,2025-11-26,0,0,9999
70072,87605,2026-01-15,0,1,50
70087,87624,2023-09-16,0,0,9999
70096,87638,2022-05-18,0,0,9999
70102,87642,2024-09-18,0,0,9999
70109,87649,2024-06-30,0,0,9999
70110,87652,2026-01-27,0,1,1
70110,87654,2026-01-26,1,0,9999
70112,87659,2026-01-16,0,0,9999
70115,87661,2025-09-28,0,0,9999
70116,87663,2025-09-19,0,1,151
70116,87664,2025-04-21,0,0,9999
70127,87676,2022-04-21,0,0,9999
70131,87683,2021-02-20,0,0,9999
70132,87685,2024-10-26,0,0,9999
70134,87689,2026-01-19,0,0,9999
70140,87695,2025-10-15,0,0,9999
70149,87703,2025-11-14,0,0,9999
70150,87706,2025-11-13,0,1,754
70150,87707,2023-10-21,0,0,9999
70152,87710,2025-12-25,0,0,9999
70157,87713,2021-10-03,0,0,9999
70158,87714,2023-11-16,0,0,9999
70162,87719,2024-09-26,0,0,9999
70163,87720,2025-06-15,0,0,9999
70168,87727,2021-08-01,0,0,9999
70176,87738,2025-10-14,0,0,9999
70179,87741,2023-12-27,0,0,9999
70180,87743,2025-07-11,0,0,9999
70181,87745,2024-05-09,0,0,9999
70189,87754,2024-05-10,0,0,9999
70193,87761,2025-09-20,0,0,9999
70208,87782,2024-12-27,0,0,9999
70215,87786,2025-12-04,0,0,9999
70223,87794,2020-08-22,0,0,9999
70223,87795,2025-05-01,0,2,1571
70223,87796,2021-01-11,0,1,142
70224,87797,2025-12-22,0,0,9999
70225,87798,2024-12-27,0,0,9999
70233,87807,2022-05-20,0,0,9999
70238,87811,2020-02-06,0,0,9999
70245,87816,2022-08-13,0,0,9999
70247,87817,2025-03-24,0,0,9999
70259,87829,2023-12-15,0,1,299
70259,87830,2023-02-19,0,0,9999
70275,87845,2023-08-10,0,0,9999
70278,87849,2025-12-11,0,0,9999
70283,87861,2025-03-30,0,1,145
70283,87863,2024-11-05,0,0,9999
70287,87868,2025-10-01,0,0,9999
70288,87873,2025-12-29,0,0,9999
70291,87878,2026-01-30,0,0,9999
70295,87883,2021-05-17,0,0,9999
70296,87889,2023-12-30,0,0,9999
70304,87895,2025-05-11,0,0,9999
70317,87911,2025-09-25,0,0,9999
70321,87917,2022-10-30,0,0,9999
70325,87921,2024-12-20,0,0,9999
70326,87922,2025-10-21,0,0,9999
70337,87930,2024-11-22,0,0,9999
70338,87931,2022-12-07,0,0,9999
70339,87932,2022-08-04,0,0,9999
70356,87952,2025-04-13,0,0,9999
70358,87955,2024-02-12,0,0,9999
70358,87956,2025-12-15,0,1,672
70362,87965,2021-12-29,0,0,9999
70376,87983,2023-12-24,0,0,9999
70385,87993,2025-09-07,1,0,9999
70385,87994,2025-12-05,0,2,61
70385,87995,2025-10-05,0,1,28
70388,87999,2022-10-22,0,0,9999
70390,88002,2025-11-26,0,0,9999
70402,88019,2025-09-04,0,1,712
70402,88020,2023-09-23,0,0,9999
70433,88051,2024-10-22,0,0,9999
70447,88066,2024-11-25,0,1,554
70447,88067,2023-05-21,0,0,9999
70458,88076,2024-03-05,0,0,9999
70467,88086,2024-12-25,0,0,9999
70470,88090,2020-11-30,0,0,9999
70471,88091,2025-11-02,0,0,9999
70485,88112,2024-02-24,0,0,9999
70486,88113,2021-12-15,0,0,9999
70488,88117,2025-12-25,0,0,9999
70493,88122,2026-01-21,0,0,9999
70516,88157,2024-10-06,0,0,9999
70540,88183,2026-01-24,0,0,9999
70543,88186,2025-06-22,0,1,51
70543,88187,2025-05-02,0,0,9999
70545,88191,2025-01-10,0,1,468
70545,88192,2023-09-30,0,0,9999
70553,88206,2024-07-18,0,0,9999
70558,88210,2021-11-08,0,0,9999
70565,88220,2025-07-08,0,0,9999
70570,88229,2026-01-14,0,0,9999
70572,88231,2024-10-19,0,0,9999
70576,88236,2025-04-18,0,0,9999
70586,88249,2026-01-29,0,1,1
70586,88251,2026-01-28,1,0,9999
70589,88257,2025-10-05,0,0,9999
70606,88281,2021-12-11,0,0,9999
70618,88299,2026-01-12,0,0,9999
70625,88309,2025-07-02,0,0,9999
70627,88314,2025-07-23,0,0,9999
70629,88319,2025-03-24,0,0,9999
70648,88347,2022-07-01,0,0,9999
70656,88354,2026-01-08,0,0,9999
70685,88389,2024-11-02,1,0,9999
70685,88391,2024-11-17,0,1,15
70700,88407,2026-01-27,0,0,9999
70703,88409,2023-06-18,0,0,9999
70707,88415,2021-09-01,0,0,9999
70713,88423,2023-07-31,0,0,9999
70723,88439,2025-10-05,0,0,9999
70728,88445,2022-09-10,0,0,9999
70738,88457,2025-03-08,0,0,9999
70739,88458,2025-03-24,0,2,81
70739,88459,2025-01-01,1,0,9999
70739,88460,2025-01-02,0,1,1
70739,88461,2025-05-03,0,3,40
70744,88464,2025-10-27,0,0,9999
70744,88466,2025-12-17,0,1,51
70761,88494,2023-11-30,0,0,9999
70768,88503,2024-12-03,0,1,123
70768,88505,2024-08-02,0,0,9999
70768,88506,2025-03-05,0,2,92
70773,88511,2020-05-22,0,0,9999
70787,88530,2025-12-02,0,0,9999
70792,88533,2020-09-06,0,0,9999
70808,88557,2024-02-12,0,0,9999
70810,88562,2020-08-14,0,0,9999
70815,88567,2025-01-12,0,0,9999
70817,88573,2024-08-03,0,0,9999
70818,88574,2024-09-23,0,0,9999
70830,88592,2024-01-13,0,0,9999
70833,88595,2021-03-13,0,0,9999
70833,88597,2022-01-07,0,1,300
70846,88612,2025-11-03,0,0,9999
70850,88618,2025-11-24,0,0,9999
70852,88621,2024-09-13,0,0,9999
70860,88626,2024-05-24,0,0,9999
70880,88647,2022-06-25,0,0,9999
70882,88649,2026-01-04,0,0,9999
70888,88655,2020-12-30,0,0,9999
70918,88690,2022-10-10,0,0,9999
70919,88691,2024-06-23,0,0,9999
70929,88700,2025-02-27,0,0,9999
70936,88706,2024-07-26,0,0,9999
70939,88713,2023-03-08,0,0,9999
70947,88721,2025-05-17,0,0,9999
70951,88726,2025-10-17,0,0,9999
70964,88740,2024-12-14,0,0,9999
70970,88749,2024-04-21,0,1,246
70970,88751,2023-08-19,0,0,9999
70974,88757,2019-10-22,0,0,9999
70987,88772,2024-08-27,0,0,9999
70988,88775,2022-06-30,0,0,9999
70991,88778,2024-05-20,0,0,9999
70998,88785,2024-06-15,0,0,9999
71015,88806,2023-11-28,0,0,9999
71028,88821,2025-11-22,0,0,9999
71031,88825,2026-01-06,0,0,9999
71040,88843,2021-04-01,0,0,9999
71047,88850,2024-03-04,0,0,9999
71047,88851,2025-05-17,0,1,439
71049,88856,2024-05-02,0,0,9999
71062,88870,2025-04-18,0,0,9999
71062,88871,2026-01-15,0,1,272
71074,88889,2025-04-22,0,0,9999
71078,88899,2026-01-17,0,1,93
71078,88901,2025-10-16,0,0,9999
71104,88931,2024-12-11,0,0,9999
71113,88948,2024-06-14,0,0,9999
71120,88956,2025-04-09,0,0,9999
71130,88966,2024-04-06,0,0,9999
71132,88969,2024-11-12,0,0,9999
71136,88975,2023-03-27,0,0,9999
71137,88976,2025-12-28,0,0,9999
71144,88987,2023-11-22,0,0,9999
71144,88989,2024-08-21,0,1,273
71148,88997,2025-09-13,0,0,9999
71149,88998,2021-01-11,0,0,9999
71176,89027,2025-08-29,0,0,9999
71184,89039,2024-08-25,0,0,9999
71185,89041,2023-09-21,0,0,9999
71186,89042,2024-12-30,0,0,9999
71193,89049,2022-10-23,0,0,9999
71199,89056,2025-08-26,0,0,9999
71204,89060,2025-04-09,0,0,9999
71209,89066,2026-01-06,0,0,9999
71223,89081,2024-05-02,0,0,9999
71225,89084,2024-10-28,0,1,525
71225,89085,2023-05-22,0,0,9999
71227,89086,2026-01-30,0,1,1
71227,89087,2026-01-30,0,1,1
71227,89088,2026-01-29,1,0,9999
71228,89090,2021-10-15,0,0,9999
71236,89101,2025-10-24,0,0,9999
71240,89107,2023-12-18,0,0,9999
71250,89122,2023-04-24,0,0,9999
71273,89149,2024-04-02,0,0,9999
71273,89151,2025-08-02,0,1,487
71275,89157,2025-05-25,0,0,9999
71283,89165,2021-02-27,0,0,9999
71296,89176,2022-03-15,0,0,9999
71306,89189,2024-10-01,0,0,9999
71308,89193,2022-12-19,0,0,9999
71308,89194,2023-09-25,0,1,280
71318,89206,2023-06-12,0,0,9999
71319,89209,2024-04-21,0,0,9999
71322,89212,2025-11-17,0,0,9999
71323,89214,2024-02-02,0,0,9999
71334,89238,2025-08-07,0,0,9999
71339,89243,2025-06-29,0,1,534
71339,89244,2024-01-12,0,0,9999
71346,89256,2025-03-12,0,0,9999
71349,89259,2024-09-22,0,0,9999
71353,89262,2025-11-27,0,0,9999
71364,89275,2022-05-27,0,0,9999
71382,89294,2021-08-17,0,0,9999
71390,89304,2025-11-01,0,0,9999
71402,89315,2025-07-02,0,0,9999
71404,89317,2025-04-13,0,0,9999
71408,89322,2023-06-13,0,0,9999
71420,89337,2020-07-11,0,0,9999
71440,89363,2024-04-20,0,0,9999
71447,89369,2021-04-21,0,0,9999
71459,89388,2026-01-28,0,0,9999
71474,89404,2025-07-31,0,0,9999
71484,89416,2025-05-09,0,0,9999
71485,89418,2025-02-21,0,1,714
71485,89419,2025-07-02,0,2,131
71485,89420,2023-03-10,0,0,9999
71488,89425,2023-05-24,0,0,9999
71491,89428,2021-07-12,0,0,9999
71492,89430,2025-10-30,0,0,9999
71496,89433,2024-07-22,0,0,9999
71502,89440,2024-08-21,0,0,9999
71510,89448,2025-01-19,0,0,9999
71512,89450,2019-11-11,0,0,9999
71522,89460,2023-07-20,0,0,9999
71527,89466,2023-08-21,0,1,647
71527,89467,2021-11-12,0,0,9999
71539,89476,2025-07-07,0,0,9999
71544,89480,2022-10-31,0,0,9999
71558,89495,2024-09-08,0,0,9999
71558,89496,2025-08-20,0,1,346
71563,89500,2026-01-29,0,0,9999
71564,89501,2025-10-03,0,0,9999
71570,89506,2025-08-15,0,0,9999
71577,89517,2025-12-30,0,0,9999
71586,89521,2025-04-28,1,1,189
71586,89523,2025-05-24,0,2,26
71586,89524,2024-10-21,0,0,9999
71588,89525,2022-07-13,0,0,9999
71605,89550,2022-07-03,0,0,9999
71605,89553,2024-05-01,0,1,668
71613,89564,2022-08-27,0,0,9999
71623,89576,2023-02-02,0,0,9999
71624,89578,2025-07-21,0,0,9999
71638,89602,2025-11-27,0,0,9999
71649,89619,2024-10-14,0,1,22
71649,89620,2024-09-22,1,0,9999
71662,89636,2025-08-20,0,0,9999
71674,89650,2022-11-12,0,0,9999
71680,89656,2025-10-09,0,0,9999
71681,89657,2024-05-24,0,0,9999
71701,89681,2020-10-22,0,0,9999
71702,89682,2024-08-24,0,0,9999
71717,89704,2025-12-03,0,0,9999
71721,89710,2026-01-05,0,0,9999
71730,89726,2023-12-09,0,0,9999
71735,89733,2026-01-29,0,0,9999
71737,89736,2025-01-04,0,0,9999
71739,89737,2026-01-01,0,0,9999
71745,89744,2025-07-11,0,0,9999
71746,89745,2024-09-25,0,0,9999
71749,89748,2022-03-20,0,0,9999
71750,89750,2025-10-30,0,0,9999
71756,89755,2025-11-29,0,0,9999
71762,89761,2022-07-14,0,0,9999
71767,89767,2025-05-25,0,0,9999
71780,89781,2025-08-20,0,0,9999
71784,89788,2024-09-21,0,1,1467
71784,89789,2020-09-15,0,0,9999
71785,89791,2025-09-25,0,0,9999
71806,89815,2020-02-26,0,0,9999
71817,89828,2020-08-01,0,0,9999
71818,89829,2025-06-16,0,0,9999
71818,89831,2026-01-24,0,1,222
71821,89835,2025-12-30,0,0,9999
71837,89851,2025-05-23,0,0,9999
71845,89861,2025-09-02,0,0,9999
71854,89871,2021-04-24,0,0,9999
71859,89880,2021-09-14,0,0,9999
71860,89881,2025-06-26,0,0,9999
71866,89891,2019-06-13,0,0,9999
71869,89895,2024-04-15,0,0,9999
71877,89903,2025-04-03,0,0,9999
71879,89906,2025-02-09,0,0,9999
71904,89931,2024-12-07,0,0,9999
71908,89939,2023-07-29,0,1,243
71908,89940,2022-11-28,0,0,9999
71916,89952,2024-02-21,0,0,9999
71926,89959,2026-01-12,0,0,9999
71944,89975,2025-06-21,0,0,9999
71949,89985,2026-01-19,0,0,9999
71957,89991,2025-10-08,0,0,9999
71964,90004,2025-04-09,0,0,9999
71970,90010,2024-06-18,0,0,9999
71973,90015,2025-12-21,0,0,9999
71990,90032,2025-11-24,0,0,9999
71993,90039,2021-08-20,0,0,9999
71998,90042,2024-08-19,0,0,9999
72004,90047,2020-12-03,0,0,9999
72015,90064,2023-06-25,0,0,9999
72017,90066,2024-01-15,0,0,9999
72018,90068,2024-04-10,0,0,9999
72020,90073,2025-02-01,0,0,9999
72022,90079,2025-03-20,0,0,9999
72025,90081,2025-09-10,0,0,9999
72032,90089,2021-11-28,0,0,9999
72052,90108,2025-05-15,0,0,9999
72053,90110,2025-04-22,0,0,9999
72067,90127,2022-12-15,0,0,9999
72082,90143,2025-08-10,0,1,31
72082,90146,2025-07-10,0,0,9999
72086,90155,2023-07-11,0,0,9999
72088,90158,2025-08-21,0,0,9999
72089,90159,2024-10-23,0,0,9999
72090,90161,2025-08-27,0,0,9999
72096,90167,2023-05-06,0,0,9999
72101,90172,2025-03-09,0,0,9999
72101,90174,2025-08-08,0,1,152
72110,90185,2024-02-16,0,0,9999
72111,90188,2022-05-24,0,0,9999
72112,90189,2022-08-17,0,0,9999
72141,90220,2023-07-01,0,0,9999
72151,90239,2023-06-21,0,0,9999
72165,90256,2021-06-30,0,0,9999
72190,90284,2024-06-06,0,0,9999
72201,90296,2023-06-28,0,0,9999
72216,90317,2025-11-02,0,1,449
72216,90318,2024-08-10,0,0,9999
72221,90322,2021-11-10,0,0,9999
72222,90323,2023-03-06,0,0,9999
72226,90331,2024-10-18,0,0,9999
72230,90335,2025-09-26,0,0,9999
72231,90338,2026-01-01,0,0,9999
72237,90345,2025-01-12,0,0,9999
72248,90358,2025-10-13,0,0,9999
72260,90369,2024-05-05,0,0,9999
72273,90384,2025-10-10,0,0,9999
72276,90386,2021-09-28,0,0,9999
72294,90411,2025-11-26,0,0,9999
72295,90415,2024-04-02,0,0,9999
72309,90428,2023-11-14,0,2,40
72309,90430,2023-08-12,0,0,9999
72309,90431,2023-10-05,0,1,54
72319,90442,2024-11-24,0,1,70
72319,90444,2024-09-15,0,0,9999
72320,90445,2025-05-08,0,0,9999
72327,90453,2023-07-19,0,0,9999
72328,90454,2023-12-03,0,0,9999
72340,90470,2023-07-30,0,0,9999
72348,90477,2025-06-28,0,0,9999
72353,90480,2023-01-10,0,1,867
72353,90481,2020-08-26,0,0,9999
72366,90492,2025-12-28,0,0,9999
72368,90495,2025-10-15,0,0,9999
72378,90507,2025-01-23,0,0,9999
72387,90516,2023-08-30,0,0,9999
72399,90526,2020-03-16,0,0,9999
72402,90533,2023-10-11,0,0,9999
72417,90552,2023-05-13,0,0,9999
72420,90554,2025-12-17,0,1,66
72420,90555,2025-10-12,0,0,9999
72421,90556,2025-08-07,0,0,9999
72422,90558,2023-05-31,0,0,9999
72422,90559,2023-12-08,0,1,191
72428,90568,2026-01-29,0,0,9999
72431,90571,2025-11-01,0,0,9999
72433,90573,2021-03-04,0,0,9999
72438,90581,2025-03-01,0,0,9999
72449,90593,2025-07-12,0,0,9999
72451,90594,2024-06-13,0,0,9999
72452,90596,2025-08-08,0,0,9999
72455,90598,2021-12-30,0,0,9999
72460,90606,2025-10-18,0,0,9999
72464,90612,2024-03-24,0,0,9999
72469,90617,2023-04-13,0,0,9999
72471,90623,2024-06-02,0,0,9999
72472,90625,2022-08-12,0,0,9999
72476,90630,2025-08-10,0,0,9999
72479,90633,2025-07-09,0,0,9999
72489,90648,2025-12-13,0,0,9999
72494,90657,2025-04-24,0,0,9999
72503,90668,2025-02-18,0,0,9999
72513,90681,2023-07-23,0,0,9999
72517,90688,2026-01-23,0,0,9999
72524,90695,2025-01-09,0,0,9999
72525,90696,2025-10-15,0,0,9999
72529,90699,2025-12-15,0,0,9999
72532,90702,2025-11-29,0,0,9999
72534,90704,2023-09-20,0,0,9999
72536,90708,2025-02-15,0,0,9999
72536,90710,2025-11-08,0,1,266
72553,90730,2024-06-13,0,0,9999
72554,90731,2022-08-08,0,0,9999
72560,90735,2026-01-26,0,0,9999
72564,90738,2025-12-06,0,0,9999
72575,90750,2021-01-02,0,0,9999
72577,90752,2023-04-02,0,0,9999
72578,90753,2023-06-04,0,0,9999
72582,90758,2024-05-08,0,0,9999
72586,90764,2022-07-20,0,0,9999
72590,90770,2019-09-23,0,0,9999
72611,90794,2022-06-11,0,0,9999
72611,90795,2024-08-05,0,1,786
72619,90805,2023-07-11,0,0,9999
72623,90809,2026-01-26,0,0,9999
72627,90817,2024-01-06,0,0,9999
72631,90823,2025-12-03,0,0,9999
72638,90833,2025-04-21,0,0,9999
72650,90846,2025-10-02,0,0,9999
72667,90867,2024-02-24,0,0,9999
72667,90868,2025-04-27,0,1,428
72671,90871,2026-01-07,0,0,9999
72681,90883,2021-10-06,0,0,9999
72699,90903,2024-01-23,0,0,9999
72699,90904,2024-08-18,0,1,208
72713,90921,2024-05-06,0,0,9999
72714,90923,2025-01-19,0,0,9999
72715,90927,2025-08-27,0,0,9999
72733,90952,2025-04-01,0,0,9999
72737,90955,2022-09-04,0,0,9999
72758,90981,2024-10-12,0,0,9999
72761,90983,2025-02-24,0,1,623
72761,90984,2023-06-12,0,0,9999
72774,91001,2024-09-07,0,0,9999
72780,91007,2025-08-26,0,0,9999
72796,91023,2026-01-30,0,0,9999
72840,91072,2025-11-12,0,0,9999
72844,91076,2020-09-24,0,0,9999
72852,91083,2022-06-13,0,0,9999
72880,91116,2025-09-04,0,0,9999
72893,91133,2022-04-07,0,0,9999
72899,91138,2025-09-20,0,0,9999
72905,91144,2022-11-29,0,0,9999
72912,91155,2024-10-21,0,0,9999
72912,91157,2025-09-30,0,1,344
72914,91160,2023-03-30,0,0,9999
72918,91165,2025-08-15,0,0,9999
72921,91172,2024-10-05,0,0,9999
72929,91182,2023-04-08,0,0,9999
72938,91193,2024-12-12,0,0,9999
72939,91194,2024-06-18,0,0,9999
72955,91212,2022-08-26,1,0,9999
72955,91214,2022-09-15,0,1,20
72956,91216,2023-02-14,0,0,9999
72957,91217,2025-04-15,0,0,9999
72967,91231,2025-12-24,0,0,9999
72968,91233,2025-10-08,0,0,9999
72976,91241,2026-01-24,0,0,9999
72978,91247,2020-12-12,0,0,9999
72983,91254,2021-04-29,0,0,9999
72988,91264,2025-01-27,0,0,9999
73003,91287,2025-05-02,0,0,9999
73012,91293,2024-02-08,0,0,9999
73013,91295,2025-05-10,0,0,9999
73026,91315,2026-01-30,0,1,348
73026,91316,2025-02-16,0,0,9999
73030,91323,2023-10-22,0,0,9999
73049,91343,2024-09-28,0,0,9999
73054,91348,2025-10-18,0,0,9999
73059,91353,2022-03-02,0,0,9999
73067,91360,2026-01-20,0,0,9999
73075,91368,2026-01-29,0,0,9999
73076,91370,2022-02-14,0,0,9999
73084,91377,2025-06-26,0,0,9999
73098,91394,2025-06-23,0,0,9999
73110,91406,2025-08-31,0,0,9999
73110,91408,2026-01-13,0,1,135
73113,91416,2024-03-07,0,0,9999
73115,91420,2025-07-14,0,0,9999
73123,91427,2026-01-23,0,0,9999
73143,91447,2023-09-01,0,0,9999
73144,91449,2024-02-24,0,0,9999
73160,91467,2026-01-29,0,0,9999
73161,91469,2025-11-08,0,0,9999
73162,91471,2025-07-03,0,0,9999
73174,91480,2025-09-11,0,0,9999
73197,91506,2025-12-05,0,0,9999
73217,91523,2023-07-30,0,0,9999
73244,91552,2021-04-25,0,0,9999
73248,91555,2024-04-02,0,0,9999
73270,91580,2024-12-16,0,0,9999
73282,91598,2022-03-12,0,0,9999
73290,91607,2024-05-04,0,0,9999
73293,91612,2024-12-28,0,0,9999
73295,91615,2024-11-11,0,0,9999
73295,91616,2025-04-20,0,1,160
73297,91617,2025-11-16,0,0,9999
73299,91622,2025-08-18,0,0,9999
73309,91632,2022-11-27,0,0,9999
73311,91637,2024-01-01,0,0,9999
73316,91643,2024-11-21,0,0,9999
73321,91650,2025-08-29,0,0,9999
73337,91669,2020-07-07,0,0,9999
73338,91673,2024-07-22,0,1,563
73338,91674,2023-01-06,0,0,9999
73345,91680,2024-07-07,0,0,9999
73364,91702,2021-12-28,0,0,9999
73388,91727,2025-11-18,1,0,9999
73388,91728,2025-12-14,0,1,26
73397,91740,2021-08-27,0,0,9999
73399,91742,2026-01-29,0,0,9999
73402,91746,2020-10-10,0,0,9999
73414,91761,2025-01-30,0,0,9999
73419,91765,2020-08-09,0,0,9999
73423,91770,2021-12-21,0,0,9999
73433,91781,2025-02-24,0,1,60
73433,91782,2024-12-26,0,0,9999
73435,91786,2026-01-24,0,0,9999
73449,91805,2025-09-14,0,1,61
73449,91806,2025-07-15,0,0,9999
73458,91815,2023-02-14,0,0,9999
73458,91816,2025-06-11,0,1,848
73462,91822,2021-09-12,0,0,9999
73471,91830,2026-01-18,0,0,9999
73482,91840,2025-10-21,0,0,9999
73488,91844,2025-11-12,0,0,9999
73491,91849,2020-06-17,0,0,9999
73496,91856,2025-05-14,0,0,9999
73499,91861,2026-01-05,0,0,9999
73501,91865,2024-10-13,0,0,9999
73501,91866,2025-01-15,0,1,94
73510,91879,2025-01-28,0,0,9999
73519,91889,2024-03-28,0,0,9999
73521,91891,2023-05-22,0,0,9999
73533,91906,2025-04-21,0,0,9999
73538,91907,2021-12-29,0,0,9999
73539,91911,2021-07-16,0,0,9999
73549,91923,2022-06-14,0,0,9999
73561,91939,2025-07-29,0,0,9999
73577,91963,2025-07-19,0,0,9999
73583,91968,2026-01-29,0,0,9999
73601,91988,2023-09-12,0,0,9999
73602,91989,2024-01-24,0,1,178
73602,91990,2023-07-30,0,0,9999
73604,91991,2025-07-01,0,0,9999
73614,92007,2024-05-19,0,0,9999
73618,92016,2021-10-04,0,0,9999
73619,92018,2025-04-25,0,0,9999
73627,92025,2025-12-20,0,0,9999
73631,92031,2025-12-26,0,0,9999
73638,92037,2021-09-22,0,0,9999
73644,92044,2025-04-04,0,0,9999
73663,92064,2024-10-09,0,0,9999
73672,92078,2025-11-14,0,0,9999
73691,92097,2026-01-01,0,0,9999
73693,92100,2020-07-30,0,0,9999
73704,92115,2024-08-26,0,0,9999
73708,92119,2022-07-14,0,1,636
73708,92120,2020-10-16,0,0,9999
73709,92121,2022-08-16,0,0,9999
73710,92123,2024-02-17,0,0,9999
73712,92124,2025-06-24,0,0,9999
73714,92126,2024-10-04,0,0,9999
73715,92128,2025-12-28,0,0,9999
73716,92131,2021-06-23,0,0,9999
73719,92134,2023-07-21,0,0,9999
73728,92146,2025-05-20,0,0,9999
73748,92167,2021-08-24,0,0,9999
73756,92176,2022-03-02,0,0,9999
73760,92181,2024-04-22,0,0,9999
73760,92182,2024-06-08,0,1,47
73767,92186,2022-05-16,0,0,9999
73771,92191,2023-10-16,0,0,9999
73776,92194,2021-03-14,0,0,9999
73792,92214,2024-09-13,0,0,9999
73808,92235,2019-08-07,0,0,9999
73817,92247,2024-08-13,0,1,18
73817,92248,2024-07-26,1,0,9999
73823,92254,2025-06-27,0,0,9999
73824,92255,2020-12-07,0,0,9999
73825,92256,2024-11-30,0,0,9999
73834,92261,2024-10-21,0,1,779
73834,92262,2022-09-03,0,0,9999
73837,92266,2023-12-28,0,0,9999
73839,92269,2025-03-04,0,1,336
73839,92270,2024-04-02,0,0,9999
73840,92271,2024-07-18,0,0,9999
73840,92273,2025-10-01,0,1,440
73848,92281,2025-08-09,0,0,9999
73850,92286,2024-10-11,0,0,9999
73850,92287,2025-04-20,0,1,191
73856,92292,2022-11-02,0,0,9999
73862,92302,2021-02-23,0,0,9999
73865,92305,2024-03-29,0,0,9999
73869,92313,2020-01-21,0,0,9999
73869,92314,2020-06-26,0,1,157
73870,92317,2025-10-07,0,0,9999
73881,92332,2025-01-17,0,0,9999
73913,92366,2026-01-11,0,0,9999
73923,92378,2021-05-03,0,0,9999
73933,92392,2020-11-13,0,0,9999
73939,92404,2025-08-01,0,0,9999
73958,92427,2024-06-30,0,0,9999
73967,92441,2026-01-29,0,0,9999
73972,92449,2024-07-12,0,0,9999
73992,92469,2023-09-14,0,0,9999
74019,92498,2025-11-09,0,0,9999
74024,92505,2025-03-27,0,0,9999
74034,92524,2025-11-03,0,0,9999
74042,92531,2021-12-23,0,0,9999
74044,92536,2024-11-11,0,0,9999
74049,92540,2021-05-08,0,0,9999
74062,92556,2024-08-29,0,1,445
74062,92557,2023-06-11,0,0,9999
74067,92563,2026-01-29,0,0,9999
74067,92564,2026-01-29,0,0,9999
74088,92588,2025-08-26,0,0,9999
74089,92589,2022-02-01,0,0,9999
74092,92597,2026-01-29,0,0,9999
74094,92599,2024-04-18,0,1,215
74094,92601,2023-09-16,0,0,9999
74105,92611,2026-01-28,0,1,17
74105,92613,2026-01-11,1,0,9999
74107,92616,2026-01-12,0,0,9999
74108,92618,2024-11-01,0,0,9999
74111,92620,2024-03-27,0,0,9999
74115,92625,2022-03-14,0,0,9999
74121,92634,2026-01-17,0,0,9999
74122,92636,2023-09-26,0,0,9999
74126,92640,2025-08-28,0,0,9999
74127,92641,2023-07-13,0,0,9999
74128,92644,2025-08-14,0,0,9999
74131,92646,2024-06-12,0,0,9999
74134,92648,2024-06-18,0,0,9999
74147,92661,2021-04-24,0,0,9999
74147,92662,2022-05-17,0,1,388
74164,92679,2023-04-27,0,0,9999
74167,92682,2024-10-22,0,0,9999
74168,92683,2024-08-16,0,0,9999
74169,92685,2025-07-27,0,0,9999
74171,92687,2023-12-11,0,1,863
74171,92688,2021-07-31,0,0,9999
74172,92690,2024-02-12,0,0,9999
74173,92691,2025-09-25,0,0,9999
74175,92694,2024-10-05,0,0,9999
74183,92703,2024-07-20,0,0,9999
74186,92706,2026-01-22,0,0,9999
74187,92707,2024-10-18,0,0,9999
74210,92736,2026-01-22,0,0,9999
74215,92744,2024-12-24,0,0,9999
74220,92756,2025-10-06,0,1,270
74220,92758,2025-01-09,0,0,9999
74225,92763,2022-09-23,0,0,9999
74233,92774,2025-05-28,0,0,9999
74237,92780,2022-07-28,0,0,9999
74238,92781,2025-08-13,0,0,9999
74239,92783,2024-03-20,0,0,9999
74242,92788,2024-06-16,0,0,9999
74250,92799,2022-01-16,0,0,9999
74261,92814,2024-09-29,0,0,9999
74264,92819,2020-08-26,0,0,9999
74268,92823,2025-08-01,0,0,9999
74277,92840,2024-12-22,0,0,9999
74295,92858,2025-03-15,0,0,9999
74307,92875,2024-08-21,0,0,9999
74309,92877,2025-07-31,0,1,195
74309,92879,2025-01-17,0,0,9999
74313,92884,2025-10-09,0,0,9999
74318,92889,2023-05-07,0,0,9999
74343,92921,2025-11-18,0,0,9999
74376,92959,2024-04-26,0,0,9999
74377,92963,2024-10-14,0,0,9999
74382,92969,2025-04-04,0,0,9999
74394,92985,2021-05-30,0,1,644
74394,92986,2019-08-25,0,0,9999
74398,92993,2025-11-25,0,0,9999
74398,92995,2025-11-25,0,0,9999
74406,93002,2022-04-27,0,0,9999
74415,93012,2024-05-05,0,1,288
74415,93013,2024-11-14,0,2,193
74415,93014,2023-07-22,0,0,9999
74433,93035,2024-08-29,0,0,9999
74434,93038,2020-09-08,0,0,9999
74442,93051,2025-11-13,0,0,9999
74454,93063,2024-06-28,0,0,9999
74457,93070,2025-05-28,0,0,9999
74462,93075,2024-03-23,0,0,9999
74463,93077,2024-05-26,0,0,9999
74469,93087,2025-08-19,0,0,9999
74472,93092,2020-01-03,0,0,9999
74484,93103,2024-02-29,0,0,9999
74492,93111,2023-05-20,0,0,9999
74506,93129,2026-01-22,1,0,9999
74506,93130,2026-01-26,0,1,4
74515,93138,2025-05-08,0,0,9999
74520,93146,2025-02-13,0,0,9999
74526,93152,2022-02-23,0,0,9999
74528,93155,2024-03-02,0,0,9999
74535,93160,2022-11-11,0,0,9999
74539,93165,2025-11-26,0,0,9999
74540,93166,2025-09-27,0,0,9999
74542,93171,2025-09-23,0,0,9999
74548,93178,2026-01-07,0,1,23
74548,93179,2025-12-15,1,0,9999
74587,93220,2024-07-26,0,0,9999
74604,93243,2024-01-17,0,0,9999
74605,93244,2020-07-14,0,0,9999
74618,93262,2024-02-15,0,0,9999
74620,93265,2024-08-16,0,0,9999
74620,93267,2025-07-27,0,1,345
74623,93270,2024-09-16,0,0,9999
74628,93275,2023-05-09,0,0,9999
74655,93302,2026-01-18,0,0,9999
74676,93329,2025-10-19,0,0,9999
74681,93334,2025-02-09,0,0,9999
74685,93340,2023-12-08,0,0,9999
74700,93356,2025-12-16,0,0,9999
74705,93362,2021-11-11,0,0,9999
74705,93363,2023-12-10,0,1,759
74707,93368,2023-12-08,0,0,9999
74712,93376,2024-08-12,0,0,9999
74745,93410,2026-01-21,0,0,9999
74756,93423,2023-12-01,0,0,9999
74765,93429,2020-03-29,0,0,9999
74766,93432,2024-09-30,0,0,9999
74768,93439,2026-01-07,0,0,9999
74771,93441,2025-11-15,0,0,9999
74778,93455,2024-11-21,0,0,9999
74805,93490,2023-04-07,0,0,9999
74812,93498,2024-10-27,0,1,621
74812,93499,2023-02-14,0,0,9999
74816,93504,2023-05-26,0,0,9999
74816,93506,2023-07-22,0,1,57
74825,93517,2024-10-26,0,0,9999
74828,93521,2025-07-25,0,0,9999
74836,93532,2025-11-20,0,0,9999
74844,93540,2025-05-29,1,0,9999
74844,93542,2025-06-03,0,1,5
74847,93547,2020-12-10,0,0,9999
74850,93549,2024-11-21,0,0,9999
74852,93551,2020-04-01,0,0,9999
74855,93555,2023-06-24,0,0,9999
74860,93558,2021-03-10,0,0,9999
74866,93567,2021-04-18,0,0,9999
74871,93577,2026-01-28,1,0,9999
74871,93579,2026-01-30,0,1,2
74875,93585,2025-11-22,0,0,9999
74878,93588,2025-01-11,0,0,9999
74887,93599,2025-04-30,0,0,9999
74893,93606,2023-06-28,0,0,9999
74894,93608,2025-05-24,0,0,9999
74894,93609,2025-11-18,0,1,178
74896,93611,2023-11-07,0,0,9999
74898,93613,2021-02-18,0,0,9999
74922,93638,2020-06-02,0,0,9999
74931,93647,2021-04-07,0,0,9999
74931,93648,2022-05-24,0,1,412
74936,93655,2023-07-09,0,0,9999
74952,93677,2024-11-26,0,0,9999
74961,93686,2024-10-25,0,0,9999
74964,93693,2023-10-18,0,0,9999
74970,93699,2023-10-24,0,0,9999
74980,93708,2025-08-27,0,1,1363
74980,93709,2021-12-03,0,0,9999
74981,93712,2022-08-24,0,0,9999
74981,93713,2023-08-29,0,1,370
74996,93732,2023-07-05,0,0,9999
75006,93740,2023-12-06,0,2,404
75006,93741,2021-07-25,0,0,9999
75006,93742,2022-10-28,0,1,460
75013,93751,2021-07-25,0,0,9999
75014,93754,2025-12-21,0,0,9999
75021,93764,2021-11-24,0,1,458
75021,93765,2020-08-23,0,0,9999
75028,93775,2025-12-27,0,0,9999
75040,93787,2025-11-25,0,0,9999
75042,93789,2024-10-26,0,0,9999
75051,93802,2022-11-09,0,0,9999
75052,93804,2020-09-10,0,0,9999
75068,93824,2022-04-16,0,0,9999
75075,93833,2025-08-10,0,0,9999
75103,93862,2025-12-14,0,0,9999
75122,93888,2024-06-24,0,0,9999
75124,93889,2025-12-06,0,0,9999
75160,93918,2025-05-25,0,0,9999
75167,93930,2025-02-24,0,0,9999
75173,93939,2021-07-28,0,0,9999
75176,93944,2021-07-23,0,0,9999
75179,93947,2024-04-10,0,0,9999
75184,93954,2025-11-22,0,0,9999
75186,93955,2020-01-29,0,0,9999
75198,93976,2025-11-12,0,0,9999
75199,93977,2024-02-14,0,0,9999
75210,93988,2023-09-24,0,0,9999
75223,94007,2021-08-31,0,0,9999
75226,94012,2026-01-26,0,0,9999
75233,94027,2023-11-11,0,0,9999
75237,94031,2020-08-25,0,0,9999
75265,94062,2022-05-18,0,0,9999
75270,94069,2022-11-17,0,0,9999
75271,94071,2020-06-01,0,0,9999
75275,94077,2025-03-08,0,0,9999
75280,94081,2023-03-02,0,0,9999
75282,94084,2026-01-02,0,0,9999
75297,94099,2024-11-21,0,0,9999
75305,94112,2025-11-16,0,1,4
75305,94113,2025-11-12,1,0,9999
75307,94116,2021-06-09,0,0,9999
75307,94118,2023-06-06,0,1,727
75312,94123,2023-06-02,0,0,9999
75321,94134,2025-05-02,0,0,9999
75338,94149,2025-04-28,0,0,9999
75340,94152,2022-01-17,0,0,9999
75344,94162,2025-12-15,0,0,9999
75349,94170,2026-01-22,0,1,142
75349,94172,2025-09-02,0,0,9999
75373,94205,2024-06-25,0,0,9999
75391,94228,2026-01-25,0,0,9999
75400,94237,2023-06-26,0,0,9999
75433,94272,2025-02-04,0,0,9999
75437,94278,2026-01-08,1,0,9999
75437,94279,2026-01-29,0,1,21
75441,94283,2024-04-21,0,0,9999
75455,94307,2023-08-18,0,0,9999
75463,94315,2021-11-27,0,0,9999
75463,94316,2023-12-30,0,1,763
75467,94319,2026-01-05,0,0,9999
75470,94323,2025-11-07,0,0,9999
75471,94324,2025-10-02,0,0,9999
75479,94335,2024-12-06,0,0,9999
75481,94338,2026-01-30,0,1,90
75481,94339,2025-11-01,0,0,9999
75485,94345,2023-08-30,0,0,9999
75488,94349,2024-05-19,0,0,9999
75489,94351,2022-03-17,0,0,9999
75489,94352,2024-12-10,0,1,999
75493,94358,2025-08-16,0,0,9999
75499,94365,2026-01-08,0,0,9999
75501,94367,2023-07-05,0,0,9999
75502,94368,2024-11-29,0,0,9999
75503,94370,2020-06-13,0,0,9999
75503,94371,2024-12-11,0,1,1642
75506,94375,2024-03-23,0,0,9999
75523,94395,2025-11-05,0,0,9999
75531,94404,2025-03-08,0,0,9999
75547,94431,2025-09-25,0,0,9999
75563,94459,2026-01-07,0,0,9999
75570,94470,2023-11-26,0,0,9999
75585,94483,2025-12-04,0,0,9999
75597,94499,2023-07-20,0,0,9999
75600,94504,2024-01-05,0,0,9999
75603,94511,2023-04-13,0,0,9999
75605,94514,2025-10-25,0,0,9999
75607,94517,2024-05-06,0,0,9999
75607,94518,2025-10-23,0,1,535
75627,94540,2020-12-17,0,0,9999
75630,94543,2023-07-03,0,0,9999
75636,94550,2025-09-16,0,0,9999
75642,94558,2024-01-28,0,0,9999
75642,94559,2025-10-20,0,1,631
75645,94562,2025-03-12,0,0,9999
75651,94568,2024-10-14,0,0,9999
75666,94586,2019-10-28,0,0,9999
75673,94594,2022-08-02,0,0,9999
75679,94600,2025-08-17,0,0,9999
75683,94607,2023-12-06,0,0,9999
75684,94608,2024-06-21,0,0,9999
75693,94619,2025-04-08,0,0,9999
75711,94646,2024-04-16,0,0,9999
75711,94649,2024-10-21,0,1,188
75737,94684,2023-07-06,0,0,9999
75743,94693,2026-01-25,0,0,9999
75768,94720,2025-08-15,0,0,9999
75774,94727,2024-09-24,0,0,9999
75785,94748,2025-10-24,0,0,9999
75786,94751,2021-11-08,0,0,9999
75794,94762,2025-01-27,0,0,9999
75800,94766,2023-05-27,0,0,9999
75802,94774,2026-01-07,0,0,9999
75812,94785,2024-08-26,0,0,9999
75814,94787,2024-07-21,0,0,9999
75818,94796,2025-05-24,0,0,9999
75822,94798,2024-10-26,0,0,9999
75831,94809,2026-01-17,0,0,9999
75840,94815,2025-07-20,0,0,9999
75846,94821,2023-12-05,0,0,9999
75847,94823,2023-06-08,0,0,9999
75858,94832,2025-03-07,0,0,9999
75860,94836,2024-08-24,0,0,9999
75863,94844,2026-01-05,0,0,9999
75876,94858,2025-01-09,0,0,9999
75884,94868,2023-02-18,0,0,9999
75885,94870,2024-03-04,0,0,9999
75915,94909,2026-01-30,0,0,9999
75918,94919,2022-02-21,0,0,9999
75921,94922,2023-12-08,0,0,9999
75922,94923,2025-06-09,0,0,9999
75924,94925,2024-12-09,0,0,9999
75927,94928,2025-09-27,0,0,9999
75933,94939,2024-12-29,0,0,9999
75944,94950,2025-10-22,0,0,9999
75949,94956,2021-09-02,0,0,9999
75951,94958,2025-06-08,0,1,4
75951,94959,2025-06-04,1,0,9999
75953,94962,2022-12-23,0,0,9999
75957,94969,2026-01-09,0,0,9999
75958,94971,2025-10-16,0,0,9999
75962,94974,2021-09-17,0,0,9999
75962,94975,2023-11-05,0,1,779
75976,94990,2023-07-28,0,0,9999
75976,94992,2025-05-03,0,1,645
75991,95010,2020-10-06,0,0,9999
76001,95021,2022-12-02,0,0,9999
76001,95022,2024-04-03,0,1,488
76010,95032,2025-01-15,0,0,9999
76013,95035,2025-05-13,0,1,21
76013,95036,2025-04-22,1,0,9999
76016,95038,2025-09-29,0,0,9999
76036,95067,2022-10-20,0,0,9999
76040,95073,2025-08-06,0,0,9999
76058,95094,2024-06-27,0,0,9999
76065,95105,2023-11-11,0,0,9999
76067,95108,2025-11-06,0,0,9999
76069,95110,2025-12-12,0,0,9999
76071,95111,2025-11-25,0,0,9999
76076,95118,2023-09-07,0,0,9999
76081,95123,2023-06-12,0,0,9999
76087,95134,2020-04-26,0,0,9999
76090,95138,2019-04-29,0,0,9999
76092,95141,2023-07-14,0,0,9999
76110,95165,2025-08-21,0,0,9999
76111,95166,2025-05-08,0,0,9999
76117,95172,2024-02-14,0,0,9999
76126,95185,2021-11-02,0,0,9999
76133,95195,2023-02-14,0,0,9999
76137,95202,2025-05-23,0,0,9999
76144,95218,2022-05-26,0,0,9999
76151,95230,2025-10-07,0,0,9999
76177,95264,2023-11-16,0,0,9999
76181,95270,2023-09-04,0,0,9999
76182,95271,2023-12-12,0,1,31
76182,95272,2023-11-11,0,0,9999
76188,95278,2024-08-08,0,0,9999
76193,95286,2023-09-23,0,0,9999
76194,95287,2024-05-02,0,0,9999
76197,95290,2023-05-15,0,0,9999
76202,95294,2021-05-10,0,0,9999
76205,95298,2025-12-30,0,0,9999
76208,95302,2025-05-11,0,1,187
76208,95303,2024-11-05,0,0,9999
76220,95319,2024-06-01,0,0,9999
76221,95320,2022-06-29,0,0,9999
76223,95322,2025-02-17,0,0,9999
76247,95349,2025-06-07,0,0,9999
76251,95353,2025-05-15,0,1,747
76251,95354,2023-04-29,0,0,9999
76256,95361,2022-09-11,0,1,191
76256,95362,2022-03-04,0,0,9999
76259,95367,2023-05-09,0,0,9999
76263,95370,2023-12-14,0,0,9999
76263,95371,2024-03-08,0,1,85
76267,95378,2024-04-05,0,0,9999
76268,95379,2025-09-16,0,0,9999
76274,95384,2025-04-05,0,0,9999
76277,95388,2024-04-08,0,0,9999
76283,95399,2024-08-17,0,0,9999
76286,95404,2025-11-26,0,1,779
76286,95405,2023-10-09,0,0,9999
76287,95407,2024-06-29,0,0,9999
76298,95426,2025-10-20,0,0,9999
76299,95428,2024-08-23,0,0,9999
76305,95433,2020-12-06,0,0,9999
76308,95436,2026-01-12,0,0,9999
76316,95449,2025-08-03,0,0,9999
76323,95458,2024-12-22,0,0,9999
76326,95462,2025-08-11,0,0,9999
76331,95467,2026-01-29,0,0,9999
76342,95484,2025-12-19,0,0,9999
76348,95492,2025-01-11,0,1,562
76348,95494,2023-06-29,0,0,9999
76349,95496,2026-01-06,0,0,9999
76366,95514,2019-04-07,0,0,9999
76369,95518,2026-01-01,0,0,9999
76394,95547,2023-09-04,0,0,9999
76397,95550,2025-02-16,0,0,9999
76399,95552,2022-06-19,0,0,9999
76422,95574,2021-01-02,0,0,9999
76423,95576,2025-09-30,0,1,18
76423,95577,2025-09-12,1,0,9999
76427,95584,2025-06-12,0,0,9999
76440,95600,2026-01-26,1,0,9999
76440,95601,2026-01-27,0,1,1
76449,95615,2022-09-30,0,1,162
76449,95616,2025-03-21,0,2,903
76449,95617,2022-04-21,0,0,9999
76457,95627,2025-06-09,0,0,9999
76486,95655,2025-12-09,0,0,9999
76499,95667,2023-11-11,0,0,9999
76501,95671,2021-12-26,0,0,9999
76515,95686,2024-09-25,0,0,9999
76518,95688,2024-12-24,0,0,9999
76519,95689,2024-11-20,0,0,9999
76520,95690,2024-07-13,0,0,9999
76531,95706,2021-04-17,0,0,9999
76540,95716,2025-10-14,0,0,9999
76547,95728,2025-02-12,0,0,9999
76547,95729,2025-09-04,0,1,204
76548,95730,2026-01-24,0,0,9999
76549,95731,2025-12-30,0,0,9999
76574,95752,2024-02-10,0,0,9999
76586,95762,2025-03-31,0,0,9999
76593,95770,2025-02-02,0,0,9999
76596,95774,2019-04-22,0,0,9999
76612,95790,2021-11-07,0,0,9999
76630,95811,2025-12-25,0,1,8
76630,95812,2025-12-17,1,0,9999
76644,95826,2024-03-14,0,0,9999
76652,95837,2023-07-03,0,0,9999
76653,95840,2025-08-10,0,0,9999
76666,95860,2025-02-22,0,0,9999
76673,95866,2023-03-20,0,0,9999
76680,95873,2020-12-24,0,0,9999
76686,95878,2023-07-24,0,0,9999
76686,95880,2024-01-07,0,1,167
76687,95882,2024-10-20,0,0,9999
76689,95888,2025-08-09,0,0,9999
76701,95905,2025-08-27,0,0,9999
76707,95911,2025-10-22,0,0,9999
76709,95912,2021-06-14,0,0,9999
76718,95920,2022-12-10,0,0,9999
76753,95951,2023-03-16,0,0,9999
76757,95954,2024-10-03,0,0,9999
76762,95963,2025-03-20,0,0,9999
76767,95971,2024-04-10,0,0,9999
76780,95990,2025-11-23,0,0,9999
76803,96014,2026-01-25,0,0,9999
76805,96017,2025-09-17,0,0,9999
76810,96024,2025-05-30,0,0,9999
76810,96025,2025-07-15,0,1,46
76813,96030,2023-09-19,0,0,9999
76822,96041,2021-10-27,0,1,302
76822,96043,2020-12-29,0,0,9999
76826,96046,2025-03-31,0,0,9999
76827,96047,2025-07-05,0,0,9999
76838,96061,2021-01-02,0,0,9999
76840,96062,2026-01-30,0,0,9999
76841,96066,2022-11-06,0,0,9999
76841,96068,2024-11-17,0,1,742
76849,96078,2025-08-29,0,2,713
76849,96079,2021-07-27,0,0,9999
76849,96080,2023-09-16,0,1,781
76852,96082,2024-04-20,0,0,9999
76855,96088,2025-01-27,0,0,9999
76871,96109,2025-09-12,0,0,9999
76877,96116,2024-12-23,0,0,9999
76878,96118,2021-04-17,0,0,9999
76882,96124,2024-05-10,0,0,9999
76883,96125,2026-01-03,0,1,507
76883,96126,2024-08-14,0,0,9999
76889,96134,2025-12-03,0,0,9999
76893,96144,2025-08-15,0,0,9999
76903,96156,2026-01-30,0,0,9999
76908,96160,2023-08-28,0,0,9999
76919,96180,2023-08-10,0,0,9999
76923,96188,2025-06-26,0,0,9999
76933,96200,2025-04-11,0,0,9999
76940,96207,2025-03-16,0,0,9999
76943,96211,2023-12-09,0,0,9999
76948,96219,2021-08-12,0,0,9999
76949,96223,2025-10-12,0,0,9999
76994,96276,2022-10-15,0,0,9999
77006,96285,2021-11-17,0,0,9999
77012,96294,2025-11-15,0,0,9999
77020,96304,2026-01-27,0,0,9999
77026,96308,2023-10-11,0,0,9999
77027,96309,2022-05-13,0,0,9999
77037,96327,2023-10-30,0,0,9999
77040,96330,2025-12-21,0,0,9999
77050,96338,2025-11-15,0,0,9999
77052,96343,2026-01-08,0,0,9999
77054,96345,2021-01-22,0,0,9999
77058,96350,2025-12-28,0,1,1033
77058,96351,2023-03-01,0,0,9999
77060,96354,2022-04-25,0,0,9999
77062,96356,2025-10-09,0,0,9999
77068,96365,2024-08-06,0,1,1338
77068,96368,2020-12-07,0,0,9999
77069,96369,2025-09-03,0,0,9999
77077,96379,2024-12-20,0,0,9999
77092,96401,2020-11-24,0,0,9999
77108,96420,2024-03-18,0,0,9999
77112,96425,2025-09-09,0,0,9999
77115,96429,2025-09-06,0,0,9999
77139,96450,2021-11-04,0,0,9999
77150,96457,2024-02-24,0,0,9999
77156,96463,2023-08-14,0,0,9999
77175,96486,2025-07-11,0,0,9999
77177,96491,2024-09-16,0,0,9999
77183,96499,2025-11-07,0,0,9999
77191,96507,2025-12-12,1,0,9999
77191,96508,2025-12-17,0,1,5
77194,96512,2025-12-02,0,0,9999
77200,96520,2025-02-04,0,0,9999
77229,96556,2024-06-08,0,0,9999
77232,96559,2024-02-19,0,0,9999
77241,96570,2026-01-28,0,0,9999
77242,96573,2025-08-17,0,0,9999
77242,96575,2026-01-16,0,1,152
77253,96588,2024-04-15,0,0,9999
77260,96597,2023-06-17,0,1,773
77260,96599,2021-05-05,0,0,9999
77261,96601,2022-03-27,0,0,9999
77263,96606,2024-11-21,0,0,9999
77271,96614,2025-01-29,0,0,9999
77278,96620,2025-11-06,0,0,9999
77290,96639,2024-09-17,0,0,9999
77291,96641,2021-12-28,0,0,9999
77301,96657,2022-07-24,0,0,9999
77312,96664,2025-07-24,0,0,9999
77319,96670,2025-08-09,0,0,9999
77320,96671,2025-06-13,0,0,9999
77323,96673,2025-04-10,0,0,9999
77336,96686,2021-12-15,0,0,9999
77355,96707,2026-01-01,1,1,111
77355,96708,2026-01-27,0,2,26
77355,96709,2025-09-12,0,0,9999
77357,96710,2023-07-28,0,0,9999
77358,96713,2025-12-25,0,0,9999
77359,96715,2025-07-30,0,0,9999
77370,96727,2025-11-05,0,0,9999
77374,96732,2024-08-26,0,0,9999
77375,96734,2025-09-28,0,0,9999
77376,96735,2025-06-07,0,0,9999
77378,96738,2021-07-26,0,0,9999
77379,96740,2023-09-19,0,0,9999
77383,96744,2023-12-30,0,0,9999
77383,96745,2024-11-28,0,1,334
77394,96759,2025-02-11,0,0,9999
77411,96778,2024-08-18,0,0,9999
77426,96799,2021-10-08,0,0,9999
77429,96802,2025-02-10,0,0,9999
77444,96822,2022-12-31,0,0,9999
77479,96860,2025-03-25,0,0,9999
77487,96869,2021-09-06,0,0,9999
77505,96888,2025-11-01,0,0,9999
77512,96894,2025-10-21,0,0,9999
77512,96895,2025-12-01,0,1,41
77515,96899,2021-03-18,0,0,9999
77519,96902,2023-12-06,0,0,9999
77519,96904,2025-03-10,0,1,460
77539,96930,2024-04-15,0,0,9999
77555,96949,2024-11-22,0,1,709
77555,96951,2022-12-14,0,0,9999
77556,96953,2023-09-22,0,0,9999
77557,96955,2024-01-13,0,0,9999
77567,96972,2024-07-26,0,0,9999
77589,96996,2023-03-31,0,0,9999
77590,96997,2025-11-17,0,0,9999
77609,97022,2024-05-01,0,1,502
77609,97024,2022-12-16,0,0,9999
77613,97029,2025-10-14,0,0,9999
77621,97033,2024-01-13,0,0,9999
77631,97046,2024-09-02,0,0,9999
77632,97047,2025-06-11,1,1,107
77632,97048,2025-02-24,0,0,9999
77632,97050,2025-06-21,0,2,10
77636,97057,2025-10-06,0,0,9999
77640,97062,2022-03-21,0,0,9999
77647,97069,2025-12-31,0,0,9999
77656,97077,2023-03-06,0,0,9999
77657,97078,2026-01-27,0,0,9999
77670,97095,2025-07-08,0,0,9999
77680,97104,2026-01-28,0,0,9999
77685,97110,2024-03-25,0,0,9999
77696,97123,2025-10-16,0,0,9999
77699,97132,2025-05-19,0,0,9999
77707,97143,2025-10-16,0,0,9999
77710,97149,2025-02-13,0,0,9999
77712,97151,2025-03-08,0,0,9999
77716,97156,2025-09-18,0,0,9999
77719,97158,2022-08-17,0,0,9999
77720,97159,2023-04-27,0,0,9999
77727,97170,2025-08-24,0,3,280
77727,97171,2024-09-10,0,1,336
77727,97172,2024-11-17,0,2,68
77727,97173,2023-10-10,0,0,9999
77733,97180,2025-05-29,0,0,9999
77744,97196,2025-10-14,0,0,9999
77751,97202,2019-07-02,0,0,9999
77753,97209,2025-06-26,0,0,9999
77756,97211,2025-11-25,0,0,9999
77760,97216,2023-08-08,0,0,9999
77761,97219,2025-05-01,0,0,9999
77764,97224,2024-12-10,0,0,9999
77764,97225,2025-10-25,0,1,319
77770,97232,2021-08-20,0,0,9999
77771,97233,2026-01-11,0,0,9999
77775,97235,2025-09-08,0,0,9999
77784,97248,2026-01-26,0,0,9999
77789,97260,2025-02-06,0,0,9999
77790,97261,2024-11-07,0,0,9999
77792,97264,2023-01-27,0,0,9999
77800,97272,2024-11-08,0,0,9999
77810,97287,2024-02-26,0,0,9999
77831,97309,2023-11-15,0,0,9999
77833,97312,2024-04-22,0,0,9999
77840,97316,2025-10-18,0,0,9999
77847,97328,2021-02-02,0,0,9999
77861,97352,2023-10-12,0,0,9999
77866,97358,2022-10-18,0,0,9999
77877,97379,2022-08-25,0,0,9999
77883,97387,2021-02-26,0,0,9999
77890,97392,2026-01-08,0,0,9999
77892,97397,2024-01-12,0,0,9999
77895,97402,2021-07-08,0,0,9999
77901,97406,2025-12-25,0,1,180
77901,97407,2025-06-28,0,0,9999
77905,97412,2025-12-11,0,0,9999
77907,97416,2021-02-19,0,0,9999
77910,97422,2024-04-26,0,0,9999
77915,97430,2026-01-30,0,0,9999
77918,97435,2026-01-15,0,0,9999
77922,97440,2025-07-30,0,0,9999
77922,97441,2026-01-18,0,1,172
77924,97442,2024-10-13,0,0,9999
77935,97453,2022-07-29,0,0,9999
77942,97459,2025-05-08,0,0,9999
77945,97467,2025-02-10,0,0,9999
77954,97479,2022-10-08,0,0,9999
77954,97480,2025-10-02,0,1,1090
77957,97484,2026-01-29,0,0,9999
77961,97488,2024-09-14,0,0,9999
77993,97528,2023-05-13,0,0,9999
77999,97539,2024-10-25,0,0,9999
78006,97547,2025-11-25,0,0,9999
78009,97549,2025-04-07,0,0,9999
78011,97551,2026-01-17,0,0,9999
78036,97588,2025-10-10,0,0,9999
78041,97594,2023-09-03,0,0,9999
78056,97610,2022-03-11,0,0,9999
78068,97626,2025-10-13,0,0,9999
78072,97629,2025-12-22,0,0,9999
78077,97639,2024-12-17,0,0,9999
78103,97671,2023-11-09,0,0,9999
78105,97676,2025-06-29,0,0,9999
78110,97680,2022-04-08,0,0,9999
78119,97689,2019-06-12,0,0,9999
78128,97699,2021-08-04,0,0,9999
78138,97708,2023-08-28,0,0,9999
78139,97709,2026-01-31,0,0,9999
78142,97711,2025-07-28,0,0,9999
78144,97716,2025-08-27,0,0,9999
78152,97724,2025-04-21,0,0,9999
78169,97748,2024-09-19,0,0,9999
78197,97777,2024-10-01,0,0,9999
78199,97779,2025-07-31,0,0,9999
78223,97804,2024-12-04,0,0,9999
78224,97805,2026-01-20,0,0,9999
78226,97808,2025-07-31,0,0,9999
78230,97813,2023-05-28,0,0,9999
78239,97821,2024-05-20,0,0,9999
78243,97830,2025-02-07,0,0,9999
78248,97837,2024-12-07,0,0,9999
78255,97849,2023-09-23,0,0,9999
78270,97861,2025-12-08,0,0,9999
78271,97863,2024-01-05,0,0,9999
78287,97882,2022-12-07,0,0,9999
78305,97900,2022-04-22,0,0,9999
78319,97916,2025-10-19,0,1,610
78319,97918,2024-02-17,0,0,9999
78338,97943,2025-05-30,0,0,9999
78340,97945,2022-09-30,0,0,9999
78342,97950,2023-12-30,0,0,9999
78350,97964,2024-02-07,0,0,9999
78351,97965,2026-01-30,0,0,9999
78359,97975,2025-04-14,0,0,9999
78362,97980,2025-03-09,0,0,9999
78363,97983,2025-04-04,0,0,9999
78369,97993,2022-05-13,0,0,9999
78371,97994,2024-11-25,0,0,9999
78379,98004,2025-02-21,0,0,9999
78380,98007,2024-10-14,0,0,9999
78384,98013,2024-01-06,0,0,9999
78387,98016,2025-04-13,0,0,9999
78388,98017,2024-07-08,0,0,9999
78393,98025,2026-01-15,0,0,9999
78394,98028,2025-08-28,0,0,9999
78406,98041,2023-08-28,0,0,9999
78431,98067,2025-11-27,0,0,9999
78437,98077,2021-10-21,0,0,9999
78443,98083,2025-10-04,0,0,9999
78455,98097,2025-10-22,0,0,9999
78456,98099,2023-09-05,0,0,9999
78473,98118,2024-07-26,0,0,9999
78478,98125,2023-06-06,0,0,9999
78487,98133,2025-07-02,0,0,9999
78488,98134,2025-11-23,0,0,9999
78492,98139,2021-07-08,0,0,9999
78505,98164,2026-01-30,0,0,9999
78511,98171,2026-01-28,0,0,9999
78513,98174,2024-04-20,0,0,9999
78514,98175,2025-11-12,1,2,93
78514,98176,2025-08-11,0,1,130
78514,98177,2025-04-03,0,0,9999
78514,98178,2025-11-13,0,3,1
78523,98186,2025-09-09,0,0,9999
78530,98196,2022-12-10,0,0,9999
78536,98203,2024-08-07,0,1,570
78536,98204,2023-01-15,0,0,9999
78540,98211,2025-08-07,0,0,9999
78549,98222,2025-09-19,0,0,9999
78565,98243,2025-02-17,0,0,9999
78568,98246,2024-11-07,0,0,9999
78579,98256,2025-10-04,0,0,9999
78581,98257,2025-11-16,0,1,631
78581,98258,2024-02-24,0,0,9999
78585,98263,2020-11-10,0,0,9999
78590,98270,2023-04-22,0,0,9999
78603,98281,2021-05-16,0,0,9999
78615,98295,2025-09-11,0,0,9999
78616,98296,2026-01-17,0,0,9999
78622,98304,2023-08-18,0,0,9999
78626,98309,2024-07-10,0,0,9999
78635,98315,2023-02-08,0,0,9999
78645,98327,2022-08-28,0,0,9999
78650,98337,2022-07-22,0,0,9999
78656,98344,2019-11-08,0,0,9999
78656,98345,2020-06-08,0,1,213
78658,98348,2026-01-28,0,0,9999
78674,98367,2024-06-06,0,0,9999
78688,98384,2023-08-24,0,0,9999
78700,98398,2023-09-24,0,0,9999
78702,98402,2025-11-26,0,0,9999
78704,98405,2024-07-15,0,0,9999
78715,98416,2019-06-26,0,0,9999
78717,98419,2024-05-31,0,0,9999
78724,98426,2026-01-20,0,0,9999
78728,98434,2020-01-27,0,0,9999
78729,98436,2023-04-02,0,0,9999
78735,98444,2025-06-07,0,0,9999
78738,98451,2022-03-29,0,0,9999
78750,98463,2025-02-15,0,0,9999
78773,98493,2025-03-28,0,0,9999
78785,98501,2022-03-13,0,0,9999
78789,98503,2024-07-27,0,0,9999
78799,98512,2021-08-21,0,0,9999
78806,98520,2022-10-10,0,1,181
78806,98522,2022-04-12,0,0,9999
78833,98545,2025-05-27,0,0,9999
78837,98549,2024-06-06,0,0,9999
78841,98552,2025-03-19,0,0,9999
78842,98554,2022-05-20,0,0,9999
78865,98583,2025-09-16,0,0,9999
78865,98585,2025-11-24,0,1,69
78870,98592,2024-02-05,0,0,9999
78871,98593,2025-06-09,0,0,9999
78884,98609,2025-10-03,0,1,180
78884,98610,2025-04-06,0,0,9999
78886,98615,2025-10-21,0,0,9999
78888,98617,2024-01-13,0,0,9999
78889,98618,2022-02-16,0,0,9999
78904,98635,2025-02-22,0,0,9999
78905,98636,2025-07-15,0,0,9999
78906,98637,2022-04-13,0,0,9999
78914,98650,2026-01-22,0,0,9999
78917,98655,2025-05-30,0,0,9999
78927,98669,2025-04-27,0,0,9999
78938,98684,2020-12-23,0,0,9999
78964,98705,2021-11-29,0,0,9999
78983,98724,2026-01-26,0,0,9999
78985,98728,2025-03-29,0,0,9999
78989,98734,2025-05-20,0,0,9999
78990,98735,2026-01-23,0,0,9999
78998,98742,2024-04-22,0,1,313
78998,98743,2023-06-14,0,0,9999
79000,98748,2023-04-02,0,0,9999
79009,98757,2025-11-04,0,1,147
79009,98758,2025-06-10,0,0,9999
79012,98763,2020-09-04,0,0,9999
79014,98766,2024-07-14,0,0,9999
79015,98767,2024-05-29,0,0,9999
79017,98768,2022-12-07,0,0,9999
79026,98781,2026-01-27,0,0,9999
79035,98793,2020-02-27,0,0,9999
79035,98795,2020-09-19,0,1,205
79037,98800,2024-01-06,0,0,9999
79038,98803,2023-06-26,0,0,9999
79038,98804,2025-07-05,0,1,740
79040,98806,2023-06-27,0,0,9999
79041,98808,2025-08-29,0,0,9999
79043,98810,2025-01-11,0,1,284
79043,98811,2024-04-02,0,0,9999
79057,98826,2022-10-13,0,0,9999
79062,98838,2025-01-26,0,0,9999
79062,98840,2025-03-07,0,1,40
79063,98841,2024-01-07,0,0,9999
79074,98856,2025-11-02,0,0,9999
79079,98867,2024-08-02,0,0,9999
79080,98869,2026-01-14,0,0,9999
79086,98877,2025-11-24,0,0,9999
79092,98883,2025-01-21,0,0,9999
79105,98901,2024-08-25,0,0,9999
79118,98923,2023-10-08,0,0,9999
79118,98924,2025-04-28,0,1,568
79121,98928,2025-06-10,0,0,9999
79137,98946,2023-03-12,0,0,9999
79145,98958,2025-12-24,1,0,9999
79145,98959,2026-01-23,0,1,30
79154,98967,2024-07-12,0,0,9999
79178,98997,2024-06-02,0,0,9999
79186,99003,2026-01-29,0,0,9999
79203,99025,2023-11-13,0,0,9999
79204,99027,2025-03-30,0,0,9999
79205,99029,2021-06-02,0,0,9999
79212,99036,2025-12-13,0,0,9999
79215,99039,2023-12-30,0,0,9999
79223,99044,2025-05-07,0,0,9999
79249,99073,2025-04-08,0,0,9999
79260,99085,2023-06-10,0,0,9999
79266,99091,2025-02-02,0,0,9999
79280,99109,2025-09-16,0,0,9999
79283,99112,2023-05-03,0,0,9999
79283,99113,2025-09-18,0,1,869
79309,99137,2021-09-11,0,0,9999
79309,99138,2023-01-15,0,1,491
79317,99146,2025-03-09,0,0,9999
79322,99152,2024-12-05,0,0,9999
79337,99169,2023-03-25,0,0,9999
79338,99171,2025-11-15,0,0,9999
79347,99182,2024-02-26,0,0,9999
79354,99190,2023-09-19,0,1,246
79354,99191,2023-01-16,0,0,9999
79354,99192,2024-06-18,0,2,273
79355,99193,2024-08-22,0,0,9999
79357,99199,2025-01-24,0,0,9999
79359,99201,2025-08-08,0,0,9999
79362,99208,2025-02-21,0,0,9999
79369,99214,2026-01-25,0,0,9999
79374,99221,2025-06-20,0,0,9999
79376,99223,2025-02-02,0,0,9999
79379,99226,2024-02-06,0,0,9999
79396,99247,2024-02-12,0,0,9999
79397,99248,2025-02-15,0,0,9999
79399,99251,2024-03-21,0,0,9999
79407,99256,2021-09-18,0,0,9999
79407,99258,2022-12-26,0,1,464
79408,99259,2025-11-09,0,0,9999
79410,99262,2022-09-10,0,0,9999
79428,99279,2025-07-31,0,0,9999
79431,99285,2025-03-09,0,0,9999
79433,99287,2025-04-25,0,0,9999
79454,99315,2025-01-21,0,0,9999
79457,99320,2024-10-19,0,0,9999
79461,99325,2024-07-14,0,0,9999
79472,99334,2021-10-30,0,0,9999
79474,99336,2025-07-03,0,1,21
79474,99338,2025-06-12,1,0,9999
79477,99342,2021-11-05,0,0,9999
79484,99351,2025-04-12,0,0,9999
79486,99355,2025-05-07,0,0,9999
79503,99379,2024-04-19,0,0,9999
79505,99381,2024-03-11,0,0,9999
79507,99386,2022-06-23,0,0,9999
79507,99387,2024-03-03,0,1,619
79509,99388,2023-06-06,0,0,9999
79526,99406,2025-02-11,0,0,9999
79531,99414,2020-12-10,0,0,9999
79539,99426,2024-05-22,0,0,9999
79544,99432,2024-02-27,0,0,9999
79551,99438,2024-11-10,0,2,537
79551,99439,2023-05-23,0,1,321
79551,99440,2022-07-06,0,0,9999
79563,99454,2025-10-16,0,1,209
79563,99455,2025-03-21,0,0,9999
79571,99462,2025-02-02,0,0,9999
79573,99464,2025-07-19,0,0,9999
79574,99467,2025-10-02,0,0,9999
79580,99472,2026-01-10,0,0,9999
79581,99473,2025-08-31,0,0,9999
79585,99483,2022-11-12,0,0,9999
79593,99493,2022-05-28,0,0,9999
79596,99496,2022-02-19,0,0,9999
79602,99499,2020-05-08,0,0,9999
79604,99501,2026-01-24,0,0,9999
79605,99502,2025-11-24,0,0,9999
79611,99512,2023-09-13,0,0,9999
79612,99516,2026-01-26,0,0,9999
79624,99535,2025-06-12,0,0,9999
79633,99543,2026-01-21,0,0,9999
79641,99552,2024-10-12,0,0,9999
79642,99553,2022-10-30,0,0,9999
79645,99556,2024-03-07,0,0,9999
79667,99589,2025-01-14,0,0,9999
79676,99600,2024-05-19,0,0,9999
79698,99625,2025-06-01,0,0,9999
79699,99626,2025-01-13,0,0,9999
79702,99631,2024-07-25,0,0,9999
79705,99635,2025-10-28,0,0,9999
79707,99639,2024-07-02,0,0,9999
79732,99666,2025-12-17,0,0,9999
79741,99679,2025-02-02,0,0,9999
79747,99686,2025-08-24,0,0,9999
79760,99698,2022-09-16,0,0,9999
79766,99707,2020-10-02,0,0,9999
79772,99712,2024-07-30,0,0,9999
79791,99732,2023-06-22,0,0,9999
79799,99739,2024-12-05,0,0,9999
79805,99745,2025-12-15,0,0,9999
79806,99750,2022-10-29,0,0,9999
79815,99764,2022-09-12,0,0,9999
79822,99772,2025-05-21,0,0,9999
79826,99776,2021-10-05,0,0,9999
79832,99782,2021-12-27,0,1,39
79832,99784,2021-11-18,0,0,9999
79855,99812,2025-12-21,0,0,9999
79863,99828,2024-03-15,0,0,9999
79869,99835,2025-03-31,0,0,9999
79870,99837,2024-10-05,0,0,9999
79878,99844,2026-01-14,1,0,9999
79878,99845,2026-01-20,0,1,6
79895,99865,2024-10-14,0,0,9999
79898,99871,2025-06-21,0,0,9999
79899,99872,2024-05-01,0,0,9999
79901,99874,2025-03-09,0,0,9999
79902,99877,2026-01-08,0,0,9999
79906,99880,2024-04-05,0,0,9999
79911,99885,2024-09-26,0,0,9999
79922,99904,2025-11-03,0,0,9999
79934,99920,2023-09-13,0,0,9999
79942,99930,2025-01-24,0,0,9999
79950,99937,2019-10-28,0,0,9999
79958,99950,2024-01-31,0,0,9999
79959,99951,2024-03-30,0,0,9999
79962,99956,2025-09-17,0,0,9999
79963,99958,2024-06-16,0,0,9999
79977,99971,2024-03-27,0,0,9999
79988,99985,2025-06-06,0,0,9999
79988,99986,2025-11-23,0,1,170
79994,99993,2024-03-14,0,0,9999
79995,99995,2023-10-10,0,0,9999
80003,100002,2023-03-15,0,0,9999
80016,100017,2021-11-03,0,0,9999
80026,100029,2026-01-30,0,1,9
80026,100031,2026-01-21,1,0,9999
80048,100058,2024-08-14,0,0,9999
80048,100059,2024-12-10,0,1,118
80051,100061,2025-09-17,0,0,9999
80061,100074,2024-10-06,0,0,9999
80061,100076,2025-08-03,0,1,301
80063,100079,2025-09-07,0,0,9999
80065,100083,2025-03-26,0,0,9999
80068,100089,2021-07-26,0,0,9999
80069,100091,2026-01-20,0,0,9999
80079,100099,2025-01-02,0,0,9999
80082,100102,2024-09-20,0,0,9999
80084,100106,2025-03-26,0,0,9999
80092,100115,2024-11-24,0,0,9999
80104,100122,2025-09-07,0,0,9999
80113,100132,2026-01-27,0,0,9999
80115,100135,2024-10-29,0,0,9999
80124,100144,2022-08-16,0,0,9999
80141,100161,2025-11-17,0,0,9999
80165,100188,2026-01-28,0,0,9999
80170,100194,2024-11-12,0,0,9999
80178,100199,2024-09-07,0,0,9999
80198,100222,2024-05-01,0,0,9999
80200,100224,2022-09-09,0,0,9999
80205,100231,2022-09-10,0,0,9999
80208,100233,2019-08-17,0,0,9999
80212,100237,2026-01-25,0,0,9999
80214,100240,2025-12-18,0,0,9999
80217,100244,2025-05-13,0,0,9999
80221,100249,2026-01-08,0,0,9999
80231,100262,2025-08-16,0,0,9999
80231,100265,2026-01-30,0,1,167
80233,100267,2025-05-11,0,0,9999
80258,100299,2022-02-05,0,0,9999
80267,100306,2021-07-03,0,0,9999
80302,100352,2025-10-01,0,0,9999
80319,100377,2022-02-06,0,0,9999
80326,100385,2023-01-03,0,0,9999
80329,100387,2023-12-01,0,0,9999
80341,100403,2025-06-03,0,0,9999
80343,100405,2025-03-04,0,0,9999
80345,100407,2025-05-13,0,0,9999
80355,100417,2023-10-10,0,0,9999
80361,100424,2020-07-31,0,0,9999
80365,100427,2025-10-10,0,1,657
80365,100428,2023-12-23,0,0,9999
80374,100439,2025-12-18,0,0,9999
80379,100448,2020-06-19,0,0,9999
80379,100449,2023-09-20,0,1,1188
80379,100450,2025-03-09,0,2,536
80385,100459,2023-12-15,0,0,9999
80386,100461,2025-12-14,0,0,9999
80389,100467,2026-01-20,0,0,9999
80397,100475,2024-06-05,0,0,9999
80398,100476,2024-09-06,0,0,9999
80399,100478,2024-03-06,0,0,9999
80411,100489,2025-05-15,0,0,9999
80421,100503,2025-07-16,0,0,9999
80439,100527,2025-09-07,0,0,9999
80451,100548,2021-10-26,0,0,9999
80468,100566,2024-01-12,0,0,9999
80492,100592,2024-12-06,0,0,9999
80499,100597,2025-12-28,0,0,9999
80505,100604,2025-07-21,0,0,9999
80505,100605,2025-12-21,0,1,153
80508,100609,2025-04-25,0,0,9999
80508,100610,2025-05-27,0,1,32
80513,100618,2025-11-27,0,0,9999
80519,100624,2022-12-22,0,0,9999
80526,100633,2025-08-07,0,0,9999
80531,100638,2022-03-31,0,0,9999
80543,100654,2024-11-11,0,0,9999
80548,100667,2022-03-18,0,1,750
80548,100669,2020-02-27,0,0,9999
80549,100671,2025-12-13,0,0,9999
80563,100685,2025-10-03,0,0,9999
80564,100686,2023-03-30,0,0,9999
80564,100687,2025-05-06,0,1,768
80566,100691,2022-05-01,0,0,9999
80567,100692,2025-10-09,0,0,9999
80573,100702,2022-10-09,0,0,9999
80576,100705,2025-10-10,0,0,9999
80580,100711,2023-08-10,0,0,9999
80582,100715,2026-01-14,0,0,9999
80615,100745,2023-01-03,0,0,9999
80637,100769,2020-04-13,0,0,9999
80637,100770,2020-12-01,0,1,232
80637,100771,2023-08-28,0,2,1000
80638,100773,2026-01-29,0,0,9999
80642,100778,2025-01-18,0,0,9999
80643,100780,2025-11-13,0,0,9999
80645,100783,2023-05-13,0,0,9999
80656,100794,2021-11-24,0,0,9999
80672,100813,2023-09-03,0,0,9999
80683,100822,2020-05-11,0,0,9999
80683,100824,2025-10-28,0,1,1996
80686,100830,2024-05-21,0,0,9999
80695,100840,2025-08-17,0,0,9999
80698,100842,2021-06-10,0,0,9999
80700,100848,2025-04-03,0,0,9999
80710,100869,2026-01-01,0,0,9999
80721,100880,2022-10-04,0,0,9999
80728,100886,2020-06-28,0,0,9999
80729,100888,2026-01-24,0,0,9999
80734,100896,2025-10-04,0,0,9999
80736,100899,2024-03-02,0,0,9999
80739,100904,2026-01-29,0,0,9999
80739,100905,2026-01-29,0,0,9999
80739,100906,2026-01-29,0,0,9999
80753,100930,2022-03-01,0,0,9999
80757,100933,2023-01-30,0,0,9999
80758,100934,2024-06-28,0,0,9999
80760,100938,2024-08-21,0,1,178
80760,100940,2024-02-25,0,0,9999
80763,100944,2025-08-30,0,0,9999
80770,100956,2025-09-26,0,0,9999
80772,100958,2024-05-14,0,1,910
80772,100959,2021-11-16,0,0,9999
80778,100969,2024-05-19,0,0,9999
80792,100985,2022-01-02,0,0,9999
80797,100992,2026-01-29,0,0,9999
80798,100994,2022-07-02,0,0,9999
80799,100996,2025-05-18,0,0,9999
80807,101010,2025-01-17,0,0,9999
80814,101022,2024-05-27,0,0,9999
80834,101048,2023-08-31,0,0,9999
80838,101052,2019-05-14,0,0,9999
80843,101058,2025-10-17,0,0,9999
80846,101061,2025-11-27,0,0,9999
80852,101065,2025-12-25,0,0,9999
80854,101067,2025-10-29,0,0,9999
80869,101083,2025-08-25,0,0,9999
80873,101088,2023-08-31,0,0,9999
80896,101111,2024-07-16,0,1,387
80896,101112,2023-06-25,0,0,9999
80905,101123,2025-11-13,0,0,9999
80911,101137,2021-04-20,0,0,9999
80923,101152,2025-06-09,0,0,9999
80925,101153,2021-07-07,0,0,9999
80926,101155,2024-07-18,0,0,9999
80927,101156,2025-11-08,0,1,1516
80927,101157,2021-09-14,0,0,9999
80938,101167,2023-05-05,0,1,282
80938,101168,2022-07-27,0,0,9999
80939,101169,2024-08-05,0,0,9999
80955,101197,2021-09-30,0,0,9999
80957,101199,2025-07-05,0,0,9999
80964,101208,2020-02-14,0,0,9999
80985,101238,2024-12-06,0,0,9999
80989,101243,2025-01-31,0,0,9999
80993,101249,2024-11-23,0,0,9999
80995,101251,2023-06-01,0,0,9999
81008,101270,2021-07-06,0,0,9999
81014,101280,2025-01-03,0,0,9999
81022,101292,2022-03-04,0,0,9999
81029,101303,2023-08-10,0,0,9999
81036,101314,2025-10-10,0,0,9999
81040,101319,2024-09-23,0,0,9999
81041,101322,2021-12-09,0,0,9999
81050,101330,2026-01-13,0,0,9999
81058,101337,2023-01-08,0,0,9999
81073,101358,2025-09-25,0,0,9999
81079,101363,2025-12-23,0,0,9999
81084,101367,2024-10-07,0,1,338
81084,101370,2023-11-04,0,0,9999
81096,101385,2025-01-18,0,0,9999
81115,101418,2026-01-26,0,0,9999
81123,101426,2019-04-23,0,0,9999
81133,101437,2025-06-05,0,0,9999
81160,101476,2025-03-29,0,0,9999
81185,101502,2023-09-22,0,0,9999
81189,101506,2025-06-22,0,0,9999
81203,101517,2026-01-30,0,0,9999
81206,101520,2026-01-28,0,0,9999
81210,101523,2023-02-05,0,0,9999
81214,101528,2022-12-31,0,0,9999
81221,101535,2026-01-19,1,0,9999
81221,101537,2026-01-27,0,1,8
81226,101547,2023-10-02,0,0,9999
81228,101551,2021-11-12,0,0,9999
81234,101555,2026-01-26,0,0,9999
81241,101564,2025-05-24,0,0,9999
81253,101580,2024-09-17,0,0,9999
81270,101597,2024-03-30,0,1,586
81270,101598,2022-08-22,0,0,9999
81282,101611,2026-01-29,0,0,9999
81285,101618,2022-04-30,0,0,9999
81285,101619,2025-03-03,0,1,1038
81286,101621,2021-11-22,0,0,9999
81286,101623,2024-09-10,0,1,1023
81290,101626,2025-10-07,0,0,9999
81291,101627,2025-09-16,0,0,9999
81300,101636,2026-01-26,0,0,9999
81305,101643,2025-10-13,0,0,9999
81329,101663,2024-04-21,0,0,9999
81330,101664,2024-08-04,0,0,9999
81333,101667,2025-12-24,0,0,9999
81338,101673,2025-10-13,0,0,9999
81350,101688,2024-06-11,0,0,9999
81353,101693,2021-08-26,0,0,9999
81354,101694,2024-10-10,0,0,9999
81358,101698,2024-04-12,0,0,9999
81358,101699,2025-07-31,0,1,475
81363,101710,2026-01-09,0,0,9999
81364,101711,2021-12-11,0,0,9999
81368,101716,2023-08-06,0,0,9999
81369,101717,2025-10-05,0,0,9999
81388,101740,2022-06-06,0,0,9999
81394,101746,2024-02-09,0,0,9999
81397,101753,2024-07-13,0,0,9999
81400,101758,2025-08-27,0,0,9999
81401,101764,2021-12-05,0,0,9999
81406,101771,2025-05-18,0,0,9999
81406,101774,2025-07-20,0,1,63
81418,101786,2019-12-13,0,0,9999
81418,101787,2021-07-31,0,1,596
81434,101808,2025-04-11,0,0,9999
81438,101813,2023-05-04,0,0,9999
81442,101816,2024-03-08,0,0,9999
81447,101823,2026-01-29,0,0,9999
81453,101834,2023-07-20,0,0,9999
81456,101835,2022-09-04,0,0,9999
81458,101837,2025-11-17,0,0,9999
81468,101849,2022-12-24,0,0,9999
81469,101851,2022-05-06,0,0,9999
81470,101852,2025-05-18,0,0,9999
81470,101853,2025-10-02,0,1,137
81476,101859,2022-06-17,0,0,9999
81487,101873,2025-09-03,0,0,9999
81490,101874,2025-10-10,0,0,9999
81495,101881,2025-02-15,0,0,9999
81501,101889,2025-10-10,0,0,9999
81512,101907,2023-06-28,0,0,9999
81513,101910,2025-06-24,0,0,9999
81515,101916,2026-01-29,0,0,9999
81518,101924,2024-06-06,0,0,9999
81525,101931,2026-01-30,0,0,9999
81535,101943,2021-05-02,0,0,9999
81536,101944,2024-05-26,0,0,9999
81538,101946,2025-11-28,0,0,9999
81546,101961,2024-12-04,0,0,9999
81548,101963,2025-07-03,0,0,9999
81552,101968,2025-01-16,0,0,9999
81558,101977,2023-04-25,0,0,9999
81572,101990,2020-10-07,0,0,9999
81576,101998,2025-12-15,0,0,9999
81580,102004,2022-02-03,0,0,9999
81584,102010,2020-12-22,0,0,9999
81589,102018,2023-10-23,0,0,9999
81592,102021,2026-01-16,0,0,9999
81617,102048,2021-06-26,0,0,9999
81623,102055,2026-01-27,0,0,9999
81626,102061,2024-11-18,0,1,19
81626,102062,2024-10-30,1,0,9999
81638,102077,2025-05-02,0,0,9999
81638,102078,2025-06-28,0,1,57
81639,102079,2024-02-01,0,0,9999
81644,102083,2025-11-24,0,0,9999
81652,102096,2025-06-10,0,0,9999
81656,102105,2022-03-09,0,0,9999
81657,102106,2025-07-21,0,0,9999
81661,102119,2026-01-17,0,0,9999
81663,102122,2025-01-02,0,1,2017
81663,102123,2019-06-26,0,0,9999
81665,102125,2024-05-30,0,0,9999
81680,102145,2024-12-04,0,0,9999
81682,102148,2022-01-30,0,0,9999
81688,102155,2026-01-20,0,0,9999
81690,102156,2025-03-05,0,0,9999
81693,102161,2022-02-13,0,0,9999
81702,102169,2024-06-23,0,0,9999
81714,102187,2026-01-24,0,2,114
81714,102188,2025-03-21,0,0,9999
81714,102189,2025-10-02,0,1,195
81724,102205,2026-01-12,0,0,9999
81730,102211,2024-08-11,0,1,194
81730,102213,2024-01-30,0,0,9999
81733,102218,2025-11-09,0,0,9999
81756,102250,2023-03-31,0,0,9999
81759,102254,2025-05-05,0,0,9999
81766,102262,2020-05-13,0,0,9999
81774,102273,2026-01-19,0,0,9999
81792,102300,2021-07-07,0,0,9999
81793,102301,2025-06-05,0,0,9999
81794,102303,2023-03-03,0,0,9999
81804,102314,2022-09-23,0,0,9999
81807,102317,2024-03-05,0,0,9999
81820,102332,2025-12-30,0,0,9999
81832,102343,2025-09-25,0,1,82
81832,102346,2025-07-05,0,0,9999
81846,102358,2025-02-25,0,0,9999
81869,102379,2021-05-12,0,0,9999
81871,102382,2024-04-10,0,0,9999
81871,102384,2025-02-23,0,1,319
81880,102393,2024-08-01,0,0,9999
81886,102398,2025-05-23,0,0,9999
81890,102402,2025-12-28,0,0,9999
81891,102403,2023-09-08,0,0,9999
81892,102405,2024-08-21,0,0,9999
81896,102412,2025-12-17,0,0,9999
81904,102426,2022-06-14,0,0,9999
81904,102427,2026-01-19,0,1,1315
81907,102433,2024-06-28,0,0,9999
81912,102440,2026-01-28,0,0,9999
81913,102442,2020-10-30,0,0,9999
81916,102446,2024-12-19,0,0,9999
81926,102458,2025-11-18,0,0,9999
81936,102471,2026-01-30,0,0,9999
81939,102474,2025-10-20,0,0,9999
81941,102476,2026-01-28,0,0,9999
81949,102494,2021-11-22,0,0,9999
81957,102505,2024-04-02,0,0,9999
81968,102517,2025-11-04,0,0,9999
81972,102522,2024-07-22,0,0,9999
81988,102539,2025-12-20,0,1,414
81988,102540,2024-11-01,0,0,9999
81995,102552,2025-02-24,0,0,9999
81999,102556,2024-07-29,0,1,22
81999,102557,2024-07-07,1,0,9999
82009,102565,2025-06-29,0,0,9999
82014,102570,2024-03-26,0,0,9999
82019,102581,2024-05-09,0,0,9999
82030,102591,2025-03-14,0,0,9999
82033,102593,2024-11-25,0,0,9999
82039,102599,2024-01-31,0,0,9999
82040,102600,2023-05-22,0,0,9999
82050,102610,2024-04-16,0,0,9999
82068,102632,2022-07-20,0,0,9999
82070,102634,2020-12-13,0,0,9999
82073,102639,2026-01-17,0,0,9999
82081,102646,2020-07-27,0,0,9999
82093,102656,2023-04-07,0,0,9999
82121,102679,2025-04-10,0,1,178
82121,102681,2024-10-14,0,0,9999
82125,102688,2023-12-08,0,0,9999
82125,102689,2025-10-03,0,1,665
82133,102698,2025-12-18,0,0,9999
82140,102708,2025-12-22,0,0,9999
82147,102718,2021-07-16,0,0,9999
82157,102726,2024-07-25,0,0,9999
82163,102731,2023-09-18,0,0,9999
82165,102735,2025-01-02,0,0,9999
82168,102742,2024-08-04,0,0,9999
82169,102743,2025-08-05,0,0,9999
82175,102753,2025-05-21,0,0,9999
82177,102755,2025-08-20,0,0,9999
82177,102756,2025-11-11,0,1,83
82189,102766,2022-04-30,0,0,9999
82208,102783,2023-11-07,0,0,9999
82208,102784,2025-08-24,0,1,656
82225,102802,2025-09-27,0,0,9999
82243,102829,2024-01-09,0,0,9999
82256,102843,2024-03-10,0,0,9999
82266,102855,2024-01-23,0,0,9999
82268,102857,2024-11-18,0,0,9999
82272,102860,2025-06-16,0,1,911
82272,102861,2022-12-18,0,0,9999
82274,102865,2023-12-21,0,0,9999
82275,102867,2020-08-23,0,0,9999
82281,102872,2025-06-04,0,0,9999
82281,102873,2025-10-12,0,1,130
82310,102917,2024-03-16,0,0,9999
82315,102927,2024-07-28,0,0,9999
82318,102929,2025-07-14,0,0,9999
82322,102934,2021-01-20,0,0,9999
82324,102940,2025-09-20,0,0,9999
82330,102950,2025-01-09,0,0,9999
82341,102961,2025-03-14,0,0,9999
82353,102980,2026-01-28,0,1,27
82353,102981,2026-01-01,1,0,9999
82363,102992,2021-01-23,0,0,9999
82370,103001,2024-02-02,0,0,9999
82389,103021,2024-11-06,0,0,9999
82390,103022,2022-03-20,0,0,9999
82401,103030,2024-11-04,0,0,9999
82404,103033,2025-08-05,0,1,273
82404,103035,2024-11-05,0,0,9999
82413,103050,2024-09-24,0,0,9999
82417,103054,2025-01-18,0,0,9999
82439,103095,2024-07-19,0,0,9999
82452,103108,2025-04-06,0,0,9999
82458,103114,2023-11-04,0,0,9999
82460,103115,2025-08-15,0,0,9999
82463,103118,2022-04-22,0,0,9999
82470,103123,2025-11-18,0,0,9999
82487,103146,2024-06-02,0,0,9999
82490,103149,2025-05-28,0,0,9999
82495,103154,2024-06-27,0,0,9999
82502,103164,2025-03-05,0,0,9999
82507,103169,2025-06-20,0,0,9999
82516,103183,2025-12-26,0,0,9999
82536,103196,2025-07-02,0,0,9999
82542,103206,2022-09-10,0,0,9999
82549,103215,2020-06-13,0,0,9999
82550,103217,2026-01-18,0,0,9999
82558,103225,2026-01-17,0,0,9999
82560,103229,2025-09-06,0,0,9999
82565,103234,2026-01-03,0,1,298
82565,103235,2025-03-11,0,0,9999
82575,103249,2024-02-07,0,0,9999
82576,103253,2025-06-20,0,0,9999
82586,103264,2026-01-13,0,0,9999
82588,103269,2025-09-17,0,0,9999
82592,103274,2024-05-02,0,1,342
82592,103276,2023-05-26,0,0,9999
82603,103293,2024-10-05,0,0,9999
82621,103313,2025-01-28,0,0,9999
82627,103319,2021-05-13,0,0,9999
82627,103320,2022-02-20,0,1,283
82636,103333,2025-06-05,0,0,9999
82639,103338,2024-09-19,0,0,9999
82645,103342,2024-08-24,0,0,9999
82650,103346,2025-09-28,0,0,9999
82654,103352,2025-08-23,0,0,9999
82680,103375,2024-04-13,0,0,9999
82682,103377,2025-02-27,0,0,9999
82682,103378,2025-04-13,0,1,45
82689,103390,2025-11-26,0,0,9999
82699,103400,2024-06-28,0,0,9999
82712,103411,2022-01-23,0,0,9999
82716,103412,2025-07-19,0,0,9999
82722,103418,2023-01-20,0,0,9999
82729,103425,2023-05-29,0,0,9999
82732,103431,2025-02-01,1,0,9999
82732,103432,2025-02-08,0,1,7
82738,103437,2024-11-25,0,0,9999
82740,103439,2024-06-28,0,0,9999
82741,103441,2022-06-29,0,0,9999
82748,103448,2023-05-01,0,0,9999
82759,103458,2025-10-18,0,0,9999
82765,103466,2025-10-25,0,1,164
82765,103467,2025-05-14,0,0,9999
82779,103479,2024-01-15,0,0,9999
82788,103491,2023-08-07,0,0,9999
82792,103500,2024-09-04,0,0,9999
82796,103507,2025-12-19,0,0,9999
82798,103512,2025-08-18,0,1,841
82798,103514,2023-04-30,0,0,9999
82799,103516,2023-04-20,0,0,9999
82799,103518,2024-07-22,0,1,459
82858,103578,2023-07-13,0,0,9999
82865,103592,2025-12-06,0,0,9999
82881,103611,2023-09-09,0,0,9999
82883,103614,2024-10-24,0,0,9999
82886,103617,2026-01-23,0,1,641
82886,103618,2024-04-22,0,0,9999
82905,103638,2024-07-13,0,1,68
82905,103639,2024-05-06,0,0,9999
82916,103656,2025-09-28,0,0,9999
82920,103662,2023-12-09,0,1,740
82920,103663,2021-11-29,0,0,9999
82928,103676,2024-06-08,0,0,9999
82934,103682,2022-05-05,0,0,9999
82940,103696,2020-08-30,0,0,9999
82943,103699,2022-11-09,0,0,9999
82962,103723,2026-01-30,0,0,9999
82966,103727,2024-02-28,0,0,9999
82967,103730,2026-01-21,0,0,9999
82974,103737,2023-09-21,0,0,9999
82978,103742,2021-11-08,0,0,9999
82980,103746,2026-01-30,0,0,9999
82985,103753,2024-10-09,0,0,9999
82986,103756,2024-02-10,0,0,9999
82987,103757,2026-01-07,0,0,9999
82994,103762,2022-11-12,0,0,9999
82999,103764,2023-06-13,0,0,9999
83007,103777,2024-04-29,0,0,9999
83010,103782,2025-11-27,0,0,9999
83012,103783,2026-01-29,0,0,9999
83014,103784,2024-02-25,0,0,9999
83017,103787,2025-05-28,0,0,9999
83021,103792,2022-08-31,0,0,9999
83031,103810,2024-02-18,0,0,9999
83040,103819,2025-12-07,0,0,9999
83045,103825,2026-01-30,0,0,9999
83051,103833,2022-08-04,0,0,9999
83054,103841,2025-04-23,0,0,9999
83057,103845,2025-11-01,0,0,9999
83071,103858,2025-06-13,0,1,254
83071,103861,2024-10-02,0,0,9999
83082,103872,2022-06-29,0,0,9999
83083,103873,2025-12-28,0,0,9999
83091,103884,2024-11-17,0,0,9999
83101,103893,2023-12-10,0,0,9999
83106,103897,2025-09-13,0,0,9999
83111,103904,2025-05-30,0,0,9999
83120,103914,2025-02-15,0,0,9999
83138,103936,2025-08-06,0,0,9999
83152,103950,2023-03-21,0,0,9999
83156,103957,2022-05-05,0,0,9999
83160,103967,2025-09-22,0,0,9999
83163,103971,2021-03-08,0,0,9999
83163,103972,2022-10-15,0,2,315
83163,103974,2021-12-04,0,1,271
83168,103978,2025-07-28,0,0,9999
83171,103982,2023-08-05,0,0,9999
83173,103986,2023-07-25,0,0,9999
83190,104002,2025-06-11,1,1,485
83190,104003,2024-02-12,0,0,9999
83190,104005,2025-07-04,0,2,23
83193,104007,2025-07-14,0,0,9999
83200,104019,2024-11-07,0,0,9999
83202,104027,2024-06-26,0,0,9999
83203,104028,2021-11-03,0,0,9999
83203,104029,2022-04-20,0,1,168
83204,104030,2025-01-07,1,0,9999
83204,104031,2025-01-26,0,1,19
83204,104032,2025-08-28,0,2,214
83205,104033,2025-05-25,0,0,9999
83210,104044,2025-10-31,0,0,9999
83211,104046,2022-05-09,0,0,9999
83215,104054,2025-08-08,0,0,9999
83225,104066,2021-09-27,0,0,9999
83228,104068,2024-07-25,0,0,9999
83229,104070,2025-04-01,0,0,9999
83232,104073,2023-11-16,0,0,9999
83234,104079,2022-10-06,0,0,9999
83236,104084,2024-03-18,0,0,9999
83268,104122,2023-01-18,0,0,9999
83269,104125,2025-11-27,0,1,14
83269,104126,2025-11-13,1,0,9999
83279,104140,2024-04-27,0,0,9999
83291,104157,2024-07-09,0,0,9999
83292,104160,2023-05-10,0,0,9999
83299,104173,2025-12-30,0,2,543
83299,104174,2024-02-14,0,0,9999
83299,104175,2024-07-05,0,1,142
83314,104203,2021-09-03,0,0,9999
83314,104204,2021-12-09,0,1,97
83331,104228,2025-07-09,0,0,9999
83337,104236,2022-10-17,0,0,9999
83343,104241,2025-05-17,0,0,9999
83353,104254,2025-05-27,0,0,9999
83354,104256,2022-01-17,0,0,9999
83363,104264,2025-11-11,0,0,9999
83364,104265,2025-02-18,0,0,9999
83371,104271,2025-10-06,0,0,9999
83375,104275,2025-04-10,0,0,9999
83381,104283,2024-03-14,0,0,9999
83389,104289,2025-05-22,0,0,9999
83389,104291,2025-11-21,0,1,183
83394,104298,2024-06-27,0,0,9999
83400,104308,2025-02-02,0,0,9999
83408,104319,2025-02-11,0,0,9999
83425,104348,2024-05-13,0,0,9999
83432,104358,2023-06-24,0,0,9999
83438,104365,2025-11-04,0,0,9999
83444,104375,2022-05-09,0,0,9999
83457,104390,2025-07-23,0,0,9999
83471,104411,2025-08-15,0,0,9999
83489,104425,2026-01-29,0,0,9999
83502,104435,2025-09-04,0,0,9999
83516,104447,2025-12-16,0,0,9999
83519,104450,2025-12-21,0,0,9999
83530,104460,2026-01-06,0,0,9999
83536,104467,2021-01-09,0,0,9999
83538,104470,2025-07-27,0,0,9999
83539,104473,2026-01-29,0,0,9999
83541,104475,2025-12-15,0,0,9999
83545,104478,2025-12-11,0,0,9999
83552,104488,2025-04-08,0,0,9999
83558,104495,2023-01-26,0,0,9999
83561,104497,2023-07-29,0,0,9999
83562,104501,2021-03-14,0,0,9999
83566,104507,2024-03-22,0,1,933
83566,104509,2021-09-01,0,0,9999
83569,104512,2024-02-17,0,0,9999
83573,104516,2025-01-20,0,0,9999
83582,104521,2025-08-16,0,0,9999
83583,104522,2024-07-08,0,0,9999
83589,104529,2025-04-15,0,1,470
83589,104530,2024-01-01,0,0,9999
83617,104561,2022-08-10,0,0,9999
83618,104562,2025-11-01,0,0,9999
83622,104567,2024-05-15,0,0,9999
83625,104573,2023-09-21,0,0,9999
83631,104579,2025-04-17,0,0,9999
83636,104589,2025-12-21,0,0,9999
83637,104590,2024-01-28,0,0,9999
83650,104604,2024-03-24,0,1,1
83650,104605,2024-03-23,1,0,9999
83650,104606,2025-05-16,0,2,418
83659,104616,2026-01-29,0,0,9999
83665,104622,2025-12-13,0,0,9999
83668,104625,2021-05-28,0,0,9999
83677,104634,2023-03-09,0,0,9999
83681,104638,2025-12-29,1,0,9999
83681,104640,2026-01-01,0,1,3
83683,104643,2025-12-27,0,0,9999
83703,104667,2025-06-13,0,0,9999
83707,104672,2025-07-16,0,0,9999
83714,104682,2022-12-08,0,0,9999
83715,104683,2025-02-16,0,0,9999
83715,104684,2025-09-27,0,1,223
83722,104695,2024-11-18,0,0,9999
83733,104707,2022-07-29,0,0,9999
83737,104712,2024-11-13,0,0,9999
83743,104719,2024-08-19,0,0,9999
83743,104720,2026-01-14,0,1,513
83760,104740,2025-05-30,0,0,9999
83766,104749,2025-02-19,0,0,9999
83768,104751,2022-11-22,0,1,663
83768,104752,2025-05-24,0,2,914
83768,104753,2021-01-28,0,0,9999
83810,104798,2025-01-11,0,0,9999
83815,104803,2025-06-07,0,0,9999
83816,104804,2024-12-13,0,1,337
83816,104806,2024-01-11,0,0,9999
83837,104829,2025-11-07,0,1,495
83837,104830,2024-06-30,0,0,9999
83845,104842,2022-04-22,0,0,9999
83848,104846,2023-07-07,0,0,9999
83859,104868,2024-07-25,0,0,9999
83860,104870,2024-03-09,0,0,9999
83878,104895,2025-09-25,0,1,426
83878,104896,2024-07-26,0,0,9999
83885,104906,2026-01-24,0,0,9999
83924,104954,2025-08-30,0,0,9999
83925,104958,2025-10-24,0,0,9999
83937,104966,2025-09-29,0,0,9999
83940,104970,2021-12-11,0,0,9999
83948,104979,2026-01-07,0,0,9999
83951,104985,2022-11-05,0,0,9999
83953,104988,2025-05-23,0,0,9999
83953,104989,2025-07-24,0,1,62
83955,104992,2023-07-21,0,0,9999
83963,105006,2026-01-17,0,0,9999
83966,105009,2025-05-14,0,0,9999
83973,105020,2023-05-24,0,0,9999
83976,105021,2025-11-29,0,1,322
83976,105022,2025-01-11,0,0,9999
83983,105032,2022-08-25,0,0,9999
83984,105033,2025-07-02,0,0,9999
83986,105035,2023-03-22,0,0,9999
84008,105057,2025-04-24,0,0,9999
84010,105062,2025-12-18,0,0,9999
84011,105065,2024-01-25,0,0,9999
84017,105073,2025-11-29,0,0,9999
84043,105103,2023-11-15,0,0,9999
84044,105104,2024-12-07,0,1,923
84044,105105,2022-05-29,0,0,9999
84046,105107,2022-02-03,0,1,261
84046,105108,2021-05-18,0,0,9999
84051,105114,2026-01-12,0,0,9999
84058,105123,2021-01-20,0,0,9999
84060,105126,2023-07-29,0,0,9999
84061,105127,2026-01-22,0,0,9999
84066,105135,2023-12-03,0,1,195
84066,105136,2023-05-22,0,0,9999
84075,105145,2025-09-05,0,0,9999
84082,105154,2025-04-16,0,0,9999
84083,105156,2024-03-03,0,0,9999
84084,105157,2025-04-26,0,0,9999
84086,105166,2021-10-13,0,0,9999
84088,105168,2026-01-29,0,0,9999
84095,105176,2025-09-05,0,2,65
84095,105177,2025-07-02,0,1,30
84095,105178,2025-06-02,1,0,9999
84103,105188,2025-11-09,0,0,9999
84105,105190,2021-07-31,0,0,9999
84109,105197,2025-07-02,0,0,9999
84111,105201,2025-07-26,0,1,637
84111,105202,2023-10-28,0,0,9999
84115,105207,2024-11-18,0,0,9999
84116,105209,2023-07-17,0,0,9999
84126,105221,2024-06-10,0,1,552
84126,105222,2022-12-06,0,0,9999
84126,105223,2025-03-17,0,2,280
84154,105249,2025-07-10,0,0,9999
84165,105260,2025-03-03,0,0,9999
84167,105264,2025-08-30,0,0,9999
84176,105271,2020-04-24,0,0,9999
84198,105294,2025-12-18,0,0,9999
84204,105298,2020-04-21,0,1,179
84204,105299,2019-10-25,0,0,9999
84212,105309,2023-01-06,0,0,9999
84227,105334,2024-08-03,0,0,9999
84260,105377,2022-11-03,0,0,9999
84265,105385,2026-01-19,0,0,9999
84267,105388,2025-07-24,0,0,9999
84327,105465,2025-02-26,0,1,733
84327,105466,2023-02-24,0,0,9999
84337,105478,2023-11-03,0,0,9999
84338,105479,2023-04-02,0,0,9999
84344,105486,2024-06-09,0,0,9999
84345,105487,2020-07-17,0,0,9999
84350,105495,2025-05-20,0,0,9999
84370,105519,2025-11-24,0,0,9999
84376,105523,2024-12-27,0,0,9999
84405,105555,2024-05-18,0,0,9999
84412,105571,2025-05-16,0,0,9999
84414,105574,2024-11-05,0,0,9999
84426,105587,2020-02-02,0,0,9999
84428,105589,2023-04-30,0,0,9999
84430,105592,2021-04-11,0,0,9999
84439,105600,2024-07-13,0,0,9999
84444,105607,2025-07-20,0,1,1235
84444,105608,2022-03-03,0,0,9999
84446,105609,2021-09-05,0,0,9999
84460,105628,2025-10-30,0,0,9999
84468,105641,2025-05-17,0,0,9999
84471,105644,2023-12-14,0,0,9999
84476,105650,2022-06-08,0,0,9999
84479,105653,2022-11-08,0,0,9999
84487,105668,2026-01-21,0,0,9999
84493,105675,2025-11-29,1,1,256
84493,105676,2025-12-06,0,2,7
84493,105678,2025-03-18,0,0,9999
84497,105682,2023-10-29,0,0,9999
84506,105690,2025-11-04,0,0,9999
84507,105691,2023-03-27,0,2,20
84507,105693,2021-07-22,0,0,9999
84507,105694,2023-03-07,1,1,593
84517,105709,2022-03-01,0,0,9999
84525,105718,2025-05-28,0,0,9999
84529,105725,2025-10-30,0,0,9999
84531,105726,2025-12-01,0,1,1708
84531,105727,2021-03-29,0,0,9999
84534,105731,2024-10-29,0,0,9999
84568,105773,2025-03-15,0,0,9999
84575,105780,2024-04-17,0,0,9999
84579,105786,2026-01-30,0,0,9999
84585,105792,2024-03-01,0,0,9999
84594,105802,2025-12-09,0,0,9999
84597,105805,2020-06-14,0,0,9999
84603,105813,2026-01-01,0,0,9999
84617,105834,2025-05-02,0,0,9999
84623,105842,2019-10-28,0,0,9999
84632,105858,2024-01-16,0,1,272
84632,105859,2023-04-19,0,0,9999
84634,105863,2020-11-29,0,0,9999
84642,105874,2024-06-24,0,1,966
84642,105875,2021-11-01,0,0,9999
84647,105880,2026-01-05,0,0,9999
84652,105887,2023-04-30,0,0,9999
84666,105905,2025-06-25,0,0,9999
84671,105910,2020-01-13,0,0,9999
84672,105912,2025-02-26,0,0,9999
84680,105922,2024-12-06,0,0,9999
84682,105927,2025-11-18,0,0,9999
84684,105932,2025-09-09,0,0,9999
84689,105940,2024-06-19,0,1,715
84689,105942,2022-07-05,0,0,9999
84694,105949,2025-12-12,0,0,9999
84703,105963,2025-07-28,0,1,14
84703,105964,2025-07-14,1,0,9999
84704,105967,2025-05-27,0,0,9999
84721,105987,2026-01-08,0,0,9999
84730,106003,2025-11-16,0,0,9999
84735,106011,2023-08-17,0,0,9999
84740,106018,2024-06-24,0,0,9999
84746,106029,2025-04-18,0,0,9999
84752,106037,2024-12-07,0,0,9999
84761,106047,2024-10-30,0,0,9999
84764,106052,2025-09-14,0,0,9999
84769,106060,2021-07-21,0,0,9999
84769,106061,2024-06-01,0,1,1046
84770,106063,2024-05-16,0,0,9999
84773,106067,2025-08-08,0,0,9999
84783,106081,2025-11-12,0,0,9999
84785,106087,2025-08-30,0,0,9999
84786,106088,2024-07-02,0,0,9999
84786,106089,2025-01-02,0,1,184
84789,106093,2024-10-11,0,0,9999
84798,106103,2020-05-19,0,0,9999
84798,106104,2023-03-22,0,1,1037
84799,106105,2021-12-13,0,0,9999
84811,106113,2024-05-03,0,0,9999
84820,106126,2025-03-16,0,0,9999
84821,106127,2019-11-14,0,0,9999
84824,106135,2020-03-14,0,0,9999
84830,106144,2025-07-06,0,0,9999
84833,106146,2026-01-19,0,0,9999
84837,106148,2024-09-15,0,0,9999
84848,106160,2023-10-27,0,0,9999
84853,106164,2022-02-25,0,0,9999
84871,106181,2026-01-09,0,0,9999
84884,106194,2024-08-14,0,0,9999
84884,106195,2026-01-18,0,2,375
84884,106196,2025-01-08,0,1,147
84886,106201,2025-06-15,0,0,9999
84889,106205,2024-05-20,0,0,9999
84890,106206,2025-07-05,0,0,9999
84898,106218,2025-09-25,0,0,9999
84899,106220,2020-04-23,0,0,9999
84907,106236,2022-09-25,0,0,9999
84922,106253,2023-05-27,0,0,9999
84925,106258,2024-09-01,0,0,9999
84932,106266,2019-11-14,0,0,9999
84934,106269,2025-09-11,0,0,9999
84942,106275,2026-01-20,0,0,9999
84948,106281,2025-09-18,0,0,9999
84949,106282,2020-10-21,0,0,9999
84968,106309,2025-09-06,0,1,221
84968,106310,2025-01-28,0,0,9999
84970,106315,2024-11-18,0,0,9999
84973,106320,2025-07-17,0,0,9999
84995,106339,2025-06-30,0,0,9999
84996,106341,2025-09-09,0,0,9999
85011,106362,2024-08-09,0,1,335
85011,106363,2023-09-09,0,0,9999
85016,106373,2021-06-19,0,0,9999
85018,106375,2025-01-30,0,0,9999
85025,106384,2025-11-11,0,0,9999
85032,106390,2024-07-19,0,0,9999
85036,106395,2025-02-16,0,0,9999
85039,106398,2025-02-06,0,0,9999
85049,106407,2024-03-25,0,0,9999
85065,106425,2025-11-15,0,0,9999
85066,106428,2024-12-26,0,0,9999
85073,106433,2021-11-06,0,0,9999
85079,106437,2023-05-05,0,0,9999
85080,106439,2022-08-25,0,0,9999
85080,106440,2025-08-23,0,1,1094
85081,106441,2025-12-29,0,0,9999
85085,106448,2025-12-05,0,0,9999
85098,106460,2025-04-18,0,0,9999
85100,106462,2025-09-22,0,0,9999
85111,106471,2023-01-10,0,0,9999
85114,106476,2022-05-18,0,0,9999
85116,106478,2025-07-13,0,0,9999
85125,106488,2025-12-29,0,0,9999
85137,106499,2025-10-03,0,1,57
85137,106500,2025-08-07,0,0,9999
85140,106505,2021-08-01,0,0,9999
85145,106511,2024-01-11,0,0,9999
85146,106512,2024-08-04,0,0,9999
85147,106515,2025-12-06,0,0,9999
85149,106517,2025-06-06,0,0,9999
85152,106521,2021-11-21,0,0,9999
85152,106522,2024-06-25,0,1,947
85155,106526,2025-12-23,0,0,9999
85170,106541,2025-11-29,0,0,9999
85173,106544,2023-11-01,0,0,9999
85174,106545,2026-01-20,0,0,9999
85180,106553,2025-10-25,0,0,9999
85188,106562,2022-12-28,0,0,9999
85202,106581,2025-05-31,0,0,9999
85205,106587,2024-04-23,0,0,9999
85205,106588,2024-11-09,0,1,200
85206,106591,2025-04-07,0,0,9999
85208,106594,2023-04-30,0,0,9999
85215,106602,2025-09-23,0,0,9999
85215,106603,2026-01-04,0,1,103
85217,106607,2022-03-31,0,0,9999
85219,106614,2023-02-10,0,0,9999
85234,106632,2024-07-06,0,1,313
85234,106634,2023-08-28,0,0,9999
85246,106650,2026-01-14,0,0,9999
85261,106663,2024-02-15,0,0,9999
85277,106688,2025-06-28,0,0,9999
85302,106719,2024-01-20,0,0,9999
85307,106724,2022-05-30,0,0,9999
85320,106743,2025-04-18,0,0,9999
85324,106747,2025-09-20,0,0,9999
85325,106748,2026-01-23,0,0,9999
85326,106750,2025-08-30,0,0,9999
85331,106754,2022-12-11,0,0,9999
85345,106776,2024-10-21,0,0,9999
85346,106778,2026-01-28,0,0,9999
85350,106784,2021-06-04,0,0,9999
85357,106794,2026-01-17,0,0,9999
85364,106801,2025-09-05,0,0,9999
85368,106807,2022-07-04,0,0,9999
85369,106810,2023-02-12,0,0,9999
85369,106811,2026-01-20,0,1,1073
85388,106827,2025-08-04,0,0,9999
85429,106875,2023-03-10,0,0,9999
85441,106887,2022-06-14,0,0,9999
85445,106891,2024-04-29,0,0,9999
85446,106892,2025-09-30,0,1,361
85446,106893,2024-10-04,0,0,9999
85453,106903,2026-01-29,0,0,9999
85469,106923,2026-01-20,0,0,9999
85476,106932,2023-06-18,0,0,9999
85488,106945,2022-12-24,0,0,9999
85498,106960,2024-01-18,0,0,9999
85500,106962,2022-06-21,0,0,9999
85506,106970,2024-12-29,0,0,9999
85514,106981,2024-06-22,0,0,9999
85515,106986,2024-05-21,0,0,9999
85517,106990,2021-08-21,0,0,9999
85520,106997,2024-08-09,0,0,9999
85520,106999,2025-01-04,0,1,148
85533,107014,2025-12-30,0,0,9999
85536,107017,2020-08-28,0,0,9999
85539,107020,2024-10-10,0,0,9999
85544,107026,2025-07-17,0,0,9999
85552,107040,2026-01-21,0,0,9999
85564,107055,2025-02-08,0,0,9999
85578,107069,2021-02-21,0,0,9999
85604,107096,2024-02-27,0,0,9999
85605,107097,2024-12-18,0,0,9999
85618,107111,2024-12-23,0,0,9999
85630,107122,2024-10-24,0,0,9999
85636,107130,2024-11-26,0,0,9999
85638,107132,2024-01-25,0,0,9999
85660,107153,2025-11-09,0,0,9999
85662,107159,2020-05-14,0,1,122
85662,107160,2020-01-13,0,0,9999
85666,107165,2023-09-18,0,0,9999
85668,107168,2022-12-09,0,0,9999
85674,107173,2021-05-06,0,0,9999
85683,107182,2025-09-03,0,0,9999
85691,107198,2023-05-18,0,0,9999
85709,107224,2025-07-28,0,0,9999
85711,107227,2021-03-13,0,0,9999
85720,107238,2024-09-06,0,1,630
85720,107239,2022-12-16,0,0,9999
85732,107252,2025-08-19,0,0,9999
85738,107256,2025-11-03,0,0,9999
85754,107281,2023-09-13,0,0,9999
85769,107300,2019-11-29,0,0,9999
85772,107302,2023-12-20,0,0,9999
85784,107314,2023-07-04,0,0,9999
85794,107329,2023-05-22,0,0,9999
85797,107336,2026-01-22,0,0,9999
85799,107341,2025-01-14,0,0,9999
85804,107350,2026-01-29,0,0,9999
85805,107351,2021-07-24,0,0,9999
85810,107357,2024-02-17,0,0,9999
85821,107369,2021-01-09,0,0,9999
85830,107373,2022-02-06,0,0,9999
85836,107379,2023-06-08,0,0,9999
85840,107383,2025-03-25,0,0,9999
85841,107384,2026-01-24,0,0,9999
85851,107398,2024-12-25,0,0,9999
85854,107403,2024-09-29,0,0,9999
85864,107415,2025-03-22,0,0,9999
85867,107417,2025-02-17,0,0,9999
85871,107425,2022-09-29,0,0,9999
85874,107429,2023-04-17,0,0,9999
85893,107449,2025-10-22,0,0,9999
85895,107454,2021-06-19,0,0,9999
85897,107457,2024-12-25,0,0,9999
85902,107462,2019-12-04,0,0,9999
85905,107470,2025-12-20,0,1,739
85905,107471,2023-12-12,0,0,9999
85919,107486,2025-07-13,0,0,9999
85920,107487,2024-12-30,0,0,9999
85922,107489,2024-09-13,0,0,9999
85927,107494,2023-07-13,0,0,9999
85950,107522,2025-04-03,0,0,9999
85958,107531,2026-01-30,0,0,9999
85961,107539,2026-01-30,0,1,3
85961,107540,2026-01-27,1,0,9999
85961,107541,2026-01-30,0,1,3
85961,107542,2026-01-30,0,1,3
85967,107551,2025-12-09,0,0,9999
85990,107576,2024-11-28,0,0,9999
85999,107587,2025-05-09,0,0,9999
86002,107590,2024-03-22,0,0,9999
86009,107598,2025-08-11,0,0,9999
86010,107599,2026-01-18,0,1,125
86010,107600,2025-09-15,0,0,9999
86016,107607,2022-10-26,0,0,9999
86019,107611,2021-06-08,1,0,9999
86019,107613,2021-06-13,0,1,5
86037,107633,2025-12-12,0,0,9999
86043,107639,2023-02-27,0,0,9999
86044,107640,2024-11-25,0,0,9999
86051,107649,2025-03-01,0,1,65
86051,107650,2024-12-26,0,0,9999
86057,107659,2021-10-15,0,0,9999
86060,107661,2025-04-23,0,0,9999
86062,107663,2023-05-23,0,0,9999
86071,107674,2025-06-23,0,0,9999
86072,107675,2025-08-10,0,0,9999
86073,107676,2025-08-25,0,0,9999
86078,107682,2025-02-22,0,0,9999
86085,107692,2025-10-04,0,0,9999
86109,107719,2025-07-24,0,0,9999
86115,107726,2025-10-14,0,0,9999
86118,107729,2025-11-28,0,0,9999
86126,107737,2025-07-26,0,0,9999
86141,107750,2022-01-20,0,0,9999
86149,107763,2025-07-25,0,1,1175
86149,107764,2022-05-07,0,0,9999
86153,107770,2025-08-02,0,0,9999
86159,107775,2024-08-03,0,1,30
86159,107776,2024-07-04,1,0,9999
86166,107784,2025-02-09,0,0,9999
86168,107788,2025-12-27,0,0,9999
86169,107790,2021-11-10,0,0,9999
86174,107796,2025-03-14,0,0,9999
86182,107803,2023-09-25,0,0,9999
86183,107805,2026-01-22,0,0,9999
86187,107809,2022-12-05,0,0,9999
86190,107813,2025-09-09,0,0,9999
86191,107814,2024-04-12,0,0,9999
86192,107815,2025-09-19,0,0,9999
86195,107817,2024-07-12,0,0,9999
86195,107818,2024-10-04,0,1,84
86199,107823,2023-05-29,0,0,9999
86200,107824,2020-03-17,0,0,9999
86204,107830,2025-12-07,0,0,9999
86209,107834,2023-08-12,0,0,9999
86209,107835,2024-11-02,0,1,448
86220,107848,2025-09-11,0,0,9999
86221,107849,2020-12-24,0,0,9999
86223,107851,2023-03-04,0,0,9999
86232,107862,2026-01-03,0,0,9999
86242,107872,2026-01-30,0,0,9999
86265,107896,2025-07-18,0,0,9999
86266,107897,2025-11-14,0,0,9999
86268,107900,2021-08-18,0,0,9999
86285,107914,2024-04-23,0,0,9999
86286,107915,2024-11-08,0,0,9999
86294,107919,2022-03-02,0,0,9999
86308,107937,2024-09-13,0,0,9999
86314,107945,2025-12-20,0,0,9999
86319,107954,2025-08-21,1,0,9999
86319,107955,2025-08-23,0,1,2
86329,107965,2022-12-21,0,0,9999
86333,107969,2021-03-15,0,0,9999
86340,107980,2025-11-11,0,0,9999
86374,108019,2024-03-19,0,0,9999
86384,108028,2025-05-15,0,0,9999
86391,108036,2020-05-07,0,0,9999
86395,108041,2022-10-31,0,0,9999
86396,108043,2025-07-10,0,0,9999
86398,108046,2022-05-25,0,0,9999
86399,108048,2025-12-06,0,0,9999
86400,108049,2022-03-12,0,0,9999
86400,108050,2024-03-19,0,1,738
86402,108053,2025-08-01,0,0,9999
86410,108063,2025-03-31,0,0,9999
86411,108064,2025-06-01,0,0,9999
86416,108069,2025-01-12,0,0,9999
86416,108070,2025-05-22,0,1,130
86420,108074,2025-01-23,0,0,9999
86423,108080,2025-02-24,0,0,9999
86425,108085,2025-12-20,0,0,9999
86433,108096,2025-03-10,0,0,9999
86438,108100,2023-09-06,0,0,9999
86444,108109,2025-12-28,0,0,9999
86447,108113,2026-01-15,0,0,9999
86450,108118,2026-01-30,0,0,9999
86465,108131,2023-02-07,0,0,9999
86466,108132,2022-09-28,0,0,9999
86468,108134,2025-04-16,0,0,9999
86469,108136,2022-01-02,0,0,9999
86472,108139,2024-01-29,0,0,9999
86488,108158,2024-08-10,0,0,9999
86491,108161,2020-04-15,0,0,9999
86501,108171,2024-10-22,0,0,9999
86518,108189,2025-08-29,0,0,9999
86525,108193,2025-12-17,0,0,9999
86531,108199,2022-01-21,0,0,9999
86550,108223,2024-03-23,0,0,9999
86552,108227,2022-06-25,0,0,9999
86558,108238,2025-06-08,0,0,9999
86560,108242,2025-05-08,0,1,63
86560,108243,2025-03-06,0,0,9999
86562,108246,2025-12-31,0,0,9999
86568,108253,2022-10-22,0,0,9999
86569,108254,2024-02-14,0,0,9999
86570,108256,2025-02-16,0,0,9999
86577,108261,2025-09-02,0,1,637
86577,108262,2023-12-05,0,0,9999
86580,108266,2025-12-31,0,0,9999
86586,108270,2025-03-24,0,0,9999
86587,108272,2023-07-24,0,0,9999
86607,108297,2023-12-26,0,0,9999
86610,108300,2025-07-01,0,0,9999
86611,108301,2025-02-17,0,0,9999
86617,108307,2026-01-30,0,0,9999
86631,108325,2025-02-09,0,0,9999
86635,108330,2025-10-19,0,0,9999
86643,108339,2024-09-24,0,0,9999
86650,108349,2023-09-14,0,0,9999
86664,108362,2022-06-01,0,0,9999
86667,108366,2025-11-08,0,0,9999
86667,108369,2026-01-17,0,1,70
86671,108375,2023-12-28,0,0,9999
86673,108379,2024-09-30,0,0,9999
86683,108391,2024-06-24,0,0,9999
86683,108394,2024-12-11,0,1,170
86690,108401,2025-10-14,0,0,9999
86691,108402,2024-12-10,0,0,9999
86695,108408,2023-10-29,0,0,9999
86705,108421,2025-10-19,0,0,9999
86719,108439,2025-10-18,0,0,9999
86724,108445,2024-03-26,0,1,42
86724,108448,2024-02-13,0,0,9999
86725,108449,2025-10-06,0,1,352
86725,108450,2024-10-19,0,0,9999
86726,108451,2025-02-03,0,1,885
86726,108453,2022-09-02,0,0,9999
86732,108458,2025-08-16,0,0,9999
86734,108460,2024-09-11,0,0,9999
86736,108461,2025-10-30,0,0,9999
86738,108462,2024-04-24,0,0,9999
86742,108467,2024-08-30,0,0,9999
86749,108475,2022-11-24,0,0,9999
86759,108488,2025-08-18,0,0,9999
86761,108490,2025-01-22,0,0,9999
86774,108506,2023-03-17,0,0,9999
86775,108508,2025-02-01,0,0,9999
86778,108510,2026-01-19,0,0,9999
86779,108514,2025-04-23,0,0,9999
86792,108527,2024-04-10,0,0,9999
86795,108532,2024-12-27,0,0,9999
86797,108534,2024-08-03,0,0,9999
86810,108544,2023-12-14,0,0,9999
86811,108547,2023-06-28,0,0,9999
86818,108562,2021-07-19,0,0,9999
86819,108563,2025-11-23,0,0,9999
86820,108565,2025-12-05,0,0,9999
86824,108574,2023-04-11,0,0,9999
86825,108575,2023-06-02,0,0,9999
86835,108587,2023-06-20,0,0,9999
86840,108593,2023-08-05,0,0,9999
86845,108597,2026-01-18,0,0,9999
86850,108610,2024-01-23,0,0,9999
86860,108627,2025-03-16,0,0,9999
86871,108639,2025-05-07,0,1,97
86871,108640,2025-01-30,0,0,9999
86878,108644,2022-11-03,0,0,9999
86886,108651,2024-11-08,0,0,9999
86886,108652,2025-05-11,0,1,184
86888,108655,2024-01-08,0,0,9999
86891,108660,2024-01-17,0,0,9999
86893,108662,2021-12-31,0,0,9999
86908,108677,2022-01-16,0,0,9999
86912,108681,2022-09-24,0,0,9999
86916,108687,2022-02-10,0,0,9999
86917,108691,2023-05-29,0,0,9999
86918,108692,2025-04-30,0,0,9999
86918,108693,2025-10-07,0,1,160
86929,108709,2024-07-12,0,0,9999
86940,108726,2022-09-10,0,0,9999
86946,108739,2021-08-22,0,0,9999
86950,108744,2025-07-20,0,0,9999
86961,108752,2023-08-17,0,0,9999
86977,108778,2025-04-24,0,0,9999
86994,108794,2025-12-08,0,1,357
86994,108795,2024-12-16,0,0,9999
87002,108805,2022-05-20,0,0,9999
87003,108807,2025-06-10,0,0,9999
87006,108810,2024-08-27,0,0,9999
87015,108826,2024-02-16,0,0,9999
87016,108827,2026-01-28,0,1,536
87016,108828,2024-08-10,0,0,9999
87017,108829,2022-10-03,0,0,9999
87028,108844,2024-12-24,0,0,9999
87032,108846,2025-01-25,0,0,9999
87033,108848,2024-12-21,0,0,9999
87038,108855,2025-12-24,0,0,9999
87042,108864,2023-08-24,0,0,9999
87050,108870,2025-03-31,0,0,9999
87060,108881,2022-01-31,0,0,9999
87063,108883,2025-09-22,0,0,9999
87087,108919,2021-07-02,0,0,9999
87087,108920,2021-10-06,0,1,96
87088,108921,2026-01-25,0,0,9999
87109,108949,2025-12-26,0,1,98
87109,108951,2025-09-19,0,0,9999
87114,108957,2022-04-07,0,0,9999
87132,108974,2021-08-30,0,0,9999
87133,108976,2026-01-25,0,0,9999
87134,108977,2024-12-01,0,0,9999
87149,108993,2025-11-20,0,0,9999
87150,108995,2026-01-25,0,0,9999
87153,108998,2021-05-31,0,0,9999
87167,109015,2022-06-14,0,0,9999
87180,109032,2023-06-28,0,0,9999
87190,109041,2020-09-05,0,0,9999
87191,109042,2025-09-25,0,0,9999
87200,109052,2024-09-17,0,0,9999
87207,109061,2021-12-12,0,0,9999
87209,109064,2025-06-04,0,0,9999
87222,109082,2026-01-27,0,0,9999
87223,109085,2024-10-11,0,0,9999
87226,109087,2024-07-22,0,0,9999
87230,109091,2024-04-03,0,0,9999
87231,109093,2022-05-26,0,0,9999
87231,109094,2025-09-15,0,1,1208
87233,109098,2024-10-17,0,0,9999
87237,109104,2025-11-05,0,0,9999
87238,109106,2021-09-14,0,0,9999
87265,109138,2025-05-16,0,0,9999
87266,109139,2020-11-09,0,0,9999
87274,109152,2021-10-19,0,0,9999
87282,109169,2025-02-07,0,0,9999
87288,109177,2021-08-09,0,0,9999
87301,109197,2025-04-20,0,0,9999
87303,109199,2025-02-17,0,0,9999
87335,109236,2023-04-15,0,0,9999
87342,109243,2023-07-23,0,0,9999
87351,109261,2025-04-11,0,0,9999
87358,109267,2024-07-17,0,0,9999
87368,109280,2023-04-12,0,0,9999
87373,109288,2023-03-29,0,0,9999
87387,109308,2019-11-08,0,0,9999
87387,109311,2022-12-10,0,1,1128
87397,109320,2025-11-03,0,0,9999
87405,109327,2021-10-24,0,0,9999
87407,109329,2025-09-19,0,0,9999
87415,109343,2020-06-01,0,0,9999
87416,109344,2024-10-21,0,0,9999
87418,109348,2025-03-07,0,1,366
87418,109349,2024-03-06,0,0,9999
87427,109362,2022-09-21,0,0,9999
87436,109366,2025-01-01,0,0,9999
87447,109376,2020-09-24,0,0,9999
87454,109384,2025-10-13,0,0,9999
87460,109392,2024-11-17,0,0,9999
87471,109405,2025-12-04,0,0,9999
87473,109410,2026-01-30,0,0,9999
87477,109414,2025-02-21,0,0,9999
87481,109419,2022-04-16,0,0,9999
87488,109427,2023-10-08,0,0,9999
87506,109448,2025-11-06,0,0,9999
87511,109457,2025-10-30,0,0,9999
87513,109460,2022-11-30,0,0,9999
87517,109468,2024-05-06,0,0,9999
87527,109479,2019-11-17,0,0,9999
87537,109490,2023-03-30,0,0,9999
87538,109493,2025-04-19,0,0,9999
87544,109505,2025-01-31,0,0,9999
87551,109515,2020-04-15,0,0,9999
87551,109516,2021-07-27,0,1,468
87552,109517,2025-12-15,0,0,9999
87557,109525,2024-09-23,0,0,9999
87564,109532,2025-06-08,0,0,9999
87565,109533,2024-11-21,0,0,9999
87572,109540,2025-01-25,0,0,9999
87579,109548,2026-01-27,0,0,9999
87580,109549,2025-07-16,0,0,9999
87586,109557,2022-10-29,0,0,9999
87587,109559,2024-06-13,0,0,9999
87591,109563,2021-12-10,0,0,9999
87592,109567,2025-08-25,0,0,9999
87594,109568,2025-12-02,0,0,9999
87595,109570,2023-08-13,0,0,9999
87603,109580,2022-05-19,0,1,395
87603,109581,2021-04-19,0,0,9999
87617,109604,2025-10-07,0,0,9999
87618,109606,2022-11-16,0,0,9999
87629,109620,2021-03-09,0,0,9999
87630,109621,2024-03-07,0,0,9999
87631,109623,2025-05-02,0,0,9999
87643,109640,2024-12-10,0,0,9999
87648,109645,2022-05-23,0,0,9999
87654,109652,2022-11-11,0,0,9999
87655,109655,2021-06-04,0,1,587
87655,109656,2019-10-26,0,0,9999
87656,109658,2026-01-29,0,0,9999
87670,109678,2026-01-01,0,0,9999
87685,109696,2024-11-06,0,0,9999
87705,109717,2022-03-01,0,0,9999
87709,109720,2025-11-19,0,0,9999
87712,109724,2025-03-14,0,0,9999
87720,109730,2024-12-24,0,0,9999
87723,109735,2025-03-20,0,0,9999
87727,109744,2025-03-10,0,0,9999
87741,109758,2024-11-17,0,0,9999
87742,109760,2022-09-23,0,0,9999
87750,109766,2025-10-10,0,0,9999
87758,109776,2024-05-12,0,0,9999
87761,109782,2025-01-03,0,0,9999
87766,109784,2025-07-15,0,0,9999
87769,109789,2025-01-29,0,0,9999
87797,109814,2024-03-25,0,0,9999
87798,109816,2024-08-25,0,0,9999
87802,109823,2025-08-31,1,0,9999
87802,109826,2025-09-02,0,1,2
87807,109830,2025-06-10,0,1,57
87807,109831,2025-04-14,0,0,9999
87816,109845,2025-09-09,0,0,9999
87820,109850,2025-09-26,0,0,9999
87822,109852,2021-05-01,0,0,9999
87824,109854,2025-10-11,0,0,9999
87831,109859,2022-04-14,0,0,9999
87831,109860,2023-11-30,0,1,595
87837,109869,2025-10-19,0,0,9999
87838,109871,2020-05-24,0,0,9999
87838,109873,2023-09-17,0,1,1211
87845,109881,2024-02-05,0,0,9999
87845,109882,2024-06-19,0,1,135
87848,109885,2024-02-23,0,0,9999
87850,109888,2026-01-21,0,0,9999
87852,109893,2023-10-18,0,0,9999
87861,109901,2022-08-31,0,0,9999
87863,109906,2024-09-24,0,0,9999
87877,109931,2021-01-19,0,0,9999
87882,109935,2025-03-05,0,0,9999
87897,109951,2025-03-05,0,0,9999
87897,109953,2025-06-01,0,1,88
87904,109958,2021-07-10,0,0,9999
87911,109966,2024-12-04,0,1,234
87911,109967,2024-04-14,0,0,9999
87915,109972,2025-11-21,0,0,9999
87917,109977,2024-09-08,0,0,9999
87919,109980,2025-12-18,0,0,9999
87930,109999,2024-04-27,0,0,9999
87932,110001,2025-08-23,0,0,9999
87942,110012,2025-12-16,0,0,9999
87946,110018,2025-07-02,0,0,9999
87956,110027,2025-10-31,0,1,906
87956,110028,2023-05-09,0,0,9999
87960,110036,2024-07-30,0,0,9999
87971,110046,2025-09-11,0,0,9999
87981,110057,2024-08-01,0,0,9999
87982,110060,2024-03-30,0,0,9999
87989,110071,2025-05-04,0,0,9999
87990,110072,2024-05-24,0,0,9999
88003,110085,2026-01-27,0,0,9999
88024,110106,2023-08-07,0,0,9999
88037,110128,2025-08-02,0,1,739
88037,110129,2023-07-25,0,0,9999
88053,110150,2025-06-28,0,0,9999
88055,110152,2023-08-12,0,0,9999
88062,110161,2021-06-27,0,0,9999
88065,110165,2023-05-17,0,0,9999
88081,110185,2025-04-17,0,0,9999
88086,110193,2023-04-21,0,0,9999
88121,110231,2025-04-28,0,0,9999
88131,110243,2025-10-25,0,0,9999
88131,110244,2026-01-03,0,1,70
88133,110248,2025-11-18,0,1,3
88133,110249,2025-11-15,1,0,9999
88136,110253,2021-11-14,0,0,9999
88145,110264,2025-05-05,0,1,680
88145,110265,2023-06-25,0,0,9999
88147,110267,2026-01-23,0,0,9999
88162,110289,2021-05-24,0,0,9999
88163,110290,2024-02-18,0,0,9999
88168,110298,2025-05-23,1,0,9999
88168,110299,2025-06-03,0,1,11
88169,110302,2019-11-22,0,0,9999
88196,110331,2025-11-05,0,0,9999
88201,110334,2024-12-23,0,0,9999
88203,110336,2021-12-10,0,0,9999
88212,110340,2024-06-27,0,0,9999
88213,110342,2022-06-18,0,0,9999
88233,110363,2025-09-24,0,1,373
88233,110364,2024-09-16,0,0,9999
88242,110376,2024-06-21,0,0,9999
88250,110388,2025-03-23,0,0,9999
88258,110397,2025-12-30,0,0,9999
88262,110402,2025-11-04,0,0,9999
88263,110406,2025-06-17,0,0,9999
88290,110431,2024-05-04,0,0,9999
88292,110432,2025-12-12,0,0,9999
88298,110438,2024-11-22,0,0,9999
88302,110446,2020-04-08,0,0,9999
88302,110447,2021-08-20,0,1,499
88311,110460,2026-01-19,0,0,9999
88314,110465,2021-04-07,0,0,9999
88326,110480,2023-01-15,0,0,9999
88349,110504,2026-01-25,0,0,9999
88350,110505,2022-06-16,0,0,9999
88363,110520,2024-06-12,0,0,9999
88364,110521,2024-02-25,0,0,9999
88375,110535,2025-03-30,0,0,9999
88376,110536,2021-09-24,0,0,9999
88379,110540,2026-01-01,0,0,9999
88392,110559,2025-10-11,0,0,9999
88393,110560,2024-05-18,0,0,9999
88401,110569,2024-11-22,0,0,9999
88402,110572,2023-07-12,0,0,9999
88406,110576,2025-03-25,0,0,9999
88410,110579,2024-05-16,0,0,9999
88410,110580,2025-10-29,0,1,531
88427,110602,2023-02-02,0,0,9999
88435,110616,2024-06-12,0,0,9999
88436,110617,2025-07-15,0,0,9999
88438,110620,2023-11-27,0,0,9999
88447,110629,2023-01-05,0,0,9999
88459,110647,2021-11-04,0,0,9999
88461,110650,2022-02-28,0,0,9999
88493,110682,2025-04-13,0,0,9999
88507,110699,2024-07-11,0,0,9999
88519,110716,2023-09-23,0,0,9999
88522,110718,2023-02-14,0,0,9999
88523,110720,2024-08-07,0,0,9999
88524,110721,2022-05-30,0,0,9999
88530,110728,2025-08-27,0,0,9999
88535,110733,2025-03-16,0,1,259
88535,110734,2024-06-30,0,0,9999
88556,110758,2025-08-28,0,0,9999
88557,110760,2024-09-22,0,0,9999
88560,110767,2025-11-03,0,0,9999
88560,110768,2026-01-09,0,1,67
88562,110770,2026-01-01,0,0,9999
88564,110772,2023-05-29,0,0,9999
88570,110782,2021-08-15,0,0,9999
88579,110789,2025-12-03,0,1,104
88579,110790,2025-08-21,0,0,9999
88583,110792,2023-04-04,0,0,9999
88600,110810,2023-05-25,0,0,9999
88600,110811,2025-05-17,0,1,723
88626,110840,2023-11-17,0,0,9999
88633,110848,2025-08-13,0,0,9999
88635,110851,2022-10-14,0,0,9999
88636,110852,2025-03-23,0,0,9999
88639,110856,2023-11-21,0,0,9999
88646,110867,2023-03-30,0,0,9999
88655,110877,2024-04-23,0,0,9999
88658,110882,2025-02-06,0,0,9999
88668,110898,2025-08-06,0,0,9999
88679,110914,2020-08-01,0,0,9999
88688,110920,2024-11-17,0,0,9999
88689,110921,2023-11-06,0,0,9999
88691,110925,2023-10-01,0,0,9999
88694,110929,2025-10-23,0,0,9999
88709,110946,2025-06-14,0,0,9999
88710,110948,2025-06-18,0,0,9999
88719,110962,2025-04-09,0,0,9999
88734,110974,2025-08-05,0,0,9999
88744,110988,2024-11-29,0,0,9999
88751,110997,2024-06-26,0,0,9999
88754,111000,2025-10-01,0,0,9999
88764,111011,2024-06-22,0,0,9999
88767,111015,2023-08-20,0,0,9999
88776,111024,2023-11-02,0,0,9999
88777,111028,2023-01-17,0,0,9999
88778,111032,2024-11-06,0,0,9999
88786,111040,2024-01-02,0,0,9999
88789,111042,2025-01-24,0,0,9999
88799,111054,2020-08-29,0,0,9999
88800,111056,2026-01-01,0,0,9999
88825,111087,2025-06-14,0,0,9999
88844,111104,2025-11-02,0,0,9999
88857,111118,2025-12-22,0,0,9999
88871,111127,2025-08-24,0,0,9999
88874,111131,2026-01-28,0,0,9999
88881,111144,2025-02-04,0,0,9999
88894,111158,2021-03-24,0,0,9999
88896,111162,2026-01-17,0,0,9999
88897,111164,2025-10-19,0,0,9999
88918,111196,2024-10-21,0,1,873
88918,111197,2022-06-01,0,0,9999
88921,111201,2025-02-18,0,0,9999
88922,111202,2020-08-16,0,0,9999
88933,111213,2022-08-09,0,0,9999
88935,111218,2026-01-30,0,0,9999
88937,111220,2025-09-25,0,0,9999
88938,111221,2022-08-16,0,0,9999
88945,111231,2025-07-25,0,0,9999
88970,111256,2023-03-11,0,0,9999
88990,111282,2024-02-15,0,0,9999
88995,111289,2025-11-27,0,0,9999
88997,111294,2023-09-08,0,0,9999
88999,111297,2025-11-17,0,0,9999
89007,111303,2023-02-03,0,0,9999
89010,111305,2025-06-06,0,0,9999
89013,111309,2024-12-28,0,0,9999
89018,111315,2024-03-21,0,0,9999
89020,111317,2021-12-05,0,0,9999
89036,111341,2024-12-31,0,0,9999
89061,111377,2025-01-05,0,0,9999
89065,111380,2025-10-14,0,0,9999
89069,111389,2023-03-17,0,0,9999
89070,111391,2023-08-28,0,0,9999
89077,111401,2023-10-08,0,0,9999
89080,111405,2024-10-04,0,1,1075
89080,111406,2021-10-25,0,0,9999
89081,111408,2026-01-26,0,0,9999
89083,111410,2019-03-18,0,0,9999
89084,111411,2025-03-17,0,0,9999
89088,111416,2021-12-11,0,0,9999
89108,111447,2024-06-10,0,0,9999
89110,111448,2024-12-02,0,1,286
89110,111450,2024-02-20,0,0,9999
89135,111479,2025-03-03,0,0,9999
89139,111484,2025-04-01,0,0,9999
89150,111495,2020-01-06,0,0,9999
89197,111558,2019-03-15,0,0,9999
89205,111565,2021-06-13,0,0,9999
89220,111587,2026-01-14,0,0,9999
89231,111599,2019-12-17,0,0,9999
89236,111605,2025-08-13,0,0,9999
89237,111606,2021-09-21,0,0,9999
89237,111608,2023-03-02,0,1,527
89242,111613,2025-01-06,0,1,38
89242,111614,2024-11-29,0,0,9999
89245,111618,2022-12-08,0,0,9999
89252,111622,2025-12-18,0,0,9999
89258,111629,2023-12-21,0,0,9999
89260,111631,2024-12-01,0,0,9999
89270,111637,2024-06-17,0,0,9999
89271,111639,2025-01-26,0,0,9999
89272,111641,2025-11-27,0,0,9999
89282,111654,2024-12-10,0,0,9999
89304,111681,2025-12-19,1,0,9999
89304,111682,2025-12-26,0,1,7
89317,111697,2025-12-03,0,0,9999
89318,111698,2022-12-11,0,0,9999
89320,111700,2025-09-30,0,0,9999
89327,111705,2025-06-23,0,0,9999
89331,111710,2025-08-05,0,0,9999
89333,111712,2023-02-11,0,0,9999
89334,111715,2026-01-30,0,0,9999
89335,111716,2025-10-01,0,0,9999
89350,111734,2025-10-03,0,0,9999
89360,111749,2021-05-02,0,0,9999
89363,111755,2024-08-26,0,0,9999
89380,111771,2025-05-15,0,0,9999
89392,111783,2024-06-14,0,0,9999
89421,111811,2019-06-22,0,0,9999
89445,111836,2024-07-25,0,0,9999
89450,111844,2025-01-08,0,0,9999
89452,111847,2024-12-15,0,0,9999
89456,111850,2019-04-21,0,0,9999
89459,111853,2025-06-17,0,0,9999
89462,111856,2019-08-31,0,0,9999
89464,111859,2020-02-08,0,0,9999
89467,111862,2025-03-30,0,0,9999
89472,111871,2026-01-25,0,0,9999
89476,111877,2022-03-29,0,0,9999
89491,111890,2023-01-19,0,0,9999
89492,111891,2021-03-12,0,0,9999
89528,111936,2024-07-20,0,0,9999
89531,111941,2025-08-11,0,1,256
89531,111943,2024-11-28,0,0,9999
89533,111948,2024-12-10,0,0,9999
89538,111959,2024-10-30,0,0,9999
89541,111960,2025-08-20,0,0,9999
89543,111965,2022-08-31,0,0,9999
89550,111971,2026-01-04,0,0,9999
89554,111976,2023-08-23,0,0,9999
89559,111982,2023-02-16,0,0,9999
89561,111983,2020-11-02,0,0,9999
89581,112009,2026-01-10,0,0,9999
89589,112016,2023-01-01,0,0,9999
89594,112026,2025-10-06,0,0,9999
89595,112027,2025-11-28,0,0,9999
89600,112041,2026-01-28,0,0,9999
89605,112047,2024-09-24,0,0,9999
89621,112066,2023-03-22,0,0,9999
89645,112094,2021-09-25,0,0,9999
89645,112095,2023-04-10,0,1,562
89650,112104,2022-03-13,0,0,9999
89660,112115,2025-08-29,0,0,9999
89669,112125,2024-09-01,0,0,9999
89671,112131,2024-12-07,0,0,9999
89690,112162,2022-04-26,0,0,9999
89699,112172,2025-09-22,0,0,9999
89714,112192,2024-02-03,0,0,9999
89727,112209,2022-05-18,0,0,9999
89731,112213,2023-04-28,0,0,9999
89753,112242,2020-09-09,0,0,9999
89758,112247,2023-09-24,0,0,9999
89761,112251,2023-12-13,1,1,410
89761,112252,2023-12-24,0,2,11
89761,112253,2022-10-29,0,0,9999
89771,112265,2025-05-18,0,1,1770
89771,112266,2020-07-13,0,0,9999
89779,112278,2022-08-26,0,0,9999
89786,112289,2024-12-29,0,0,9999
89791,112294,2022-09-08,0,0,9999
89797,112302,2023-08-15,0,0,9999
89812,112319,2022-12-31,0,0,9999
89817,112325,2025-05-21,0,0,9999
89824,112335,2024-01-20,0,1,646
89824,112336,2022-04-14,0,0,9999
89833,112349,2020-01-08,0,0,9999
89836,112352,2024-10-28,0,0,9999
89848,112364,2022-10-21,0,0,9999
89854,112372,2026-01-31,0,0,9999
89855,112373,2024-09-11,0,0,9999
89873,112396,2019-02-10,0,0,9999
89876,112400,2025-06-05,0,0,9999
89887,112412,2024-05-29,0,0,9999
89888,112413,2025-12-14,0,0,9999
89891,112416,2025-11-18,0,0,9999
89892,112418,2021-06-01,0,0,9999
89909,112439,2024-04-06,0,0,9999
89909,112440,2024-07-11,0,1,96
89913,112448,2024-10-18,0,0,9999
89918,112452,2025-10-21,0,0,9999
89922,112459,2022-03-15,0,1,163
89922,112461,2021-10-03,0,0,9999
89931,112475,2024-07-10,0,0,9999
89932,112478,2022-09-14,0,0,9999
89958,112507,2022-07-07,0,0,9999
89964,112513,2026-01-27,0,0,9999
89972,112522,2025-06-19,0,0,9999
89977,112529,2025-10-17,0,0,9999
89983,112535,2025-07-02,0,0,9999
89993,112546,2024-07-29,0,0,9999
89993,112548,2026-01-13,0,1,533
89996,112554,2025-10-06,0,0,9999
90013,112578,2023-04-27,0,0,9999
90020,112586,2026-01-19,0,1,790
90020,112587,2023-11-21,0,0,9999
90022,112589,2024-11-29,0,0,9999
90025,112595,2020-04-08,0,0,9999
90027,112597,2025-09-24,0,1,313
90027,112598,2024-11-15,0,0,9999
90030,112600,2021-02-18,0,0,9999
90052,112627,2025-02-15,0,0,9999
90053,112628,2023-08-03,0,0,9999
90080,112654,2025-05-13,0,0,9999
90083,112657,2024-03-26,0,0,9999
90093,112670,2026-01-03,0,0,9999
90105,112684,2023-11-13,0,1,163
90105,112685,2023-06-03,0,0,9999
90108,112689,2023-09-10,0,0,9999
90128,112712,2025-11-15,0,0,9999
90153,112739,2022-04-25,0,0,9999
90159,112749,2025-11-08,0,0,9999
90160,112750,2026-01-23,0,0,9999
90173,112766,2023-08-04,0,0,9999
90174,112769,2025-05-12,0,0,9999
90175,112770,2025-11-09,0,0,9999
90176,112771,2023-11-15,0,0,9999
90179,112773,2024-10-26,0,0,9999
90182,112776,2022-02-01,0,0,9999
90183,112778,2024-10-07,0,0,9999
90183,112779,2025-01-03,0,1,88
90188,112788,2022-08-28,0,0,9999
90191,112793,2025-09-07,0,0,9999
90192,112794,2024-04-11,0,0,9999
90205,112809,2024-07-11,0,0,9999
90222,112833,2023-11-04,0,0,9999
90230,112837,2025-09-15,0,0,9999
90237,112849,2026-01-09,0,0,9999
90238,112850,2026-01-25,0,0,9999
90247,112861,2022-12-05,0,0,9999
90254,112868,2021-02-27,0,0,9999
90259,112873,2025-10-28,0,0,9999
90265,112877,2026-01-11,0,0,9999
90266,112879,2023-04-26,0,0,9999
90268,112880,2022-11-30,0,0,9999
90285,112905,2019-07-09,0,0,9999
90286,112906,2023-06-25,0,1,534
90286,112907,2022-01-07,0,0,9999
90295,112917,2024-04-14,0,0,9999
90309,112930,2025-09-15,0,0,9999
90328,112950,2026-01-09,0,0,9999
90329,112951,2022-01-13,0,0,9999
90344,112965,2024-03-05,0,0,9999
90367,112987,2026-01-29,0,0,9999
90385,113006,2020-12-03,0,0,9999
90387,113010,2026-01-22,0,0,9999
90398,113021,2025-02-15,0,0,9999
90401,113027,2024-08-20,0,0,9999
90406,113037,2025-11-20,0,0,9999
90417,113050,2025-06-05,0,0,9999
90417,113051,2025-11-11,0,1,159
90420,113055,2025-05-17,0,0,9999
90433,113076,2020-02-11,0,0,9999
90456,113101,2021-07-05,0,0,9999
90461,113109,2021-05-14,0,0,9999
90471,113125,2022-12-13,0,0,9999
90480,113136,2026-01-29,0,0,9999
90485,113144,2021-06-23,0,0,9999
90509,113174,2026-01-24,0,0,9999
90512,113178,2022-09-12,0,0,9999
90512,113180,2023-08-08,0,1,330
90526,113197,2024-01-06,0,0,9999
90528,113200,2025-11-10,0,0,9999
90530,113202,2022-01-13,0,0,9999
90542,113214,2021-02-01,0,0,9999
90545,113220,2025-07-20,0,0,9999
90546,113221,2024-12-20,0,0,9999
90546,113223,2026-01-05,0,1,381
90564,113244,2025-12-06,0,1,1959
90564,113246,2020-07-26,0,0,9999
90568,113253,2025-08-28,0,1,169
90568,113254,2025-03-12,0,0,9999
90569,113255,2024-02-05,0,0,9999
90569,113258,2025-07-07,0,1,518
90572,113264,2024-11-03,0,0,9999
90588,113282,2020-12-17,0,0,9999
90600,113297,2021-09-24,0,0,9999
90639,113344,2025-07-01,0,0,9999
90640,113346,2025-11-17,0,0,9999
90644,113350,2022-12-25,0,0,9999
90656,113368,2023-05-15,0,0,9999
90673,113390,2022-06-10,0,0,9999
90676,113393,2025-12-06,0,0,9999
90692,113410,2026-01-30,0,0,9999
90721,113446,2021-05-08,0,0,9999
90730,113458,2024-09-11,0,0,9999
90745,113475,2026-01-29,0,0,9999
90757,113489,2022-11-16,0,0,9999
90763,113498,2026-01-14,0,0,9999
90771,113505,2023-02-10,0,0,9999
90773,113508,2026-01-29,0,0,9999
90778,113518,2021-08-21,0,0,9999
90779,113522,2025-12-14,0,0,9999
90782,113524,2023-09-19,0,0,9999
90791,113533,2022-09-04,0,0,9999
90797,113541,2022-01-05,0,0,9999
90798,113543,2025-01-12,0,0,9999
90803,113550,2023-07-22,0,0,9999
90815,113565,2025-06-24,0,0,9999
90815,113566,2025-09-28,0,1,96
90818,113572,2024-09-30,0,0,9999
90820,113576,2021-02-18,0,0,9999
90828,113586,2024-04-08,0,0,9999
90841,113598,2025-03-03,0,0,9999
90842,113599,2025-11-05,0,0,9999
90845,113602,2023-03-23,0,0,9999
90850,113613,2023-07-17,0,0,9999
90855,113620,2022-05-29,0,0,9999
90857,113621,2025-01-10,0,1,211
90857,113622,2024-06-13,0,0,9999
90860,113624,2024-11-21,0,0,9999
90864,113632,2025-12-15,0,0,9999
90877,113649,2025-03-19,0,0,9999
90886,113662,2025-11-21,0,0,9999
90889,113665,2024-10-09,0,0,9999
90891,113667,2025-11-28,0,0,9999
90900,113679,2023-02-25,0,0,9999
90900,113680,2024-01-30,0,1,339
90906,113685,2024-10-22,0,0,9999
90907,113686,2025-08-04,0,0,9999
90924,113704,2022-07-09,0,0,9999
90924,113705,2022-08-25,0,1,47
90942,113720,2020-09-28,0,0,9999
90945,113723,2025-05-24,0,0,9999
90948,113728,2025-03-26,0,0,9999
90966,113745,2026-01-28,0,0,9999
90977,113763,2022-02-03,0,0,9999
90978,113764,2025-07-26,0,0,9999
90986,113774,2022-07-02,0,0,9999
90990,113779,2025-02-18,0,0,9999
90998,113787,2025-12-30,0,0,9999
91004,113794,2025-03-05,0,0,9999
91008,113799,2025-12-09,0,0,9999
91012,113803,2024-08-14,0,0,9999
91016,113806,2026-01-25,0,0,9999
91019,113808,2026-01-27,0,0,9999
91034,113821,2021-11-13,0,0,9999
91043,113831,2021-04-06,0,0,9999
91051,113838,2025-09-21,0,0,9999
91052,113840,2024-02-11,0,0,9999
91054,113845,2019-04-07,0,0,9999
91059,113851,2026-01-26,0,0,9999
91064,113858,2024-04-29,0,0,9999
91082,113883,2021-05-01,0,0,9999
91086,113888,2025-10-04,0,0,9999
91098,113898,2025-07-26,0,0,9999
91101,113901,2023-02-27,0,0,9999
91101,113904,2025-12-13,0,1,1020
91112,113919,2024-02-03,0,0,9999
91124,113935,2024-09-26,0,0,9999
91131,113942,2025-12-03,0,0,9999
91151,113964,2025-06-12,0,0,9999
91175,113990,2025-05-22,0,0,9999
91175,113991,2025-11-26,0,1,188
91193,114009,2024-09-28,0,0,9999
91194,114013,2025-09-03,0,0,9999
91196,114015,2024-02-29,0,0,9999
91201,114017,2026-01-06,0,0,9999
91221,114036,2025-01-29,0,0,9999
91224,114039,2024-09-29,0,0,9999
91234,114050,2025-02-28,0,0,9999
91249,114076,2021-08-06,0,0,9999
91254,114079,2023-02-22,0,0,9999
91261,114085,2025-10-02,0,0,9999
91265,114089,2025-11-13,0,1,1011
91265,114091,2023-02-06,0,0,9999
91269,114094,2023-03-03,0,0,9999
91281,114116,2022-07-21,0,0,9999
91281,114117,2024-12-30,0,1,893
91303,114144,2022-02-04,0,0,9999
91308,114154,2026-01-07,1,0,9999
91308,114156,2026-01-20,0,1,13
91316,114166,2021-11-13,0,0,9999
91318,114170,2026-01-09,0,0,9999
91327,114177,2021-03-04,0,0,9999
91330,114180,2025-02-27,0,0,9999
91332,114183,2026-01-20,0,0,9999
91336,114188,2022-04-21,0,0,9999
91357,114223,2025-07-14,0,0,9999
91369,114237,2025-06-02,0,0,9999
91369,114238,2025-09-24,0,1,114
91373,114243,2025-09-14,0,0,9999
91380,114250,2026-01-26,0,1,65
91380,114251,2025-11-22,0,0,9999
91387,114259,2021-12-16,0,0,9999
91395,114265,2025-01-05,0,1,64
91395,114267,2024-11-02,0,0,9999
91400,114271,2022-11-19,0,0,9999
91404,114277,2020-11-12,0,0,9999
91410,114288,2024-10-10,0,0,9999
91417,114298,2024-06-30,0,0,9999
91419,114299,2020-10-11,0,0,9999
91425,114309,2024-11-28,0,0,9999
91438,114320,2021-03-03,0,0,9999
91439,114321,2025-01-17,0,0,9999
91461,114353,2024-09-17,0,0,9999
91469,114367,2026-01-30,0,0,9999
91472,114371,2025-03-16,0,0,9999
91473,114372,2025-11-23,0,1,55
91473,114373,2025-09-29,0,0,9999
91475,114374,2025-11-13,0,0,9999
91477,114376,2022-11-19,0,0,9999
91477,114377,2025-02-22,0,1,826
91485,114392,2025-08-23,0,0,9999
91488,114395,2024-10-17,0,0,9999
91498,114404,2021-07-26,0,0,9999
91499,114406,2024-06-25,0,0,9999
91505,114414,2021-10-23,0,0,9999
91519,114434,2026-01-18,0,1,4
91519,114436,2026-01-14,1,0,9999
91526,114445,2021-11-18,0,0,9999
91528,114448,2025-06-21,0,0,9999
91533,114452,2025-02-27,0,0,9999
91537,114456,2026-01-26,0,0,9999
91540,114460,2025-06-12,0,0,9999
91542,114462,2026-01-11,0,0,9999
91555,114480,2023-01-08,0,0,9999
91558,114482,2022-12-19,0,0,9999
91564,114489,2025-07-15,0,0,9999
91578,114506,2025-06-04,0,0,9999
91583,114513,2024-06-14,0,0,9999
91605,114536,2024-08-21,0,0,9999
91615,114545,2025-12-12,0,0,9999
91623,114557,2025-09-01,0,0,9999
91629,114567,2025-08-14,0,0,9999
91639,114581,2022-07-14,0,0,9999
91640,114582,2025-05-31,0,0,9999
91641,114583,2024-08-31,0,0,9999
91649,114590,2024-06-21,0,0,9999
91660,114604,2026-01-11,0,0,9999
91662,114606,2025-06-27,0,0,9999
91673,114619,2021-09-23,0,0,9999
91675,114622,2025-05-01,0,0,9999
91678,114626,2025-12-19,0,0,9999
91682,114628,2026-01-09,0,0,9999
91689,114633,2024-08-19,0,0,9999
91700,114645,2025-07-04,0,0,9999
91707,114652,2026-01-13,0,0,9999
91711,114655,2024-08-09,0,0,9999
91716,114659,2024-02-07,0,0,9999
91722,114671,2025-04-30,0,0,9999
91724,114674,2025-07-28,0,0,9999
91733,114687,2026-01-28,0,0,9999
91734,114689,2025-06-18,0,0,9999
91739,114692,2024-01-22,0,0,9999
91764,114716,2025-11-29,0,0,9999
91770,114724,2025-04-04,0,0,9999
91770,114725,2025-10-14,0,1,193
91773,114727,2021-10-23,0,0,9999
91779,114733,2023-08-10,0,0,9999
91790,114745,2025-03-19,0,0,9999
91790,114746,2025-09-01,0,1,166
91793,114752,2021-07-11,0,0,9999
91795,114754,2025-05-30,0,0,9999
91821,114799,2025-07-16,0,0,9999
91822,114800,2023-08-06,0,0,9999
91830,114813,2025-09-10,0,0,9999
91835,114820,2026-01-21,0,0,9999
91838,114821,2025-07-25,0,0,9999
91844,114828,2025-06-18,0,1,83
91844,114831,2025-03-27,0,0,9999
91848,114836,2022-04-20,0,0,9999
91852,114841,2026-01-12,0,0,9999
91876,114867,2025-11-04,1,0,9999
91876,114869,2025-11-10,0,1,6
91883,114879,2021-10-14,0,0,9999
91884,114880,2025-02-25,0,0,9999
91888,114886,2024-12-04,0,0,9999
91903,114911,2024-04-01,0,0,9999
91907,114915,2024-12-29,0,0,9999
91913,114922,2025-07-26,0,0,9999
91915,114926,2025-09-29,0,0,9999
91922,114938,2023-04-28,0,0,9999
91923,114940,2025-11-14,0,0,9999
91927,114944,2023-06-08,0,0,9999
91941,114963,2024-07-25,0,0,9999
91948,114973,2023-12-04,0,0,9999
91951,114978,2024-02-24,0,0,9999
91952,114979,2023-12-17,0,0,9999
91952,114980,2025-07-06,0,1,567
91955,114982,2023-09-12,0,0,9999
91963,114989,2025-06-24,0,0,9999
91973,114998,2024-11-08,1,0,9999
91973,114999,2024-11-22,0,1,14
91978,115008,2024-08-21,0,1,130
91978,115009,2024-04-13,0,0,9999
91979,115011,2024-05-12,0,0,9999
91983,115015,2025-08-21,0,0,9999
91992,115025,2025-04-05,0,0,9999
92012,115039,2025-02-20,0,0,9999
92013,115041,2024-09-04,0,0,9999
92019,115047,2025-03-05,0,0,9999
92054,115084,2024-06-08,0,0,9999
92063,115091,2022-06-15,0,0,9999
92069,115099,2023-11-11,0,0,9999
92070,115100,2025-08-02,0,0,9999
92073,115105,2024-08-18,0,0,9999
92084,115113,2025-09-10,0,0,9999
92097,115128,2023-04-19,0,1,122
92097,115130,2022-12-18,0,0,9999
92098,115131,2025-04-09,0,0,9999
92100,115137,2025-12-27,0,0,9999
92103,115141,2023-12-21,0,1,830
92103,115142,2021-09-12,0,0,9999
92108,115151,2025-12-12,0,0,9999
92129,115179,2023-06-20,0,0,9999
92136,115185,2022-06-30,0,0,9999
92148,115198,2026-01-09,0,0,9999
92160,115210,2025-12-22,0,0,9999
92174,115226,2023-06-17,0,0,9999
92184,115240,2025-12-27,1,0,9999
92184,115241,2025-12-30,0,1,3
92187,115243,2021-03-01,0,0,9999
92194,115253,2024-06-03,0,0,9999
92206,115271,2022-05-08,0,0,9999
92208,115273,2025-04-17,0,0,9999
92214,115282,2025-03-17,0,0,9999
92217,115288,2024-03-03,0,0,9999
92227,115297,2025-11-30,0,0,9999
92237,115310,2024-10-14,0,0,9999
92246,115320,2021-08-14,0,0,9999
92255,115335,2023-10-09,0,0,9999
92257,115336,2026-01-02,0,0,9999
92272,115351,2026-01-17,0,0,9999
92282,115360,2024-06-06,0,0,9999
92282,115361,2025-07-18,0,1,407
92284,115363,2025-08-29,0,0,9999
92287,115366,2020-12-08,0,0,9999
92289,115370,2022-12-12,0,0,9999
92290,115374,2024-09-28,0,0,9999
92291,115377,2024-09-23,0,0,9999
92292,115378,2025-09-06,0,0,9999
92294,115382,2024-05-16,0,0,9999
92308,115403,2023-02-08,0,0,9999
92314,115409,2025-01-15,0,0,9999
92337,115438,2026-01-16,0,0,9999
92340,115441,2025-04-16,0,0,9999
92345,115450,2025-04-26,0,0,9999
92363,115476,2024-07-22,0,0,9999
92377,115498,2022-09-04,0,0,9999
92382,115508,2023-12-14,0,0,9999
92386,115514,2025-09-08,0,1,796
92386,115515,2023-07-05,0,0,9999
92390,115521,2025-08-19,0,0,9999
92404,115537,2024-06-11,0,0,9999
92406,115540,2025-04-29,0,0,9999
92414,115544,2024-06-10,0,0,9999
92414,115545,2025-09-08,0,1,455
92442,115571,2024-05-02,0,0,9999
92451,115580,2025-06-15,0,0,9999
92452,115582,2025-01-28,0,0,9999
92472,115602,2024-11-28,0,0,9999
92477,115611,2025-09-23,0,0,9999
92481,115615,2023-02-28,0,0,9999
92481,115618,2024-01-25,0,1,331
92496,115634,2025-12-11,0,0,9999
92500,115640,2023-08-12,0,0,9999
92510,115655,2025-10-13,0,0,9999
92519,115669,2026-01-29,0,1,3
92519,115670,2026-01-26,1,0,9999
92532,115685,2019-05-28,0,0,9999
92534,115688,2024-12-06,0,0,9999
92536,115690,2024-09-01,0,0,9999
92538,115695,2023-02-20,0,0,9999
92538,115696,2025-05-25,0,1,825
92539,115698,2024-05-09,0,0,9999
92540,115699,2024-07-31,0,0,9999
92544,115705,2023-05-11,0,0,9999
92557,115716,2024-08-31,0,0,9999
92568,115725,2025-06-28,0,0,9999
92570,115727,2025-12-31,0,0,9999
92586,115746,2024-11-06,0,0,9999
92592,115749,2024-09-08,0,0,9999
92597,115753,2021-01-11,0,0,9999
92600,115755,2025-09-16,0,0,9999
92608,115767,2022-12-08,0,0,9999
92611,115772,2025-12-16,0,0,9999
92616,115781,2024-01-14,0,0,9999
92642,115813,2023-01-15,0,0,9999
92646,115818,2022-04-26,0,0,9999
92647,115819,2026-01-12,0,0,9999
92656,115828,2021-09-01,0,0,9999
92672,115850,2025-02-03,0,0,9999
92675,115853,2025-09-14,0,0,9999
92697,115879,2025-02-03,0,0,9999
92706,115891,2025-05-11,0,0,9999
92707,115892,2022-03-28,0,0,9999
92720,115913,2024-01-20,0,0,9999
92728,115920,2025-12-08,0,0,9999
92729,115921,2021-06-23,0,0,9999
92730,115924,2023-10-30,0,0,9999
92736,115931,2024-12-31,0,0,9999
92755,115949,2024-04-19,0,0,9999
92755,115950,2025-01-31,0,1,287
92758,115953,2025-11-04,0,0,9999
92762,115959,2025-03-16,0,0,9999
92769,115966,2024-12-21,0,0,9999
92783,115975,2024-11-09,0,0,9999
92789,115982,2025-01-14,0,0,9999
92793,115987,2026-01-30,0,0,9999
92793,115988,2026-01-30,0,0,9999
92797,115995,2021-07-19,0,0,9999
92799,115996,2022-03-15,0,0,9999
92819,116030,2025-02-20,0,0,9999
92835,116049,2023-01-27,0,0,9999
92837,116051,2026-01-27,0,0,9999
92839,116057,2025-04-27,0,0,9999
92841,116060,2024-08-15,0,0,9999
92852,116073,2025-12-02,0,0,9999
92853,116074,2025-10-03,0,0,9999
92859,116087,2024-10-28,0,0,9999
92865,116101,2023-09-25,0,0,9999
92865,116102,2023-11-24,0,1,60
92891,116129,2025-01-25,0,0,9999
92899,116136,2024-02-17,0,0,9999
92919,116157,2025-05-05,0,0,9999
92931,116171,2023-09-12,0,0,9999
92937,116177,2025-07-14,0,0,9999
92956,116192,2024-07-15,0,0,9999
92964,116201,2025-07-02,0,0,9999
92968,116205,2025-07-02,0,0,9999
92982,116217,2023-12-30,0,0,9999
93001,116238,2021-06-23,0,0,9999
93007,116243,2025-11-01,0,0,9999
93011,116249,2025-07-25,0,0,9999
93015,116255,2026-01-24,0,1,275
93015,116256,2025-04-24,0,0,9999
93032,116272,2023-05-29,0,0,9999
93033,116273,2023-09-06,0,0,9999
93034,116276,2023-08-24,0,0,9999
93036,116280,2026-01-13,0,0,9999
93040,116283,2024-05-03,0,0,9999
93063,116318,2025-09-24,0,0,9999
93066,116322,2025-09-05,0,0,9999
93067,116323,2025-01-10,0,0,9999
93068,116326,2026-01-17,0,0,9999
93084,116349,2025-11-09,0,0,9999
93087,116357,2025-01-26,0,0,9999
93088,116358,2023-03-16,0,0,9999
93096,116368,2025-09-08,0,0,9999
93107,116379,2020-02-12,0,0,9999
93114,116386,2022-04-16,0,0,9999
93117,116388,2024-01-18,0,0,9999
93130,116403,2024-03-19,0,0,9999
93152,116428,2025-12-03,0,0,9999
93155,116432,2025-09-07,0,1,454
93155,116433,2024-06-10,0,0,9999
93159,116438,2025-07-04,0,0,9999
93163,116448,2024-10-10,0,0,9999
93167,116454,2022-04-16,0,0,9999
93175,116465,2025-07-05,0,0,9999
93194,116482,2025-08-17,0,0,9999
93195,116484,2025-04-13,0,0,9999
93196,116489,2026-01-30,0,0,9999
93198,116491,2023-08-26,0,0,9999
93203,116495,2024-08-15,0,0,9999
93207,116500,2022-12-24,0,0,9999
93208,116501,2026-01-27,0,0,9999
93209,116502,2026-01-11,0,0,9999
93214,116505,2026-01-30,0,0,9999
93219,116511,2026-01-28,0,0,9999
93226,116518,2024-07-22,0,0,9999
93253,116551,2021-09-12,0,0,9999
93271,116584,2025-01-30,0,0,9999
93273,116588,2025-06-17,0,0,9999
93277,116592,2021-05-17,0,0,9999
93301,116625,2020-02-17,0,0,9999
93304,116629,2025-08-04,0,0,9999
93325,116651,2024-11-28,0,1,1528
93325,116652,2020-09-22,0,0,9999
93338,116662,2023-07-26,0,0,9999
93356,116685,2020-02-26,0,0,9999
93357,116690,2020-09-13,0,0,9999
93362,116697,2024-10-09,0,1,168
93362,116698,2024-04-24,0,0,9999
93363,116700,2022-09-11,0,0,9999
93368,116704,2022-02-22,0,0,9999
93368,116705,2023-02-21,0,2,43
93368,116706,2023-01-09,0,1,321
93368,116707,2024-12-21,0,3,669
93369,116708,2025-04-18,0,0,9999
93383,116725,2022-05-31,0,0,9999
93387,116728,2026-01-30,0,0,9999
93391,116733,2024-11-13,0,0,9999
93395,116737,2025-10-07,0,0,9999
93398,116742,2021-07-05,0,1,338
93398,116744,2020-08-01,0,0,9999
93399,116746,2023-02-28,0,0,9999
93414,116766,2024-10-14,0,0,9999
93416,116768,2023-11-11,0,0,9999
93419,116773,2022-05-22,0,0,9999
93420,116775,2024-04-18,0,0,9999
93429,116785,2022-01-04,0,0,9999
93443,116800,2025-11-20,0,0,9999
93446,116802,2021-10-25,0,0,9999
93452,116808,2024-12-07,0,0,9999
93459,116816,2023-04-27,0,0,9999
93468,116822,2025-10-02,0,0,9999
93476,116831,2020-11-24,0,0,9999
93482,116836,2024-09-30,0,0,9999
93495,116850,2025-08-13,0,0,9999
93499,116855,2024-01-15,0,0,9999
93509,116865,2025-01-09,0,0,9999
93512,116867,2024-08-12,0,0,9999
93513,116868,2024-05-29,0,0,9999
93521,116883,2023-07-07,0,0,9999
93540,116912,2020-01-29,0,0,9999
93544,116918,2025-12-12,0,0,9999
93548,116923,2025-11-10,0,0,9999
93555,116933,2025-10-14,0,0,9999
93560,116942,2025-10-07,0,0,9999
93561,116943,2022-03-26,0,0,9999
93561,116944,2024-12-27,0,1,1007
93564,116948,2025-12-08,0,0,9999
93565,116950,2025-01-28,0,0,9999
93568,116954,2025-10-31,0,0,9999
93579,116971,2025-01-21,0,0,9999
93592,116979,2025-06-07,0,0,9999
93593,116983,2022-06-21,0,0,9999
93594,116984,2025-01-14,0,0,9999
93600,116996,2023-12-04,0,0,9999
93600,116997,2024-05-16,0,1,164
93611,117005,2024-07-23,0,0,9999
93615,117009,2024-12-31,0,0,9999
93633,117035,2023-09-16,0,0,9999
93645,117053,2026-01-30,0,0,9999
93654,117068,2025-12-17,0,0,9999
93656,117071,2021-11-15,0,0,9999
93662,117082,2025-10-27,0,1,80
93662,117084,2025-08-08,0,0,9999
93666,117089,2024-12-05,0,0,9999
93685,117107,2025-12-13,0,0,9999
93687,117108,2025-03-07,0,0,9999
93690,117110,2019-10-05,0,0,9999
93691,117111,2025-06-05,0,0,9999
93698,117119,2024-05-03,0,0,9999
93703,117127,2024-12-12,0,0,9999
93712,117140,2024-10-23,0,0,9999
93720,117156,2022-02-12,0,0,9999
93726,117162,2021-08-10,0,0,9999
93731,117166,2025-08-12,0,0,9999
93734,117171,2026-01-17,0,0,9999
93754,117203,2025-05-26,0,0,9999
93760,117210,2025-06-01,0,0,9999
93777,117236,2021-08-29,0,0,9999
93786,117244,2022-08-31,0,0,9999
93786,117245,2024-05-04,0,1,612
93787,117246,2025-01-18,0,0,9999
93791,117249,2025-10-08,0,0,9999
93794,117253,2026-01-29,0,0,9999
93810,117269,2023-07-10,0,0,9999
93821,117282,2025-01-29,0,0,9999
93831,117293,2025-01-04,0,0,9999
93841,117310,2025-12-23,0,0,9999
93856,117327,2025-12-25,0,0,9999
93857,117328,2026-01-09,0,0,9999
93863,117337,2026-01-25,0,0,9999
93864,117341,2023-09-27,0,0,9999
93865,117342,2024-02-06,0,0,9999
93876,117356,2021-09-08,0,0,9999
93883,117365,2023-09-27,0,0,9999
93910,117392,2026-01-30,0,0,9999
93919,117400,2025-04-18,0,0,9999
93927,117408,2025-07-19,0,0,9999
93928,117411,2025-01-21,0,0,9999
93932,117414,2023-12-23,0,1,526
93932,117417,2022-07-15,0,0,9999
93935,117420,2026-01-30,0,0,9999
93953,117449,2025-12-26,0,0,9999
93955,117452,2025-05-21,0,0,9999
93959,117458,2025-04-09,0,0,9999
93967,117468,2024-06-29,0,0,9999
93973,117476,2025-06-09,0,0,9999
93977,117479,2020-08-09,0,0,9999
93980,117480,2025-06-06,0,0,9999
93989,117494,2026-01-29,1,1,2
93989,117496,2026-01-30,0,2,1
93989,117497,2026-01-27,1,0,9999
93991,117501,2025-06-15,0,0,9999
94000,117511,2025-11-10,0,0,9999
94002,117512,2026-01-20,0,0,9999
94008,117518,2024-01-11,0,0,9999
94016,117527,2025-06-01,0,0,9999
94024,117535,2023-02-19,0,0,9999
94044,117562,2023-11-14,0,0,9999
94048,117569,2025-10-29,1,0,9999
94048,117571,2025-11-21,0,1,23
94058,117587,2025-05-06,0,0,9999
94061,117590,2023-01-17,0,0,9999
94064,117595,2023-06-30,0,0,9999
94067,117600,2021-12-04,0,0,9999
94074,117606,2025-09-07,0,0,9999
94078,117611,2021-10-03,0,0,9999
94079,117612,2026-01-08,0,0,9999
94082,117615,2025-04-04,0,0,9999
94086,117622,2024-07-12,0,0,9999
94097,117632,2024-04-01,0,0,9999
94117,117661,2024-07-10,0,0,9999
94119,117663,2023-03-27,0,1,869
94119,117664,2020-11-08,0,0,9999
94145,117691,2025-04-05,0,0,9999
94151,117699,2025-12-05,0,0,9999
94157,117708,2025-11-21,0,0,9999
94158,117709,2025-08-07,0,0,9999
94170,117723,2025-12-03,0,0,9999
94182,117733,2024-11-30,0,0,9999
94186,117739,2026-01-28,0,0,9999
94195,117751,2025-02-03,0,0,9999
94201,117758,2022-01-25,0,0,9999
94207,117765,2021-05-23,0,0,9999
94241,117805,2025-08-20,0,0,9999
94246,117809,2024-09-17,0,0,9999
94259,117827,2025-04-05,0,0,9999
94262,117832,2023-04-08,0,0,9999
94264,117834,2025-12-22,0,0,9999
94274,117848,2025-05-25,0,0,9999
94279,117854,2024-04-04,0,0,9999
94289,117862,2021-03-17,0,0,9999
94290,117864,2023-04-07,0,0,9999
94297,117872,2025-08-11,0,0,9999
94300,117876,2023-12-20,0,0,9999
94329,117902,2025-04-06,0,1,419
94329,117903,2024-02-12,0,0,9999
94348,117932,2026-01-15,0,0,9999
94359,117948,2024-04-14,0,0,9999
94370,117965,2024-03-23,0,0,9999
94371,117966,2024-09-22,0,0,9999
94377,117970,2021-12-25,0,0,9999
94382,117976,2025-06-11,0,0,9999
94388,117982,2024-09-16,0,0,9999
94390,117986,2025-03-27,0,0,9999
94396,117989,2024-04-12,0,0,9999
94397,117990,2025-03-16,0,0,9999
94412,118007,2022-04-23,0,0,9999
94414,118010,2025-06-26,0,0,9999
94426,118024,2023-01-17,0,0,9999
94427,118026,2026-01-26,0,0,9999
94434,118032,2023-08-16,0,0,9999
94434,118033,2024-08-07,0,1,357
94435,118034,2025-10-22,0,0,9999
94437,118036,2026-01-29,0,0,9999
94455,118056,2024-12-25,0,0,9999
94465,118068,2025-08-04,0,0,9999
94467,118070,2024-01-28,0,0,9999
94480,118084,2023-06-22,0,0,9999
94496,118105,2023-12-12,0,0,9999
94510,118123,2026-01-29,0,0,9999
94530,118146,2025-05-15,0,0,9999
94530,118147,2025-08-05,0,1,82
94531,118148,2021-05-06,0,0,9999
94533,118151,2025-02-16,0,0,9999
94535,118153,2023-04-18,0,0,9999
94535,118154,2024-02-15,0,1,303
94548,118174,2025-05-03,0,0,9999
94559,118183,2024-04-18,0,0,9999
94570,118191,2026-01-02,0,0,9999
94576,118204,2022-05-03,0,0,9999
94615,118252,2025-02-01,0,1,1925
94615,118253,2019-10-26,0,0,9999
94618,118258,2025-09-21,0,0,9999
94621,118264,2024-05-23,0,0,9999
94625,118269,2020-07-25,0,0,9999
94628,118276,2025-06-28,0,0,9999
94629,118277,2025-05-15,0,0,9999
94630,118278,2025-11-18,0,1,118
94630,118280,2025-07-23,0,0,9999
94641,118294,2022-02-19,0,0,9999
94645,118297,2026-01-21,0,0,9999
94666,118316,2024-07-06,0,0,9999
94677,118326,2024-03-31,0,0,9999
94684,118334,2025-04-04,0,0,9999
94690,118341,2024-02-20,0,1,1038
94690,118342,2021-04-18,0,0,9999
94703,118361,2026-01-29,0,0,9999
94715,118377,2023-12-28,0,0,9999
94718,118384,2024-03-27,0,0,9999
94720,118386,2024-07-12,0,0,9999
94745,118412,2024-03-08,0,0,9999
94748,118415,2021-11-10,0,0,9999
94749,118416,2025-11-17,0,0,9999
94763,118432,2024-03-05,0,0,9999
94764,118436,2022-01-04,0,0,9999
94766,118439,2024-12-29,0,0,9999
94770,118443,2023-07-04,0,0,9999
94780,118453,2019-09-22,0,0,9999
94787,118461,2020-04-13,0,0,9999
94792,118469,2022-07-19,0,0,9999
94794,118471,2020-04-28,0,0,9999
94803,118485,2025-07-04,0,0,9999
94812,118498,2024-09-03,0,0,9999
94812,118499,2025-02-17,0,1,167
94822,118509,2026-01-06,0,0,9999
94826,118513,2025-10-18,0,0,9999
94831,118522,2025-01-12,0,0,9999
94842,118538,2025-07-29,0,0,9999
94843,118540,2022-01-25,0,0,9999
94849,118546,2025-03-07,0,0,9999
94857,118556,2020-01-21,0,0,9999
94857,118558,2021-07-20,0,1,546
94860,118562,2025-03-31,0,0,9999
94862,118564,2021-10-21,0,0,9999
94869,118572,2022-10-01,0,0,9999
94876,118580,2024-07-09,0,0,9999
94878,118584,2024-07-23,0,0,9999
94888,118601,2025-12-06,0,0,9999
94890,118603,2023-12-13,0,0,9999
94893,118606,2025-02-23,0,0,9999
94917,118633,2023-06-10,0,0,9999
94935,118649,2022-06-05,0,0,9999
94942,118659,2025-04-08,0,0,9999
94945,118661,2023-09-03,0,0,9999
94947,118665,2024-06-25,0,0,9999
94955,118679,2025-11-11,0,0,9999
94956,118680,2023-08-09,0,0,9999
94957,118682,2024-06-30,0,0,9999
94961,118686,2023-10-23,0,0,9999
94964,118690,2023-11-18,0,0,9999
94964,118691,2024-06-11,0,1,206
94967,118695,2025-05-31,0,0,9999
94972,118699,2025-06-23,0,0,9999
94973,118700,2021-09-25,0,0,9999
94995,118726,2025-01-26,0,0,9999
95002,118736,2025-11-06,0,0,9999
95027,118766,2025-04-27,0,0,9999
95038,118793,2023-02-26,0,0,9999
95051,118812,2025-08-13,0,0,9999
95051,118814,2025-11-19,0,1,98
95058,118818,2022-08-12,0,0,9999
95058,118819,2025-08-09,0,2,637
95058,118820,2023-11-11,0,1,456
95061,118825,2024-08-20,0,0,9999
95067,118830,2025-11-28,0,0,9999
95075,118833,2024-04-11,0,0,9999
95075,118834,2025-10-22,0,1,559
95079,118841,2025-04-17,0,0,9999
95085,118850,2024-05-04,0,0,9999
95092,118855,2026-01-28,0,0,9999
95100,118862,2022-12-21,0,0,9999
95115,118878,2023-07-11,0,0,9999
95119,118883,2025-10-01,0,0,9999
95120,118884,2025-12-30,0,0,9999
95125,118889,2024-04-05,0,0,9999
95128,118895,2022-05-20,0,0,9999
95135,118900,2024-04-20,0,0,9999
95136,118901,2022-12-25,0,0,9999
95141,118912,2025-04-18,0,0,9999
95143,118917,2023-10-15,0,0,9999
95143,118920,2024-11-09,0,1,391
95148,118927,2025-11-24,0,0,9999
95158,118943,2022-05-02,0,1,566
95158,118944,2020-10-13,0,0,9999
95185,118977,2025-02-10,0,0,9999
95193,118993,2021-09-04,0,0,9999
95196,118995,2024-06-30,0,0,9999
95202,119003,2026-01-18,0,0,9999
95229,119033,2022-09-17,0,0,9999
95233,119034,2025-09-14,0,0,9999
95239,119041,2022-11-07,0,0,9999
95272,119078,2024-10-28,0,0,9999
95276,119086,2026-01-30,0,0,9999
95279,119090,2024-07-04,0,0,9999
95280,119091,2022-05-29,0,0,9999
95290,119098,2024-11-18,0,0,9999
95307,119122,2025-12-20,0,0,9999
95316,119132,2024-07-31,0,0,9999
95319,119136,2025-05-08,0,0,9999
95332,119158,2022-10-22,0,0,9999
95333,119159,2022-07-13,0,0,9999
95344,119175,2024-12-02,0,0,9999
95389,119222,2025-01-14,0,0,9999
95394,119233,2025-08-23,0,0,9999
95395,119234,2025-01-31,0,0,9999
95399,119236,2025-10-03,0,0,9999
95405,119247,2025-06-05,0,0,9999
95406,119248,2022-11-23,0,0,9999
95406,119249,2024-11-26,0,1,734
95410,119254,2025-11-17,0,0,9999
95412,119256,2026-01-07,0,0,9999
95423,119269,2024-07-04,0,0,9999
95434,119282,2026-01-30,0,0,9999
95442,119288,2021-01-22,0,0,9999
95446,119294,2024-04-10,0,0,9999
95447,119296,2023-04-04,0,0,9999
95455,119305,2022-07-14,0,0,9999
95464,119314,2025-12-22,0,0,9999
95473,119328,2026-01-30,0,0,9999
95475,119332,2026-01-09,0,0,9999
95478,119338,2025-08-13,0,0,9999
95482,119342,2022-07-01,0,0,9999
95484,119345,2024-02-18,0,0,9999
95484,119348,2024-04-07,0,1,49
95511,119374,2022-09-14,0,0,9999
95522,119383,2024-03-31,0,0,9999
95544,119412,2025-11-24,0,0,9999
95546,119414,2023-08-31,0,0,9999
95550,119418,2024-06-06,0,0,9999
95560,119435,2025-06-26,0,0,9999
95563,119440,2025-09-07,0,0,9999
95565,119443,2023-10-11,0,0,9999
95574,119458,2025-11-29,0,0,9999
95595,119483,2025-05-08,0,0,9999
95599,119488,2025-07-09,0,0,9999
95613,119500,2025-12-24,0,0,9999
95642,119536,2025-12-05,0,0,9999
95644,119538,2020-10-19,0,0,9999
95651,119545,2025-11-16,0,0,9999
95661,119557,2025-03-21,0,0,9999
95664,119561,2024-02-28,0,0,9999
95665,119563,2025-09-13,0,0,9999
95672,119571,2023-06-07,0,0,9999
95676,119575,2025-12-27,0,0,9999
95677,119576,2026-01-05,0,0,9999
95678,119579,2022-08-22,0,0,9999
95678,119580,2023-09-01,0,1,375
95688,119590,2025-01-14,0,1,335
95688,119591,2024-02-14,0,0,9999
95696,119602,2025-07-18,0,0,9999
95699,119606,2025-09-19,0,0,9999
95714,119623,2025-03-19,0,0,9999
95721,119628,2025-07-20,0,0,9999
95722,119629,2024-08-22,0,0,9999
95724,119632,2024-01-08,0,0,9999
95730,119637,2020-11-05,0,0,9999
95740,119650,2024-05-26,0,0,9999
95741,119652,2024-07-24,0,0,9999
95741,119653,2025-03-01,0,1,220
95742,119654,2023-04-26,0,0,9999
95748,119667,2025-05-13,0,0,9999
95750,119669,2025-06-24,0,0,9999
95752,119671,2024-01-13,0,2,623
95752,119673,2021-02-11,0,0,9999
95752,119674,2022-04-30,0,1,443
95759,119684,2024-12-16,0,0,9999
95761,119689,2024-02-08,0,0,9999
95763,119691,2026-01-20,0,0,9999
95775,119705,2021-03-17,0,0,9999
95781,119715,2025-07-05,0,0,9999
95782,119716,2023-03-27,0,0,9999
95806,119739,2026-01-30,0,0,9999
95806,119740,2026-01-30,0,0,9999
95813,119748,2025-10-07,0,0,9999
95818,119753,2024-08-25,0,0,9999
95823,119756,2026-01-07,1,0,9999
95823,119759,2026-01-14,0,1,7
95827,119762,2024-06-13,0,0,9999
95845,119779,2021-12-06,0,0,9999
95847,119781,2025-11-15,0,0,9999
95851,119785,2023-03-07,0,0,9999
95855,119786,2025-01-12,0,0,9999
95859,119792,2024-12-14,0,0,9999
95862,119795,2022-02-25,0,0,9999
95871,119801,2020-08-26,0,0,9999
95873,119805,2022-03-30,0,0,9999
95882,119813,2024-12-01,0,0,9999
95884,119817,2022-02-24,0,0,9999
95901,119839,2025-12-10,0,0,9999
95905,119844,2024-03-29,0,0,9999
95908,119847,2024-10-21,0,0,9999
95911,119850,2024-09-01,0,0,9999
95919,119860,2025-09-24,0,0,9999
95943,119892,2025-12-23,0,0,9999
95945,119894,2024-06-27,0,0,9999
95946,119897,2025-09-11,0,1,23
95946,119898,2025-08-19,1,0,9999
95954,119908,2025-07-29,0,0,9999
95969,119929,2025-11-25,0,0,9999
95974,119935,2024-06-26,0,0,9999
95982,119948,2026-01-16,0,1,62
95982,119949,2025-11-15,0,0,9999
95986,119953,2025-11-30,0,0,9999
95989,119957,2022-02-11,0,0,9999
95990,119959,2025-12-10,0,0,9999
95993,119960,2023-03-13,0,0,9999
95996,119964,2023-06-17,0,0,9999
96008,119975,2025-03-07,0,0,9999
96013,119981,2024-11-02,0,0,9999
96019,119990,2022-07-08,0,0,9999
96028,120000,2025-07-18,0,0,9999
96042,120015,2025-05-12,0,0,9999
96046,120017,2025-08-03,0,0,9999
96060,120037,2025-12-19,0,0,9999
96072,120052,2025-07-19,0,0,9999
96073,120055,2025-06-07,0,0,9999
96076,120058,2024-03-26,0,0,9999
96088,120070,2022-09-04,0,0,9999
96089,120072,2019-12-10,0,0,9999
96096,120084,2025-05-21,0,0,9999
96103,120092,2024-01-02,0,0,9999
96107,120097,2024-04-27,0,0,9999
96131,120139,2021-11-21,0,0,9999
96141,120151,2025-07-11,0,0,9999
96142,120152,2026-01-30,0,0,9999
96142,120153,2026-01-30,0,0,9999
96145,120157,2024-06-19,0,0,9999
96151,120163,2025-06-14,0,1,896
96151,120164,2022-12-31,0,0,9999
96169,120192,2026-01-03,0,1,75
96169,120193,2025-10-20,0,0,9999
96187,120216,2024-03-27,0,0,9999
96201,120230,2021-05-21,0,0,9999
96203,120232,2024-04-07,0,0,9999
96217,120245,2026-01-30,0,0,9999
96218,120246,2020-10-13,0,0,9999
96234,120261,2025-11-19,0,0,9999
96239,120268,2023-02-03,0,0,9999
96247,120280,2024-07-29,0,0,9999
96249,120283,2024-04-28,0,0,9999
96252,120286,2024-10-13,0,0,9999
96265,120304,2023-10-12,0,0,9999
96267,120307,2024-08-05,0,0,9999
96268,120308,2023-01-07,0,0,9999
96269,120309,2025-10-21,0,0,9999
96274,120314,2024-10-13,0,0,9999
96296,120340,2020-10-12,0,0,9999
96299,120346,2025-05-01,0,0,9999
96307,120356,2022-02-27,0,0,9999
96317,120367,2023-12-21,0,0,9999
96323,120371,2020-07-09,0,0,9999
96324,120372,2025-07-24,0,0,9999
96329,120376,2021-12-10,0,0,9999
96337,120385,2025-11-11,0,0,9999
96342,120390,2025-12-17,0,0,9999
96350,120403,2024-02-01,0,0,9999
96352,120404,2022-11-11,0,0,9999
96357,120412,2025-12-23,0,0,9999
96361,120414,2025-04-21,0,0,9999
96365,120418,2022-06-16,0,0,9999
96370,120425,2024-11-01,0,0,9999
96371,120427,2025-12-22,0,0,9999
96387,120453,2023-03-19,0,0,9999
96387,120454,2024-10-31,0,1,592
96388,120455,2025-04-29,0,0,9999
96417,120495,2024-02-27,0,0,9999
96431,120510,2025-11-21,0,0,9999
96435,120516,2024-02-21,0,0,9999
96436,120517,2024-12-19,0,0,9999
96452,120536,2025-12-24,0,0,9999
96478,120572,2025-08-21,0,0,9999
96479,120573,2024-12-23,0,1,1163
96479,120574,2021-10-17,0,0,9999
96490,120585,2025-04-13,0,0,9999
96491,120586,2024-10-20,0,0,9999
96497,120590,2022-02-13,0,0,9999
96504,120596,2025-10-03,0,0,9999
96509,120601,2025-02-16,0,0,9999
96519,120614,2023-07-11,0,0,9999
96520,120615,2025-10-20,0,0,9999
96528,120625,2024-05-30,0,0,9999
96531,120632,2022-07-25,0,0,9999
96531,120634,2023-05-11,0,1,290
96533,120638,2025-12-06,0,0,9999
96545,120652,2025-05-21,0,0,9999
96554,120668,2025-08-26,0,0,9999
96557,120671,2025-04-30,0,0,9999
96564,120681,2025-06-04,0,0,9999
96579,120693,2026-01-17,0,0,9999
96580,120696,2026-01-02,0,0,9999
96582,120698,2020-11-30,0,0,9999
96618,120744,2023-04-28,0,0,9999
96619,120745,2023-01-27,0,0,9999
96620,120746,2025-12-31,0,2,125
96620,120748,2024-01-10,0,0,9999
96620,120749,2025-08-28,0,1,596
96621,120750,2023-12-09,0,0,9999
96624,120756,2022-02-17,0,0,9999
96625,120759,2022-08-24,0,0,9999
96630,120767,2025-09-22,0,0,9999
96640,120775,2023-11-01,0,0,9999
96641,120776,2023-09-26,0,0,9999
96650,120784,2025-05-09,0,0,9999
96650,120785,2025-12-07,0,1,212
96663,120800,2026-01-30,0,0,9999
96667,120806,2023-11-08,0,0,9999
96679,120821,2025-03-05,0,0,9999
96689,120834,2025-10-13,0,0,9999
96691,120836,2020-06-07,0,0,9999
96705,120854,2026-01-25,0,0,9999
96709,120858,2025-10-07,0,0,9999
96716,120866,2025-03-18,0,0,9999
96719,120870,2021-01-17,0,0,9999
96730,120883,2023-07-01,0,0,9999
96747,120908,2024-08-05,0,0,9999
96747,120909,2025-01-02,0,1,150
96753,120918,2024-07-05,0,0,9999
96759,120922,2021-07-22,0,0,9999
96769,120935,2020-08-15,0,0,9999
96783,120952,2023-11-26,0,0,9999
96785,120956,2025-08-24,0,0,9999
96788,120962,2021-11-20,0,0,9999
96794,120972,2025-09-05,0,0,9999
96798,120978,2025-07-04,0,0,9999
96801,120980,2024-11-28,0,0,9999
96807,120988,2025-07-13,0,0,9999
96825,121005,2025-07-03,0,0,9999
96827,121008,2025-08-11,0,1,33
96827,121009,2025-07-09,0,0,9999
96833,121017,2024-01-01,0,0,9999
96851,121034,2023-08-08,0,0,9999
96852,121036,2025-08-20,0,0,9999
96855,121038,2022-05-08,0,0,9999
96856,121040,2025-12-12,0,1,564
96856,121041,2024-05-27,0,0,9999
96862,121049,2025-04-03,0,0,9999
96865,121052,2026-01-25,0,0,9999
96880,121074,2025-02-14,0,0,9999
96881,121075,2021-09-26,0,0,9999
96886,121084,2021-01-21,0,0,9999
96891,121089,2024-03-19,0,0,9999
96894,121096,2022-05-27,0,0,9999
96902,121108,2021-07-09,0,0,9999
96904,121110,2025-09-07,0,0,9999
96905,121113,2022-07-16,0,0,9999
96914,121124,2025-09-08,0,0,9999
96925,121138,2026-01-09,0,0,9999
96928,121140,2021-03-23,0,0,9999
96937,121147,2022-09-28,0,0,9999
96941,121152,2025-05-28,0,0,9999
96952,121169,2025-12-21,0,0,9999
96963,121184,2024-07-07,0,0,9999
96963,121185,2025-12-06,0,2,57
96963,121187,2025-10-10,0,1,460
96967,121193,2025-12-15,0,0,9999
96970,121198,2022-02-06,0,0,9999
96972,121201,2025-11-06,0,0,9999
96977,121211,2025-09-03,0,0,9999
96998,121235,2025-07-31,0,0,9999
97001,121240,2023-04-11,0,0,9999
97013,121256,2025-01-10,0,0,9999
97015,121258,2023-09-24,0,0,9999
97020,121263,2025-07-01,0,0,9999
97027,121272,2025-04-04,0,0,9999
97027,121273,2025-10-09,0,1,188
97028,121278,2024-10-28,0,0,9999
97042,121293,2024-12-25,0,0,9999
97043,121294,2021-03-08,0,0,9999
97045,121296,2026-01-22,0,2,126
97045,121297,2025-09-18,0,1,87
97045,121298,2025-06-23,0,0,9999
97049,121302,2025-10-31,0,1,82
97049,121304,2025-08-10,0,0,9999
97050,121306,2023-06-23,0,0,9999
97071,121335,2024-05-31,0,0,9999
97072,121336,2025-03-17,0,0,9999
97075,121341,2023-08-03,0,0,9999
97079,121346,2021-02-07,0,0,9999
97089,121358,2025-08-27,0,0,9999
97104,121374,2020-04-03,0,0,9999
97104,121375,2025-06-20,0,1,1904
97114,121387,2023-10-24,0,0,9999
97120,121394,2024-12-01,0,0,9999
97121,121395,2022-10-12,0,0,9999
97121,121396,2024-08-13,0,1,671
97128,121403,2024-12-13,0,0,9999
97139,121411,2025-11-19,0,0,9999
97147,121421,2024-10-20,0,0,9999
97154,121430,2025-01-21,0,0,9999
97171,121446,2025-06-20,0,0,9999
97182,121462,2025-12-10,0,0,9999
97199,121477,2021-03-23,0,0,9999
97199,121479,2022-04-01,0,1,374
97207,121487,2025-09-02,0,0,9999
97208,121489,2023-01-16,0,1,88
97208,121490,2022-10-20,0,0,9999
97211,121495,2025-03-17,0,0,9999
97215,121500,2022-11-30,0,0,9999
97224,121506,2025-05-20,0,0,9999
97236,121518,2023-05-09,0,0,9999
97236,121519,2025-07-15,0,1,798
97238,121521,2025-01-29,0,0,9999
97243,121527,2025-04-25,0,0,9999
97255,121543,2023-05-15,0,0,9999
97258,121548,2021-06-23,0,0,9999
97261,121551,2021-08-06,0,0,9999
97271,121564,2024-06-23,0,0,9999
97273,121566,2023-07-26,0,0,9999
97274,121567,2025-07-20,0,0,9999
97275,121570,2025-10-28,0,0,9999
97284,121588,2025-05-15,0,0,9999
97288,121593,2025-06-06,0,0,9999
97302,121610,2021-05-27,0,0,9999
97302,121611,2023-07-01,0,1,765
97302,121612,2024-07-10,0,2,375
97305,121615,2025-10-27,0,0,9999
97307,121619,2022-03-13,0,0,9999
97309,121621,2025-11-07,0,1,9
97309,121623,2025-10-29,1,0,9999
97310,121625,2023-01-15,0,0,9999
97315,121633,2024-04-27,0,0,9999
97323,121643,2025-09-17,0,0,9999
97324,121644,2024-12-22,0,0,9999
97333,121654,2023-04-01,0,0,9999
97353,121675,2025-04-18,1,0,9999
97353,121676,2025-04-21,0,1,3
97357,121679,2026-01-14,0,2,75
97357,121680,2025-10-31,0,1,6
97357,121682,2025-10-25,1,0,9999
97380,121705,2026-01-10,0,0,9999
97390,121720,2023-06-03,0,0,9999
97390,121721,2025-04-12,0,1,679
97401,121738,2025-11-11,0,0,9999
97415,121753,2019-08-06,0,0,9999
97426,121764,2022-05-02,0,0,9999
97434,121768,2025-07-29,0,0,9999
97437,121772,2024-09-26,0,1,61
97437,121773,2024-07-27,0,0,9999
97442,121777,2026-01-17,0,0,9999
97445,121780,2024-11-13,0,0,9999
97453,121787,2025-01-03,0,0,9999
97466,121808,2024-06-22,0,0,9999
97500,121844,2020-12-25,0,0,9999
97503,121848,2024-05-26,0,0,9999
97511,121856,2025-02-15,0,0,9999
97512,121859,2023-12-18,0,0,9999
97523,121869,2025-09-26,0,0,9999
97525,121871,2025-08-11,0,0,9999
97546,121893,2025-08-03,0,0,9999
97550,121901,2025-11-08,0,0,9999
97558,121912,2020-08-16,0,0,9999
97561,121915,2025-09-21,0,1,1819
97561,121916,2020-09-28,0,0,9999
97568,121921,2025-11-08,0,0,9999
97570,121922,2023-08-27,0,0,9999
97572,121925,2026-01-10,0,0,9999
97579,121938,2024-05-06,0,0,9999
97590,121953,2019-06-21,0,0,9999
97601,121968,2025-01-08,0,0,9999
97606,121972,2022-02-01,0,0,9999
97613,121982,2026-01-29,0,0,9999
97633,122005,2020-12-30,0,0,9999
97636,122009,2026-01-30,0,0,9999
97637,122012,2025-02-19,0,1,1186
97637,122013,2021-11-21,0,0,9999
97649,122028,2024-03-13,0,0,9999
97656,122035,2024-12-20,0,2,1213
97656,122036,2021-05-28,0,0,9999
97656,122037,2021-08-25,0,1,89
97659,122043,2025-12-03,0,0,9999
97665,122050,2026-01-09,0,0,9999
97667,122051,2019-08-02,0,0,9999
97672,122056,2024-09-26,0,0,9999
97679,122065,2025-05-31,0,0,9999
97681,122067,2025-12-05,0,0,9999
97687,122074,2022-12-19,0,1,882
97687,122075,2020-07-20,0,0,9999
97699,122087,2024-11-06,0,0,9999
97711,122101,2023-08-01,0,1,902
97711,122102,2021-02-10,0,0,9999
97727,122121,2025-02-13,0,1,26
97727,122122,2025-01-18,1,0,9999
97732,122128,2020-10-31,0,0,9999
97760,122165,2024-12-11,0,0,9999
97765,122176,2025-08-04,0,0,9999
97769,122182,2025-07-12,0,0,9999
97775,122190,2025-01-17,0,0,9999
97784,122202,2023-11-13,0,1,206
97784,122203,2023-04-21,0,0,9999
97793,122216,2025-05-04,0,0,9999
97804,122229,2023-08-27,0,0,9999
97807,122233,2025-09-26,0,0,9999
97808,122235,2025-08-22,0,1,481
97808,122236,2024-04-28,0,0,9999
97810,122238,2020-06-25,0,0,9999
97814,122245,2019-07-13,0,0,9999
97817,122249,2026-01-30,0,0,9999
97828,122262,2025-06-17,0,0,9999
97834,122273,2024-05-31,0,0,9999
97840,122279,2026-01-29,0,0,9999
97851,122293,2024-08-13,0,0,9999
97858,122302,2023-02-12,0,0,9999
97859,122304,2023-07-18,0,0,9999
97862,122308,2023-02-28,0,0,9999
97866,122312,2024-10-24,0,1,6
97866,122313,2024-10-18,1,0,9999
97874,122323,2025-04-30,0,0,9999
97876,122325,2025-11-18,0,0,9999
97892,122341,2025-11-21,0,0,9999
97893,122343,2025-04-18,0,0,9999
97900,122350,2021-06-22,0,0,9999
97909,122357,2024-11-20,0,0,9999
97911,122359,2026-01-09,0,0,9999
97927,122374,2025-01-30,0,0,9999
97933,122381,2023-04-17,0,0,9999
97933,122382,2023-12-08,0,1,235
97940,122392,2025-10-03,0,0,9999
97945,122400,2022-08-18,0,1,88
97945,122401,2022-05-22,0,0,9999
97949,122407,2025-07-30,0,0,9999
97955,122415,2022-07-10,0,0,9999
97955,122416,2022-09-14,0,1,66
97956,122419,2024-02-10,0,0,9999
97964,122431,2021-03-11,0,0,9999
97965,122432,2023-10-20,0,0,9999
97973,122441,2024-12-24,0,0,9999
97975,122445,2021-09-25,0,0,9999
97979,122451,2024-08-14,0,0,9999
97981,122454,2025-03-11,0,0,9999
98002,122475,2021-03-21,0,1,566
98002,122476,2019-09-02,0,0,9999
98013,122487,2022-05-14,0,0,9999
98014,122489,2026-01-12,0,0,9999
98015,122490,2022-03-17,0,0,9999
98022,122498,2023-04-28,0,0,9999
98024,122500,2022-07-05,0,0,9999
98025,122502,2025-09-02,0,1,929
98025,122503,2023-02-16,0,0,9999
98033,122514,2021-11-20,0,0,9999
98037,122517,2024-06-27,0,0,9999
98042,122523,2023-12-09,0,1,1265
98042,122524,2020-06-22,0,0,9999
98051,122533,2025-08-22,0,0,9999
98055,122537,2022-12-20,0,0,9999
98062,122550,2025-12-28,0,0,9999
98072,122559,2022-09-16,0,0,9999
98080,122567,2023-06-19,0,0,9999
98096,122585,2025-04-26,0,0,9999
98102,122596,2019-07-19,0,0,9999
98110,122614,2024-06-17,0,0,9999
98112,122616,2026-01-30,0,0,9999
98113,122620,2024-08-16,0,0,9999
98118,122629,2024-09-11,0,0,9999
98121,122633,2024-09-30,0,0,9999
98162,122683,2024-02-15,0,0,9999
98182,122711,2024-10-07,0,0,9999
98184,122713,2025-12-19,0,1,1018
98184,122715,2023-03-07,0,0,9999
98186,122721,2022-05-02,0,0,9999
98189,122727,2026-01-29,0,0,9999
98190,122731,2022-05-03,0,0,9999
98199,122747,2025-10-11,0,0,9999
98202,122751,2026-01-09,0,0,9999
98242,122797,2025-08-11,0,0,9999
98247,122803,2025-08-17,0,0,9999
98251,122806,2022-08-15,0,0,9999
98266,122818,2021-04-02,0,0,9999
98273,122825,2025-02-25,0,0,9999
98274,122826,2026-01-08,0,0,9999
98288,122840,2024-01-12,0,0,9999
98293,122848,2024-01-26,0,0,9999
98299,122853,2025-09-14,0,0,9999
98301,122855,2025-04-15,0,0,9999
98304,122858,2026-01-25,0,0,9999
98316,122870,2022-04-24,0,0,9999
98318,122872,2025-10-15,0,0,9999
98320,122874,2021-08-09,0,0,9999
98355,122911,2023-01-21,0,0,9999
98356,122912,2019-08-28,0,0,9999
98356,122914,2022-11-12,0,1,1172
98357,122916,2025-12-24,0,0,9999
98363,122923,2023-05-03,0,0,9999
98373,122936,2025-10-13,0,0,9999
98376,122940,2020-05-17,0,0,9999
98377,122941,2022-08-06,0,0,9999
98382,122947,2025-06-06,0,0,9999
98383,122948,2025-12-17,0,0,9999
98386,122954,2025-05-21,0,1,110
98386,122955,2025-01-31,0,0,9999
98394,122972,2025-09-08,0,0,9999
98397,122979,2026-01-27,0,0,9999
98398,122981,2025-07-02,0,0,9999
98399,122983,2025-02-15,0,0,9999
98400,122984,2025-05-21,0,0,9999
98412,122999,2024-04-11,0,0,9999
98413,123001,2024-08-17,0,0,9999
98420,123011,2024-12-26,0,0,9999
98423,123018,2021-06-19,0,0,9999
98432,123029,2023-06-14,0,0,9999
98437,123036,2025-12-10,0,0,9999
98444,123045,2020-11-24,0,0,9999
98453,123052,2026-01-26,0,0,9999
98467,123076,2025-10-09,0,0,9999
98481,123085,2026-01-13,0,0,9999
98486,123092,2022-11-06,0,0,9999
98487,123094,2026-01-19,0,0,9999
98492,123097,2024-01-22,0,0,9999
98507,123114,2025-07-19,0,0,9999
98518,123127,2020-12-07,0,0,9999
98528,123145,2023-09-26,0,0,9999
98545,123173,2025-12-07,0,0,9999
98552,123180,2022-08-19,0,0,9999
98554,123181,2020-04-26,0,0,9999
98556,123182,2023-10-01,0,0,9999
98559,123184,2025-07-08,0,0,9999
98565,123192,2025-06-17,0,0,9999
98567,123194,2024-12-23,0,0,9999
98569,123195,2025-12-23,0,0,9999
98573,123199,2020-05-26,0,0,9999
98576,123202,2024-09-21,0,0,9999
98577,123204,2022-09-01,0,0,9999
98578,123205,2026-01-03,0,0,9999
98583,123212,2024-12-22,0,0,9999
98583,123213,2025-04-19,0,1,118
98585,123214,2023-04-26,0,1,352
98585,123215,2022-05-09,0,0,9999
98586,123217,2025-11-12,0,0,9999
98603,123237,2025-01-08,0,1,728
98603,123238,2023-01-11,0,0,9999
98604,123239,2023-09-27,0,0,9999
98606,123242,2023-09-06,0,0,9999
98611,123252,2024-01-24,0,0,9999
98615,123255,2025-11-02,0,0,9999
98623,123263,2023-02-09,0,0,9999
98626,123271,2021-09-14,0,0,9999
98630,123276,2024-01-16,0,0,9999
98640,123290,2023-10-24,0,0,9999
98647,123294,2026-01-16,0,0,9999
98653,123303,2023-05-02,0,0,9999
98659,123310,2024-04-11,0,0,9999
98659,123311,2025-01-04,0,2,215
98659,123312,2024-06-03,0,1,53
98660,123314,2026-01-27,0,0,9999
98662,123317,2025-10-20,0,0,9999
98668,123326,2022-12-18,0,0,9999
98677,123341,2025-11-04,0,0,9999
98682,123346,2023-12-27,0,0,9999
98689,123354,2020-05-11,0,0,9999
98689,123355,2020-09-22,0,1,134
98693,123356,2023-10-06,0,0,9999
98703,123368,2022-06-23,0,0,9999
98723,123397,2022-02-09,0,0,9999
98724,123399,2025-12-30,0,0,9999
98727,123401,2025-06-23,0,0,9999
98731,123408,2022-12-03,0,0,9999
98736,123411,2025-10-28,0,0,9999
98739,123415,2026-01-13,0,0,9999
98745,123422,2024-12-17,0,0,9999
98750,123430,2021-02-10,0,0,9999
98756,123442,2025-03-17,0,0,9999
98771,123454,2023-08-30,0,0,9999
98778,123465,2025-05-28,0,0,9999
98789,123473,2025-01-09,0,1,684
98789,123474,2023-02-25,0,0,9999
98799,123490,2025-08-07,0,0,9999
98809,123499,2025-04-15,0,0,9999
98810,123500,2024-04-18,0,0,9999
98812,123501,2024-10-22,0,0,9999
98813,123505,2025-12-15,0,0,9999
98820,123512,2021-10-29,0,0,9999
98822,123514,2023-12-30,0,0,9999
98829,123523,2022-04-02,0,0,9999
98831,123526,2026-01-27,0,0,9999
98838,123533,2023-06-03,0,0,9999
98840,123534,2023-02-10,0,0,9999
98841,123535,2022-03-02,0,0,9999
98843,123538,2022-10-05,0,0,9999
98853,123552,2026-01-22,0,0,9999
98857,123557,2023-02-17,0,0,9999
98857,123560,2024-09-23,0,1,584
98860,123564,2025-03-26,0,0,9999
98878,123585,2025-01-11,0,0,9999
98895,123599,2024-03-14,0,0,9999
98896,123601,2023-11-11,0,0,9999
98896,123602,2025-10-23,0,1,712
98902,123613,2026-01-26,0,0,9999
98910,123623,2025-08-29,0,0,9999
98961,123678,2025-11-12,0,1,376
98961,123680,2024-11-01,0,0,9999
98962,123682,2025-01-24,0,0,9999
98962,123684,2025-08-08,0,1,196
98965,123686,2023-10-30,0,0,9999
98967,123691,2025-12-04,0,0,9999
98971,123702,2024-12-05,0,0,9999
98976,123707,2023-09-27,0,0,9999
98992,123727,2022-07-09,0,0,9999
98994,123729,2025-12-13,0,0,9999
98998,123739,2025-03-02,0,0,9999
99000,123741,2024-06-23,0,0,9999
99006,123747,2025-06-21,0,0,9999
99017,123755,2024-02-29,0,0,9999
99020,123760,2025-11-22,0,0,9999
99022,123762,2024-01-19,0,0,9999
99022,123764,2025-12-01,0,1,682
99029,123771,2021-07-01,0,0,9999
99036,123781,2025-01-20,0,0,9999
99041,123786,2024-03-08,0,0,9999
99050,123799,2026-01-26,0,0,9999
99064,123810,2025-07-18,0,0,9999
99065,123812,2024-07-24,0,0,9999
99071,123822,2025-02-09,0,0,9999
99075,123826,2026-01-13,0,0,9999
99080,123834,2025-10-25,0,0,9999
99086,123844,2022-07-11,0,0,9999
99098,123856,2024-08-11,0,0,9999
99100,123861,2021-02-21,0,0,9999
99105,123865,2025-08-30,0,0,9999
99106,123866,2025-06-21,0,0,9999
99113,123874,2025-05-28,0,0,9999
99114,123877,2022-12-14,0,0,9999
99114,123878,2024-09-12,0,1,638
99116,123880,2025-10-18,0,0,9999
99122,123885,2025-11-09,0,1,1026
99122,123886,2023-01-18,0,0,9999
99137,123903,2024-04-15,0,0,9999
99172,123943,2025-10-20,0,0,9999
99173,123945,2022-09-10,0,0,9999
99182,123955,2024-04-01,0,0,9999
99186,123962,2025-07-04,0,0,9999
99192,123970,2022-07-27,0,0,9999
99199,123976,2025-11-20,0,0,9999
99201,123977,2024-11-13,0,0,9999
99233,124011,2024-02-24,0,0,9999
99237,124016,2025-07-03,0,0,9999
99245,124026,2026-01-20,0,0,9999
99248,124030,2025-12-04,0,0,9999
99257,124040,2024-07-03,0,0,9999
99258,124042,2025-12-29,0,0,9999
99259,124044,2025-12-24,0,1,52
99259,124045,2025-11-02,0,0,9999
99276,124072,2025-01-26,0,0,9999
99289,124081,2026-01-07,0,0,9999
99293,124086,2024-04-11,0,0,9999
99294,124087,2025-11-05,0,0,9999
99296,124091,2025-01-24,0,0,9999
99299,124092,2024-01-23,0,0,9999
99303,124100,2024-10-25,0,0,9999
99314,124114,2024-07-19,0,0,9999
99327,124130,2023-11-10,0,0,9999
99331,124136,2024-03-03,0,0,9999
99341,124146,2024-12-10,0,0,9999
99348,124153,2023-11-21,0,0,9999
99379,124192,2022-10-15,0,0,9999
99381,124193,2024-11-21,0,0,9999
99384,124195,2025-06-23,0,0,9999
99391,124201,2022-12-14,0,0,9999
99421,124235,2024-08-28,1,0,9999
99421,124237,2024-09-01,0,1,4
99423,124242,2022-01-07,0,0,9999
99429,124250,2020-01-30,0,0,9999
99429,124251,2022-04-01,0,1,792
99447,124273,2025-09-21,0,0,9999
99450,124281,2025-10-08,0,0,9999
99452,124283,2025-08-27,0,0,9999
99453,124284,2024-04-19,0,0,9999
99460,124292,2022-12-24,0,0,9999
99461,124293,2024-07-25,0,0,9999
99475,124310,2021-11-14,0,0,9999
99480,124317,2025-03-18,0,0,9999
99484,124326,2025-03-11,0,0,9999
99487,124332,2024-12-07,0,0,9999
99490,124334,2023-10-22,0,0,9999
99497,124343,2023-11-30,0,0,9999
99497,124344,2025-07-04,0,1,582
99499,124350,2025-06-17,0,0,9999
99500,124351,2024-01-19,0,0,9999
99513,124370,2025-11-27,0,1,1135
99513,124371,2022-10-19,0,0,9999
99542,124404,2024-03-15,0,0,9999
99546,124410,2026-01-29,0,1,1133
99546,124411,2022-12-23,0,0,9999
99554,124421,2022-08-26,0,0,9999
99579,124448,2020-01-16,0,0,9999
99593,124469,2023-01-21,0,0,9999
99603,124481,2026-01-21,0,0,9999
99613,124491,2025-12-26,0,0,9999
99614,124492,2025-06-06,0,0,9999
99625,124508,2025-06-14,0,0,9999
99625,124510,2026-01-01,0,1,201
99631,124520,2021-10-18,0,0,9999
99633,124524,2025-07-14,0,0,9999
99642,124532,2023-12-11,0,1,119
99642,124535,2023-08-14,0,0,9999
99643,124536,2024-03-25,0,0,9999
99650,124545,2025-05-25,0,0,9999
99651,124548,2019-12-23,0,0,9999
99654,124552,2025-01-15,0,0,9999
99668,124566,2023-03-31,0,0,9999
99671,124568,2024-04-11,0,0,9999
99675,124571,2023-10-04,0,0,9999
99682,124577,2025-10-11,0,0,9999
99699,124604,2025-05-27,0,0,9999
99700,124606,2023-07-01,0,0,9999
99715,124626,2023-05-13,0,0,9999
99718,124630,2025-07-18,0,0,9999
99720,124633,2022-06-28,0,1,506
99720,124634,2021-02-07,0,0,9999
99723,124636,2025-07-09,0,0,9999
99732,124647,2023-09-22,0,0,9999
99736,124652,2023-07-07,0,0,9999
99742,124660,2024-04-08,0,1,189
99742,124661,2023-10-02,0,0,9999
99751,124673,2023-01-08,0,0,9999
99754,124679,2025-11-24,0,0,9999
99757,124683,2024-08-18,0,0,9999
99760,124690,2025-09-19,0,0,9999
99772,124702,2025-08-22,0,0,9999
99781,124710,2025-09-28,0,0,9999
99783,124713,2025-11-06,0,0,9999
99786,124717,2021-10-17,0,0,9999
99793,124724,2025-04-25,0,0,9999
99810,124744,2023-11-15,0,0,9999
99817,124755,2025-03-23,0,0,9999
99821,124759,2025-09-03,0,0,9999
99830,124769,2021-03-11,0,0,9999
99845,124786,2025-03-11,0,0,9999
99847,124787,2025-10-17,0,0,9999
99854,124794,2025-09-13,0,0,9999
99856,124796,2025-09-09,0,0,9999
99858,124797,2024-12-29,0,0,9999
99867,124807,2023-09-03,0,1,310
99867,124808,2022-10-28,0,0,9999
99872,124815,2024-05-23,0,0,9999
99873,124816,2024-06-16,0,0,9999
99885,124825,2026-01-25,0,0,9999
99890,124835,2024-11-28,0,0,9999
99893,124840,2023-06-19,0,0,9999
99896,124842,2024-10-19,0,2,157
99896,124843,2024-05-15,0,1,696
99896,124844,2022-06-19,0,0,9999
99910,124864,2024-10-28,0,0,9999
99912,124869,2025-11-04,0,0,9999
99921,124879,2023-01-24,0,0,9999
99922,124880,2025-09-22,0,0,9999
99934,124895,2020-09-25,0,0,9999
99935,124900,2024-05-10,0,0,9999
99948,124918,2023-09-21,0,1,258
99948,124919,2023-01-06,0,0,9999
99955,124928,2026-01-24,0,0,9999
99968,124939,2026-01-27,0,0,9999
99972,124944,2021-12-25,0,0,9999
99975,124949,2023-09-28,0,0,9999
99984,124963,2021-09-20,0,0,9999
99985,124964,2025-08-06,0,0,9999
99990,124969,2025-08-28,0,0,9999
99994,124977,2023-04-06,0,0,9999
99998,124982,2024-09-02,0,0,9999
99998,124985,2025-04-20,0,1,230
100000,124989,2025-01-05,0,0,9999
8,14,2023-04-08,0,0,9999
10,16,2025-06-23,0,1,756
10,17,2023-05-29,0,0,9999
13,21,2024-07-06,0,0,9999
30,39,2025-12-02,0,0,9999
36,45,2022-07-12,0,0,9999
40,49,2025-09-30,0,0,9999
64,64,2025-06-02,0,0,9999
71,77,2026-01-24,0,0,9999
76,80,2025-05-20,0,0,9999
79,81,2023-11-25,0,0,9999
88,96,2025-06-14,0,0,9999
96,102,2020-12-21,0,0,9999
107,115,2022-12-18,0,0,9999
109,118,2024-02-26,0,0,9999
112,127,2025-07-28,0,1,143
112,128,2025-03-07,0,0,9999
115,133,2025-11-28,0,0,9999
124,142,2023-06-16,0,0,9999
127,145,2025-11-23,0,0,9999
137,161,2025-08-29,0,0,9999
140,169,2025-06-01,0,0,9999
142,173,2026-01-29,0,0,9999
154,181,2022-03-13,0,0,9999
170,203,2025-12-16,0,0,9999
185,219,2023-11-29,0,0,9999
199,234,2024-08-06,0,0,9999
207,242,2026-01-30,0,0,9999
214,251,2026-01-16,0,0,9999
220,260,2025-12-11,0,0,9999
223,263,2019-10-24,0,0,9999
240,281,2024-07-12,0,0,9999
246,290,2026-01-20,0,0,9999
251,297,2025-05-15,0,0,9999
254,301,2026-01-22,0,0,9999
267,312,2021-12-25,0,0,9999
273,318,2021-10-22,0,0,9999
292,339,2023-11-11,0,0,9999
297,346,2025-06-30,0,0,9999
303,352,2025-11-25,0,0,9999
308,359,2021-09-13,0,0,9999
309,360,2024-10-11,0,0,9999
311,365,2026-01-24,0,0,9999
316,372,2023-12-31,0,0,9999
317,374,2025-03-23,0,0,9999
318,376,2025-10-07,0,0,9999
324,383,2025-12-31,0,0,9999
326,385,2022-10-16,0,0,9999
350,410,2020-03-16,0,0,9999
360,419,2020-08-11,0,0,9999
370,423,2026-01-26,0,0,9999
380,438,2025-09-10,0,0,9999
388,448,2025-11-05,0,1,111
388,449,2025-07-17,0,0,9999
391,452,2023-11-05,0,0,9999
414,484,2025-12-14,0,0,9999
416,486,2025-12-13,0,0,9999
423,493,2025-08-16,0,0,9999
430,504,2023-08-24,0,0,9999
434,508,2024-10-15,0,0,9999
443,518,2025-11-13,0,0,9999
460,539,2025-10-20,0,1,675
460,540,2023-12-15,0,0,9999
501,598,2025-01-26,0,0,9999
501,599,2025-09-19,0,1,236
504,605,2023-11-06,0,0,9999
508,612,2022-04-17,0,0,9999
510,613,2024-03-15,0,0,9999
538,643,2026-01-30,0,0,9999
540,646,2023-06-26,0,0,9999
541,647,2025-07-01,0,0,9999
549,659,2025-12-14,0,0,9999
564,675,2022-03-23,0,0,9999
597,717,2024-06-08,0,0,9999
622,739,2026-01-02,0,0,9999
629,747,2024-05-03,0,0,9999
643,762,2024-06-05,0,0,9999
648,767,2023-05-22,0,0,9999
668,787,2021-12-24,0,0,9999
669,789,2026-01-20,0,0,9999
671,790,2025-10-22,0,0,9999
681,814,2024-11-06,0,0,9999
685,818,2024-05-31,0,0,9999
686,819,2024-09-21,0,0,9999
689,824,2025-08-23,0,0,9999
691,826,2025-11-06,0,0,9999
695,835,2026-01-05,0,0,9999
700,839,2022-06-27,0,0,9999
707,852,2024-02-20,0,1,201
707,853,2023-08-03,0,0,9999
708,855,2023-09-06,0,0,9999
709,856,2025-09-15,0,0,9999
714,861,2021-06-18,0,0,9999
724,874,2024-10-13,0,0,9999
727,878,2025-05-16,0,0,9999
729,879,2025-10-16,0,0,9999
734,884,2021-08-02,0,0,9999
738,889,2025-03-30,0,0,9999
743,894,2023-09-05,0,0,9999
746,897,2024-08-26,0,0,9999
753,904,2026-01-16,0,0,9999
759,912,2025-10-11,0,0,9999
762,916,2020-03-08,0,0,9999
764,920,2024-10-11,0,0,9999
765,923,2025-11-12,0,0,9999
768,930,2022-12-01,0,0,9999
773,941,2024-12-04,0,1,401
773,943,2023-10-30,0,0,9999
779,951,2024-09-04,0,0,9999
781,952,2026-01-28,0,0,9999
784,956,2023-10-30,0,0,9999
798,968,2019-06-05,0,0,9999
806,973,2022-10-01,0,0,9999
807,975,2025-08-14,0,0,9999
817,990,2023-12-30,0,0,9999
823,999,2025-06-03,0,0,9999
828,1002,2023-02-26,0,0,9999
833,1010,2025-09-28,0,0,9999
843,1026,2020-01-08,0,0,9999
850,1034,2022-01-25,0,0,9999
856,1039,2023-12-07,0,0,9999
870,1050,2024-06-13,0,0,9999
872,1055,2025-10-26,0,0,9999
873,1057,2025-03-20,0,0,9999
892,1075,2025-10-03,0,0,9999
898,1083,2024-01-29,0,0,9999
899,1086,2026-01-12,0,0,9999
903,1093,2024-11-17,0,0,9999
905,1096,2025-10-04,0,0,9999
920,1105,2022-04-29,0,0,9999
940,1128,2025-12-05,0,0,9999
960,1154,2022-03-09,0,0,9999
967,1161,2020-09-04,0,0,9999
993,1195,2021-03-14,0,0,9999
998,1204,2025-04-09,0,0,9999
999,1205,2026-01-30,0,0,9999
1015,1224,2022-05-12,0,0,9999
1027,1235,2023-02-27,0,0,9999
1032,1242,2025-06-11,0,0,9999
1041,1253,2021-07-24,0,0,9999
1042,1254,2024-02-28,0,0,9999
1054,1267,2022-09-04,0,0,9999
1061,1277,2025-08-04,0,0,9999
1068,1289,2021-10-01,0,0,9999
1095,1322,2025-10-23,0,0,9999
1099,1328,2022-04-14,0,0,9999
1099,1329,2025-10-28,0,2,715
1099,1330,2023-11-13,0,1,578
1103,1338,2025-07-25,0,0,9999
1105,1341,2024-04-02,0,0,9999
1106,1342,2025-07-29,0,0,9999
1113,1348,2021-08-10,0,0,9999
1114,1349,2021-03-22,0,1,54
1114,1350,2021-01-27,0,0,9999
1120,1355,2025-09-05,0,0,9999
1121,1356,2025-12-29,0,0,9999
1134,1374,2023-08-08,0,0,9999
1142,1382,2025-10-01,0,0,9999
1161,1400,2024-04-03,0,0,9999
1169,1410,2025-05-13,0,0,9999
1173,1416,2021-10-08,0,0,9999
1198,1448,2023-07-08,0,0,9999
1210,1461,2021-02-04,0,0,9999
1218,1478,2025-12-01,0,0,9999
1220,1481,2024-08-24,0,0,9999
1229,1492,2022-08-01,0,0,9999
1229,1493,2023-04-22,0,1,264
1242,1505,2025-03-31,0,0,9999
1247,1510,2023-07-18,0,0,9999
1266,1539,2025-06-20,0,0,9999
1271,1545,2024-05-16,0,0,9999
1286,1567,2020-05-04,0,0,9999
1288,1570,2024-09-11,0,0,9999
1290,1573,2023-06-19,0,0,9999
1308,1599,2024-12-10,0,0,9999
1316,1610,2025-07-07,0,0,9999
1324,1624,2023-03-07,0,0,9999
1339,1641,2023-08-19,0,0,9999
1373,1673,2025-01-09,0,0,9999
1398,1699,2025-11-20,0,0,9999
1399,1701,2026-01-22,0,0,9999
1411,1710,2026-01-26,0,0,9999
1430,1731,2025-12-10,0,0,9999
1432,1733,2020-12-15,0,0,9999
1433,1734,2025-04-23,0,0,9999
1439,1740,2021-01-29,0,0,9999
1440,1741,2022-11-02,0,0,9999
1450,1746,2024-03-31,0,0,9999
1478,1769,2026-01-19,0,0,9999
1481,1772,2023-09-17,0,0,9999
1486,1779,2024-05-11,0,0,9999
1488,1781,2024-05-30,0,0,9999
1501,1793,2025-12-17,0,0,9999
1508,1800,2023-05-15,0,0,9999
1510,1801,2025-11-20,0,0,9999
1523,1815,2023-08-24,0,0,9999
1530,1827,2025-06-30,0,0,9999
1530,1828,2025-12-15,0,1,168
1559,1872,2023-10-10,0,0,9999
1568,1880,2024-12-23,0,0,9999
1569,1883,2024-01-11,0,0,9999
1570,1884,2023-12-17,0,0,9999
1585,1903,2026-01-13,0,0,9999
1591,1908,2025-11-10,0,0,9999
1594,1913,2025-07-29,0,0,9999
1600,1921,2025-12-06,0,0,9999
1612,1940,2022-11-23,0,0,9999
1630,1959,2025-07-22,0,0,9999
1633,1962,2024-07-24,0,0,9999
1640,1968,2026-01-01,0,0,9999
1641,1969,2025-02-16,0,0,9999
1643,1970,2019-10-06,0,0,9999
1643,1971,2021-10-14,0,1,739
1666,1995,2025-05-31,0,0,9999
1674,2007,2025-06-21,0,1,8
1674,2008,2025-06-13,1,0,9999
1677,2012,2025-07-25,0,0,9999
1686,2020,2020-04-07,0,0,9999
1688,2021,2021-01-02,0,0,9999
1689,2022,2023-06-23,0,0,9999
1692,2026,2026-01-12,0,1,41
1692,2028,2025-12-02,0,0,9999
1704,2044,2024-09-01,0,0,9999
1710,2051,2022-02-26,0,0,9999
1718,2066,2025-08-18,0,0,9999
1719,2067,2025-10-09,0,0,9999
1720,2069,2021-01-02,0,0,9999
1727,2077,2025-10-07,0,0,9999
1734,2085,2025-09-07,0,0,9999
1736,2087,2024-05-30,0,0,9999
1749,2101,2026-01-16,0,0,9999
1754,2106,2025-06-19,0,0,9999
1774,2132,2024-01-07,0,0,9999
1778,2137,2021-02-10,0,0,9999
1783,2144,2026-01-08,0,0,9999
1785,2146,2023-03-28,0,0,9999
1791,2155,2025-08-25,0,0,9999
1798,2165,2025-09-05,0,0,9999
1799,2167,2025-10-09,0,0,9999
1834,2202,2022-09-17,0,0,9999
1867,2246,2023-12-18,0,0,9999
1877,2253,2025-06-13,0,0,9999
1878,2255,2026-01-26,0,0,9999
1881,2260,2024-06-18,0,0,9999
1883,2262,2025-03-06,0,0,9999
1884,2263,2024-05-08,0,0,9999
1890,2273,2025-04-11,0,0,9999
1914,2298,2025-10-26,0,0,9999
1915,2300,2024-09-05,0,0,9999
1939,2327,2021-01-23,0,0,9999
1941,2330,2025-04-30,0,0,9999
1943,2333,2022-03-17,0,0,9999
1950,2343,2023-06-01,0,0,9999
1952,2347,2023-04-04,0,0,9999
1954,2352,2019-11-27,0,0,9999
1954,2353,2020-03-09,0,1,103
1958,2365,2020-06-16,0,0,9999
1958,2366,2025-06-10,0,1,1820
1960,2368,2026-01-20,0,0,9999
1969,2378,2025-05-16,0,0,9999
1981,2394,2021-03-17,0,0,9999
1985,2398,2025-08-26,0,0,9999
1988,2404,2025-11-30,0,0,9999
1995,2409,2022-06-29,0,0,9999
1998,2412,2023-12-15,0,0,9999
2001,2414,2025-02-12,0,0,9999
2015,2426,2025-08-13,0,0,9999
2020,2433,2025-11-27,0,0,9999
2032,2449,2024-04-08,0,0,9999
2033,2451,2025-01-04,0,0,9999
2034,2452,2023-01-11,0,0,9999
2045,2465,2022-12-14,0,0,9999
2048,2469,2025-12-19,0,0,9999
2053,2475,2024-11-30,0,1,1864
2053,2476,2019-10-24,0,0,9999
2056,2479,2024-11-05,0,0,9999
2056,2480,2025-01-07,0,1,63
2070,2500,2025-11-15,0,0,9999
2075,2509,2025-04-13,0,0,9999
2078,2513,2021-05-30,0,0,9999
2080,2515,2025-05-08,0,0,9999
2081,2516,2025-08-05,0,0,9999
2085,2521,2026-01-08,0,1,71
2085,2522,2025-10-29,0,0,9999
2102,2554,2024-12-17,0,0,9999
2110,2565,2019-11-29,0,0,9999
2116,2572,2025-10-16,0,0,9999
2122,2580,2024-01-10,0,0,9999
2139,2599,2024-03-04,0,0,9999
2144,2612,2023-03-13,0,0,9999
2146,2615,2020-11-04,0,0,9999
2148,2617,2025-05-07,0,0,9999
2149,2619,2025-12-12,0,0,9999
2154,2624,2024-01-10,0,0,9999
2158,2631,2021-11-05,0,0,9999
2174,2650,2025-10-26,0,0,9999
2188,2665,2024-02-13,0,0,9999
2202,2684,2024-03-03,0,0,9999
2208,2689,2024-04-17,0,0,9999
2212,2694,2025-08-10,0,0,9999
2217,2700,2023-09-16,0,1,297
2217,2701,2022-11-23,0,0,9999
2217,2703,2025-10-31,0,2,776
2235,2724,2020-07-20,0,0,9999
2241,2733,2025-11-15,0,0,9999
2259,2762,2025-04-20,0,0,9999
2262,2764,2022-12-30,0,0,9999
2271,2774,2024-07-08,0,0,9999
2280,2785,2024-10-26,0,0,9999
2304,2813,2025-04-08,0,1,602
2304,2814,2023-08-15,0,0,9999
2305,2816,2025-12-17,0,0,9999
2307,2822,2021-07-09,0,0,9999
2307,2823,2022-09-09,0,1,427
2309,2825,2026-01-27,0,0,9999
2315,2835,2024-03-28,0,0,9999
2317,2838,2022-10-03,0,0,9999
2318,2840,2025-04-22,0,1,764
2318,2841,2023-03-20,0,0,9999
2320,2844,2024-05-21,0,0,9999
2321,2845,2026-01-30,0,0,9999
2322,2846,2024-04-11,0,0,9999
2333,2866,2025-04-05,0,0,9999
2337,2870,2022-06-20,0,0,9999
2344,2878,2023-01-08,0,0,9999
2350,2884,2025-09-22,0,0,9999
2361,2897,2025-12-26,0,1,581
2361,2898,2024-05-24,0,0,9999
2366,2906,2025-08-28,0,0,9999
2383,2924,2025-11-15,0,0,9999
2391,2931,2024-08-28,0,0,9999
2393,2937,2021-11-19,0,0,9999
2394,2939,2025-07-07,0,0,9999
2396,2943,2025-06-03,0,0,9999
2396,2944,2025-12-19,0,1,199
2398,2946,2025-06-21,0,0,9999
2399,2947,2022-01-19,0,0,9999
2406,2951,2024-06-17,0,0,9999
2410,2956,2023-04-10,0,0,9999
2418,2965,2024-07-26,0,0,9999
2420,2967,2025-07-09,0,0,9999
2424,2971,2021-03-14,0,0,9999
2434,2987,2025-01-29,0,0,9999
2450,3001,2023-04-18,0,0,9999
2455,3006,2025-06-19,0,0,9999
2458,3009,2026-01-29,0,0,9999
2469,3023,2025-09-22,0,1,17
2469,3025,2025-09-05,1,0,9999
2470,3026,2022-10-29,0,0,9999
2472,3029,2024-10-03,0,0,9999
2473,3030,2025-01-06,0,0,9999
2486,3042,2024-09-07,0,0,9999
2487,3044,2025-12-29,0,0,9999
2499,3056,2025-04-21,0,0,9999
2509,3071,2023-12-01,0,0,9999
2512,3075,2023-09-15,0,0,9999
2513,3076,2024-12-06,0,0,9999
2518,3079,2024-04-16,0,0,9999
2525,3088,2024-12-03,0,0,9999
2531,3094,2026-01-11,0,0,9999
2532,3095,2026-01-11,0,0,9999
2559,3122,2021-06-27,0,0,9999
2583,3144,2025-03-01,0,0,9999
2584,3145,2025-08-10,0,1,852
2584,3148,2023-04-11,0,0,9999
2585,3149,2021-11-20,0,0,9999
2599,3158,2024-05-14,0,0,9999
2603,3162,2023-04-02,0,0,9999
2605,3163,2021-08-13,0,0,9999
2628,3194,2024-09-29,0,0,9999
2628,3195,2025-04-27,0,1,210
2640,3207,2025-04-26,0,0,9999
2653,3219,2023-06-16,0,1,622
2653,3220,2021-10-02,0,0,9999
2662,3230,2023-12-13,0,0,9999
2669,3242,2024-11-24,0,0,9999
2675,3246,2022-12-30,0,0,9999
2675,3247,2024-05-31,0,1,518
2682,3255,2026-01-21,1,0,9999
2682,3256,2026-01-27,0,1,6
2683,3258,2023-01-12,0,0,9999
2684,3259,2024-06-23,0,0,9999
2684,3260,2025-02-22,0,1,244
2690,3268,2025-10-01,0,1,746
2690,3270,2023-09-16,0,0,9999
2700,3283,2025-12-18,0,1,96
2700,3284,2025-09-13,0,0,9999
2712,3294,2026-01-15,0,0,9999
2715,3296,2021-02-08,0,0,9999
2757,3341,2021-02-06,0,0,9999
2757,3342,2024-12-19,0,2,1025
2757,3343,2022-02-28,0,1,387
2775,3368,2025-03-28,0,0,9999
2785,3381,2026-01-08,0,0,9999
2787,3384,2025-01-26,0,0,9999
2798,3396,2025-08-27,0,0,9999
2799,3397,2024-05-25,0,0,9999
2802,3406,2023-12-29,0,0,9999
2804,3409,2025-10-02,0,0,9999
2812,3421,2026-01-02,0,0,9999
2833,3450,2024-04-17,0,0,9999
2848,3468,2026-01-30,0,0,9999
2852,3474,2025-08-18,0,0,9999
2854,3479,2021-11-11,0,0,9999
2857,3485,2022-06-09,0,0,9999
2863,3489,2020-07-17,0,0,9999
2871,3496,2025-10-13,0,0,9999
2878,3510,2024-08-14,0,0,9999
2881,3516,2023-06-14,0,0,9999
2883,3520,2019-09-01,0,0,9999
2888,3528,2024-10-03,0,0,9999
2890,3533,2024-05-15,0,0,9999
2896,3539,2025-06-07,0,0,9999
2897,3542,2023-12-18,0,0,9999
2898,3543,2024-05-31,0,0,9999
2899,3544,2026-01-28,0,0,9999
2901,3545,2024-04-08,0,0,9999
2902,3549,2023-02-12,0,0,9999
2907,3552,2025-12-20,0,0,9999
2922,3570,2024-01-17,0,0,9999
2946,3603,2024-01-15,0,1,545
2946,3605,2022-07-19,0,0,9999
2958,3618,2023-08-23,0,0,9999
2960,3621,2023-05-26,0,0,9999
2964,3627,2025-03-03,0,0,9999
2974,3636,2020-02-08,0,0,9999
2974,3637,2025-07-15,0,1,1984
2977,3643,2024-02-15,0,0,9999
2987,3650,2022-10-16,0,0,9999
2993,3659,2023-06-30,0,0,9999
3002,3677,2025-06-14,0,0,9999
3004,3680,2025-11-28,0,0,9999
3013,3690,2025-02-11,0,0,9999
3017,3693,2024-05-23,0,0,9999
3030,3705,2023-05-04,0,0,9999
3043,3720,2026-01-18,0,0,9999
3049,3728,2024-12-15,0,0,9999
3053,3732,2024-07-09,0,0,9999
3071,3756,2023-01-24,0,0,9999
3081,3771,2025-04-05,0,0,9999
3082,3772,2024-05-17,0,0,9999
3083,3773,2025-08-01,0,0,9999
3084,3774,2024-07-04,0,0,9999
3092,3785,2022-06-20,0,0,9999
3104,3798,2025-11-09,0,0,9999
3108,3802,2022-03-28,0,0,9999
3108,3803,2023-09-18,0,1,539
3110,3807,2025-09-29,0,1,158
3110,3809,2025-04-24,0,0,9999
3120,3820,2023-07-10,0,0,9999
3122,3824,2021-09-01,0,0,9999
3129,3831,2022-08-15,0,0,9999
3137,3838,2025-04-27,0,0,9999
3146,3849,2021-06-09,0,0,9999
3155,3861,2024-10-09,0,0,9999
3160,3868,2023-01-21,0,0,9999
3177,3882,2024-09-22,0,0,9999
3192,3902,2024-11-23,0,0,9999
3195,3908,2026-01-08,0,0,9999
3202,3918,2023-10-23,0,0,9999
3204,3924,2025-01-08,0,0,9999
3213,3938,2026-01-28,0,0,9999
3219,3941,2022-06-21,0,0,9999
3220,3942,2025-09-19,0,0,9999
3224,3950,2022-05-05,0,0,9999
3225,3952,2024-08-18,0,0,9999
3236,3964,2025-07-03,0,0,9999
3247,3981,2023-09-06,0,0,9999
3247,3982,2024-10-23,0,1,413
3249,3986,2025-03-16,0,0,9999
3253,3989,2025-06-18,0,0,9999
3264,4000,2021-03-17,0,0,9999
3269,4007,2022-01-15,0,0,9999
3269,4009,2025-10-11,0,1,1365
3273,4015,2022-07-02,0,0,9999
3275,4016,2022-08-02,0,0,9999
3277,4018,2021-06-15,0,0,9999
3290,4036,2023-10-31,0,0,9999
3298,4045,2025-02-03,0,0,9999
3298,4046,2025-07-18,0,1,165
3304,4056,2025-05-16,0,1,262
3304,4057,2024-08-27,0,0,9999
3306,4061,2024-07-15,0,0,9999
3318,4079,2025-11-04,0,0,9999
3320,4083,2019-12-03,0,0,9999
3324,4089,2025-09-16,0,0,9999
3349,4122,2024-08-13,0,0,9999
3349,4123,2026-01-14,0,1,519
3360,4140,2024-07-06,0,0,9999
3364,4146,2024-08-08,0,0,9999
3366,4148,2021-07-30,0,0,9999
3377,4159,2023-10-06,0,0,9999
3386,4173,2024-04-13,0,0,9999
3388,4175,2024-05-08,0,0,9999
3394,4186,2026-01-27,0,0,9999
3416,4209,2025-12-16,0,0,9999
3419,4213,2025-11-22,0,0,9999
3425,4220,2025-12-31,0,0,9999
3426,4222,2024-10-31,0,0,9999
3433,4234,2025-09-01,0,0,9999
3435,4237,2023-12-25,1,0,9999
3435,4238,2024-01-12,0,1,18
3437,4241,2019-06-05,0,2,40
3437,4243,2019-04-26,0,1,82
3437,4244,2019-02-03,0,0,9999
3439,4246,2023-05-31,0,0,9999
3442,4249,2026-01-30,0,0,9999
3446,4254,2025-12-07,0,0,9999
3449,4258,2024-08-09,0,0,9999
3452,4264,2023-08-06,0,0,9999
3453,4266,2020-02-15,0,0,9999
3454,4267,2025-08-07,0,0,9999
3472,4289,2022-12-10,0,0,9999
3473,4290,2022-01-24,0,0,9999
3473,4291,2025-11-23,0,1,1399
3479,4302,2020-03-11,0,0,9999
3482,4309,2024-07-14,0,0,9999
3499,4334,2025-06-02,0,0,9999
3504,4340,2025-12-14,0,0,9999
3507,4342,2021-03-03,0,0,9999
3520,4362,2025-11-11,0,0,9999
3521,4364,2023-11-16,0,0,9999
3548,4392,2020-09-10,0,0,9999
3554,4401,2022-09-12,0,0,9999
3563,4418,2025-10-04,0,0,9999
3567,4424,2023-04-15,0,0,9999
3568,4426,2026-01-08,0,0,9999
3569,4427,2019-10-26,0,0,9999
3571,4428,2024-02-07,0,0,9999
3573,4429,2026-01-30,0,0,9999
3580,4437,2023-09-01,0,0,9999
3586,4445,2024-11-19,0,0,9999
3587,4447,2024-07-04,0,1,93
3587,4448,2024-04-02,0,0,9999
3591,4457,2025-09-07,0,0,9999
3598,4469,2026-01-29,0,0,9999
3603,4476,2022-10-19,0,0,9999
3617,4489,2025-11-30,0,0,9999
3632,4506,2026-01-14,0,1,41
3632,4508,2025-12-04,0,0,9999
3649,4523,2024-11-14,0,0,9999
3651,4526,2024-11-10,0,0,9999
3652,4528,2025-12-05,0,0,9999
3657,4536,2025-10-12,0,0,9999
3662,4544,2022-06-25,0,0,9999
3671,4554,2025-05-26,0,0,9999
3678,4560,2025-08-07,0,0,9999
3682,4570,2024-11-03,0,0,9999
3684,4573,2024-06-23,0,0,9999
3693,4581,2025-11-10,0,1,434
3693,4582,2024-09-02,0,0,9999
3702,4591,2024-12-25,0,0,9999
3713,4606,2024-01-04,0,0,9999
3715,4607,2024-09-17,0,0,9999
3716,4609,2024-05-24,0,0,9999
3717,4613,2025-09-02,0,0,9999
3725,4625,2025-04-05,0,0,9999
3747,4650,2025-04-05,0,2,694
3747,4651,2022-11-30,0,0,9999
3747,4652,2023-05-12,0,1,163
3748,4653,2024-03-17,0,1,302
3748,4654,2023-05-20,0,0,9999
3749,4655,2024-04-15,0,0,9999
3750,4658,2025-09-29,0,0,9999
3761,4675,2025-09-16,0,1,39
3761,4677,2025-08-08,0,0,9999
3762,4679,2024-07-29,0,0,9999
3765,4680,2022-07-25,0,0,9999
3767,4681,2024-05-02,0,1,229
3767,4683,2023-09-16,0,0,9999
3773,4687,2025-10-17,0,0,9999
3775,4691,2025-04-02,0,0,9999
3795,4711,2025-03-26,0,0,9999
3797,4714,2025-05-04,0,0,9999
3804,4721,2020-08-02,0,0,9999
3811,4729,2022-05-31,0,0,9999
3838,4758,2025-10-24,0,1,610
3838,4759,2024-02-22,0,0,9999
3847,4773,2020-08-07,0,0,9999
3853,4782,2021-09-13,0,0,9999
3857,4785,2025-09-16,0,0,9999
3872,4812,2025-02-06,0,1,725
3872,4813,2023-02-12,0,0,9999
3879,4823,2023-10-18,0,0,9999
3891,4839,2020-10-18,0,0,9999
3908,4866,2022-08-24,0,0,9999
3919,4883,2025-10-19,0,0,9999
3920,4884,2025-12-28,0,1,462
3920,4886,2024-09-22,0,0,9999
3936,4903,2025-03-29,0,0,9999
3940,4912,2020-11-02,0,0,9999
3943,4916,2024-12-14,0,0,9999
3946,4919,2023-10-05,0,0,9999
3949,4921,2026-01-29,0,0,9999
3949,4922,2026-01-29,0,0,9999
3953,4929,2026-01-30,0,0,9999
3956,4934,2024-02-03,0,0,9999
3966,4946,2025-06-28,0,0,9999
3979,4964,2025-12-08,0,0,9999
3981,4967,2024-12-05,0,0,9999
3982,4970,2024-10-21,0,0,9999
3987,4972,2026-01-29,0,0,9999
4002,4988,2025-02-27,0,0,9999
4005,4993,2023-02-02,0,0,9999
4008,4996,2025-05-05,0,0,9999
4009,4998,2025-06-17,0,0,9999
4012,5001,2026-01-14,0,0,9999
4013,5003,2024-01-08,0,0,9999
4032,5023,2024-11-07,0,0,9999
4055,5051,2023-01-17,0,0,9999
4061,5058,2024-12-01,0,0,9999
4062,5060,2022-12-16,0,0,9999
4066,5066,2024-02-05,0,0,9999
4086,5092,2022-06-01,0,1,876
4086,5093,2020-01-07,0,0,9999
4102,5120,2022-04-14,0,0,9999
4108,5131,2021-04-07,0,0,9999
4115,5140,2023-02-04,0,0,9999
4122,5151,2026-01-21,0,0,9999
4124,5154,2025-04-25,0,0,9999
4140,5171,2024-05-18,0,0,9999
4147,5180,2022-02-15,0,0,9999
4148,5181,2026-01-06,0,0,9999
4157,5190,2025-01-28,0,0,9999
4160,5194,2024-10-23,0,1,526
4160,5195,2023-05-16,0,0,9999
4161,5198,2024-11-28,0,0,9999
4172,5215,2023-01-02,0,0,9999
4181,5224,2025-06-09,0,0,9999
4185,5230,2022-04-25,0,0,9999
4197,5244,2024-08-19,0,0,9999
4201,5249,2023-11-05,0,0,9999
4201,5251,2025-11-11,0,1,737
4215,5270,2023-03-17,0,0,9999
4219,5276,2024-09-20,0,0,9999
4225,5283,2021-07-17,0,0,9999
4239,5304,2026-01-05,0,0,9999
4249,5318,2025-12-04,0,0,9999
4261,5333,2025-05-31,0,0,9999
4266,5336,2024-05-12,0,1,237
4266,5337,2023-09-18,0,0,9999
4272,5342,2023-07-14,1,0,9999
4272,5344,2023-07-18,0,1,4
4276,5349,2024-10-08,0,0,9999
4288,5362,2021-02-16,0,0,9999
4293,5374,2025-09-24,0,1,1662
4293,5375,2021-03-07,0,0,9999
4294,5376,2024-07-21,0,0,9999
4301,5384,2024-01-07,0,0,9999
4304,5388,2023-08-05,0,0,9999
4319,5403,2023-06-18,0,0,9999
4333,5416,2023-02-22,0,0,9999
4333,5417,2025-07-25,0,1,884
4334,5418,2025-11-08,0,0,9999
4335,5419,2023-11-10,0,0,9999
4338,5423,2025-07-22,0,0,9999
4339,5424,2025-07-11,0,0,9999
4341,5426,2025-06-23,0,0,9999
4343,5427,2025-11-12,0,0,9999
4347,5432,2025-08-18,0,0,9999
4347,5433,2026-01-10,0,1,145
4363,5452,2026-01-24,0,0,9999
4373,5463,2025-01-22,0,0,9999
4418,5515,2024-11-19,0,0,9999
4434,5533,2024-11-13,0,0,9999
4438,5538,2025-05-21,0,0,9999
4443,5545,2025-12-14,0,0,9999
4444,5546,2024-12-12,0,0,9999
4444,5549,2025-11-13,0,1,336
4451,5555,2024-03-21,0,0,9999
4454,5557,2022-02-03,0,0,9999
4457,5563,2025-06-28,0,0,9999
4462,5576,2026-01-24,0,0,9999
4463,5580,2022-03-15,0,0,9999
4472,5588,2025-02-01,0,0,9999
4482,5601,2025-06-30,0,0,9999
4483,5603,2025-01-06,0,1,54
4483,5604,2024-11-13,0,0,9999
4486,5610,2025-08-21,0,0,9999
4497,5620,2025-10-04,0,0,9999
4514,5643,2022-10-05,0,0,9999
4533,5665,2025-10-21,0,0,9999
4534,5666,2024-12-04,0,0,9999
4544,5673,2025-10-06,0,0,9999
4560,5690,2023-03-09,0,0,9999
4571,5702,2023-06-26,0,0,9999
4585,5719,2025-03-20,0,0,9999
4585,5720,2025-10-29,0,1,223
4591,5729,2024-07-06,0,0,9999
4596,5736,2023-04-10,0,0,9999
4613,5756,2025-02-07,0,0,9999
4629,5769,2022-02-08,0,0,9999
4638,5775,2025-09-21,0,0,9999
4643,5782,2025-12-21,0,0,9999
4657,5805,2024-12-04,0,0,9999
4666,5814,2025-11-30,0,0,9999
4670,5819,2020-05-06,0,0,9999
4679,5834,2025-10-13,0,1,378
4679,5835,2024-09-30,0,0,9999
4680,5837,2021-04-12,0,0,9999
4682,5839,2022-10-13,0,0,9999
4683,5841,2021-02-19,0,0,9999
4690,5853,2025-08-29,0,0,9999
4691,5854,2025-06-01,0,0,9999
4711,5884,2025-03-13,0,0,9999
4712,5888,2022-02-08,0,0,9999
4712,5889,2023-10-13,0,1,612
4724,5907,2025-11-19,0,0,9999
4727,5909,2025-05-13,0,0,9999
4738,5922,2024-10-20,0,0,9999
4738,5923,2025-03-03,0,2,42
4738,5924,2025-01-20,0,1,92
4739,5925,2024-05-14,0,0,9999
4740,5926,2022-06-20,0,0,9999
4740,5928,2023-12-04,0,2,225
4740,5929,2023-04-23,0,1,307
4746,5936,2024-04-16,0,0,9999
4750,5942,2022-04-01,0,0,9999
4758,5949,2025-06-22,0,0,9999
4763,5956,2025-07-30,0,0,9999
4763,5957,2025-10-02,0,1,64
4766,5965,2025-09-02,0,0,9999
4769,5970,2024-08-31,0,0,9999
4795,6004,2023-01-22,0,0,9999
4802,6012,2026-01-30,0,0,9999
4811,6016,2024-04-22,0,1,14
4811,6017,2024-04-08,1,0,9999
4824,6032,2019-11-14,0,0,9999
4826,6037,2023-05-05,0,0,9999
4832,6045,2024-03-03,0,0,9999
4834,6048,2021-08-02,0,0,9999
4840,6056,2025-09-18,0,0,9999
4843,6058,2025-08-09,0,0,9999
4844,6059,2022-03-19,0,0,9999
4849,6065,2024-01-02,0,0,9999
4849,6066,2024-03-26,0,1,84
4863,6084,2026-01-26,0,0,9999
4866,6089,2022-09-05,0,0,9999
4872,6099,2025-11-23,0,0,9999
4873,6102,2025-11-03,0,0,9999
4879,6114,2022-05-14,0,0,9999
4882,6118,2025-11-12,0,0,9999
4884,6121,2025-06-13,0,0,9999
4887,6125,2025-06-18,0,0,9999
4897,6141,2023-10-12,0,0,9999
4915,6162,2025-11-19,0,0,9999
4916,6164,2022-05-31,0,0,9999
4921,6169,2024-07-22,0,0,9999
4922,6170,2026-01-25,0,1,47
4922,6171,2025-12-09,0,0,9999
4927,6176,2024-05-04,0,0,9999
4935,6183,2024-04-16,0,0,9999
4937,6187,2021-07-09,0,0,9999
4943,6198,2021-10-22,0,0,9999
4944,6199,2024-11-04,0,0,9999
4950,6206,2023-01-24,0,0,9999
4953,6213,2025-12-07,0,0,9999
4966,6229,2024-06-05,0,0,9999
4967,6230,2025-09-20,0,0,9999
4974,6241,2025-04-22,0,0,9999
4982,6250,2024-12-22,0,1,434
4982,6251,2023-10-15,0,0,9999
4983,6252,2024-08-19,0,1,509
4983,6254,2023-03-29,0,0,9999
4991,6267,2025-01-15,0,0,9999
4995,6269,2020-06-10,0,0,9999
4999,6275,2025-04-27,0,0,9999
5014,6289,2022-05-01,0,0,9999
5020,6296,2024-04-07,0,0,9999
5024,6301,2023-03-20,0,0,9999
5026,6307,2024-03-11,0,0,9999
5029,6311,2026-01-01,0,0,9999
5033,6321,2023-10-31,0,0,9999
5043,6332,2022-08-19,0,0,9999
5047,6339,2025-09-08,0,1,206
5047,6341,2025-02-14,0,0,9999
5054,6347,2024-08-16,0,0,9999
5058,6350,2025-05-20,0,0,9999
5060,6352,2025-10-17,0,0,9999
5070,6365,2021-10-30,0,0,9999
5076,6369,2025-06-15,0,0,9999
5081,6372,2025-01-11,0,0,9999
5096,6394,2022-03-27,0,0,9999
5097,6396,2021-11-14,0,0,9999
5102,6404,2025-11-07,0,0,9999
5109,6413,2022-11-12,0,0,9999
5134,6438,2025-03-01,0,0,9999
5161,6476,2022-10-16,0,0,9999
5162,6478,2025-04-14,0,0,9999
5172,6493,2026-01-12,0,1,50
5172,6494,2025-11-23,0,0,9999
5174,6495,2022-04-20,0,0,9999
5177,6499,2024-06-22,0,0,9999
5196,6517,2025-10-01,0,0,9999
5202,6523,2025-10-16,0,0,9999
5216,6538,2023-12-06,0,0,9999
5218,6540,2019-06-28,0,0,9999
5225,6550,2020-10-25,0,0,9999
5241,6568,2021-12-06,0,0,9999
5243,6570,2025-07-16,0,0,9999
5257,6588,2026-01-10,0,0,9999
5292,6630,2021-07-15,0,0,9999
5297,6637,2024-11-22,0,0,9999
5303,6643,2026-01-20,0,0,9999
5304,6644,2023-05-09,0,0,9999
5305,6645,2025-11-24,0,0,9999
5308,6647,2023-12-01,0,0,9999
5316,6656,2024-01-14,0,0,9999
5345,6689,2021-05-12,0,0,9999
5345,6690,2023-11-28,0,1,930
5354,6700,2020-12-31,0,0,9999
5356,6703,2025-06-29,0,0,9999
5361,6710,2023-11-27,0,0,9999
5363,6712,2021-11-02,0,0,9999
5363,6713,2026-01-28,0,1,1548
5368,6721,2023-08-27,0,0,9999
5392,6744,2026-01-30,0,0,9999
5393,6745,2025-12-09,0,0,9999
5396,6749,2025-11-25,0,0,9999
5403,6760,2025-08-23,0,0,9999
5404,6762,2025-10-14,0,0,9999
5410,6765,2026-01-27,0,0,9999
5420,6774,2024-05-13,0,0,9999
5430,6782,2025-07-12,0,0,9999
5438,6788,2025-09-27,0,1,339
5438,6789,2024-10-23,0,0,9999
5441,6793,2021-05-02,0,0,9999
5459,6816,2026-01-20,0,0,9999
5489,6853,2025-07-15,0,0,9999
5495,6859,2023-07-03,0,0,9999
5504,6870,2025-11-06,0,0,9999
5509,6878,2024-01-18,0,0,9999
5514,6883,2025-02-12,0,0,9999
5527,6896,2024-10-10,0,0,9999
5529,6899,2025-10-18,0,0,9999
5531,6902,2025-02-09,0,1,89
5531,6903,2024-11-12,0,0,9999
5533,6907,2025-11-29,0,0,9999
5534,6908,2025-08-29,0,0,9999
5543,6922,2024-06-25,0,0,9999
5572,6958,2025-08-26,0,0,9999
5573,6959,2026-01-16,0,0,9999
5576,6967,2024-09-03,0,0,9999
5585,6981,2025-06-14,0,0,9999
5595,6989,2022-07-15,0,0,9999
5595,6990,2025-04-03,0,1,993
5605,7001,2024-09-26,0,1,371
5605,7002,2023-09-21,0,0,9999
5612,7014,2025-07-12,0,0,9999
5619,7023,2025-01-03,0,0,9999
5626,7031,2024-12-07,0,0,9999
5626,7032,2026-01-21,0,1,410
5632,7040,2024-01-07,0,1,279
5632,7041,2023-04-03,0,0,9999
5639,7050,2025-12-02,0,0,9999
5649,7061,2025-06-21,0,1,793
5649,7062,2023-04-20,0,0,9999
5651,7064,2025-12-17,0,0,9999
5660,7075,2022-05-27,0,0,9999
5674,7091,2025-06-23,0,0,9999
5686,7111,2025-10-13,0,0,9999
5688,7113,2026-01-20,0,0,9999
5691,7118,2025-01-24,0,0,9999
5692,7122,2026-01-26,0,0,9999
5708,7135,2024-05-22,0,0,9999
5716,7147,2023-08-05,0,0,9999
5733,7169,2023-03-21,0,0,9999
5736,7176,2024-04-21,0,0,9999
5749,7191,2023-10-17,0,0,9999
5759,7200,2025-09-26,0,0,9999
5764,7204,2025-01-22,0,0,9999
5767,7207,2024-07-30,0,0,9999
5778,7216,2025-03-08,0,0,9999
5780,7218,2026-01-30,0,0,9999
5795,7230,2025-10-18,0,0,9999
5803,7237,2024-06-24,0,0,9999
5813,7249,2025-11-14,0,0,9999
5822,7259,2025-11-25,0,0,9999
5839,7279,2025-04-05,0,0,9999
5840,7280,2023-07-23,0,0,9999
5840,7282,2024-09-21,0,1,426
5844,7288,2022-06-20,0,0,9999
5846,7289,2025-04-18,0,0,9999
5859,7304,2025-08-23,0,0,9999
5874,7323,2022-02-24,0,0,9999
5878,7329,2025-09-08,0,0,9999
5880,7331,2024-08-01,0,0,9999
5894,7344,2025-06-23,0,0,9999
5904,7352,2023-10-04,0,0,9999
5908,7361,2025-04-23,0,0,9999
5912,7368,2021-01-17,0,0,9999
5915,7372,2025-12-08,0,0,9999
5922,7380,2025-10-24,0,0,9999
5925,7386,2025-02-02,0,0,9999
5931,7393,2025-08-04,0,0,9999
5948,7415,2025-12-13,0,0,9999
5963,7429,2025-04-25,0,0,9999
5966,7432,2024-05-20,0,0,9999
5967,7433,2025-05-23,0,0,9999
5969,7435,2024-03-24,0,0,9999
5989,7461,2022-01-17,0,0,9999
5990,7462,2024-10-22,0,0,9999
5997,7468,2025-10-16,0,0,9999
6017,7492,2023-08-21,0,0,9999
6026,7500,2025-02-27,0,0,9999
6031,7506,2025-12-06,0,0,9999
6046,7525,2024-12-20,0,0,9999
6047,7526,2022-03-01,0,0,9999
6049,7530,2025-04-23,0,1,189
6049,7532,2024-10-16,0,0,9999
6054,7538,2025-06-24,0,0,9999
6060,7543,2025-06-14,0,0,9999
6061,7545,2025-09-29,0,0,9999
6063,7547,2024-05-04,0,0,9999
6069,7555,2025-12-14,0,1,107
6069,7556,2025-08-29,0,0,9999
6095,7585,2025-03-01,0,0,9999
6096,7586,2025-06-08,0,0,9999
6107,7601,2025-03-09,0,0,9999
6108,7602,2025-01-15,0,2,93
6108,7603,2024-10-14,0,1,201
6108,7605,2024-03-27,0,0,9999
6118,7617,2025-08-07,0,0,9999
6123,7623,2025-01-25,0,0,9999
6125,7628,2024-04-01,0,0,9999
6144,7648,2025-03-24,0,0,9999
6144,7650,2025-10-29,0,1,219
6149,7662,2021-05-18,0,0,9999
6153,7665,2022-11-21,0,0,9999
6160,7673,2021-12-14,0,0,9999
6166,7679,2022-08-31,0,0,9999
6169,7682,2023-11-24,0,0,9999
6171,7684,2025-06-19,0,0,9999
6178,7693,2025-06-07,0,1,351
6178,7694,2024-06-21,0,0,9999
6201,7716,2022-02-17,0,0,9999
6223,7734,2025-06-17,0,0,9999
6231,7745,2025-09-08,0,0,9999
6240,7754,2025-06-09,0,0,9999
6242,7757,2025-10-30,0,0,9999
6245,7762,2026-01-30,0,0,9999
6246,7763,2026-01-02,0,1,193
6246,7764,2025-06-23,0,0,9999
6264,7786,2024-12-23,0,0,9999
6268,7790,2023-09-01,0,0,9999
6273,7797,2024-07-14,0,0,9999
6277,7801,2025-04-28,0,0,9999
6283,7810,2021-09-23,0,0,9999
6288,7815,2024-08-09,0,0,9999
6289,7816,2023-04-14,0,0,9999
6313,7847,2025-04-27,0,0,9999
6315,7849,2025-09-17,0,0,9999
6317,7852,2026-01-29,0,0,9999
6324,7858,2021-10-13,0,0,9999
6336,7870,2025-05-28,0,1,208
6336,7871,2024-11-01,0,0,9999
6340,7875,2026-01-28,0,0,9999
6344,7883,2024-02-03,0,1,733
6344,7884,2022-01-31,0,0,9999
6346,7890,2025-01-09,0,0,9999
6348,7899,2025-02-19,0,0,9999
6362,7917,2026-01-22,0,1,14
6362,7918,2026-01-08,1,0,9999
6365,7921,2025-02-03,0,0,9999
6365,7922,2025-10-30,0,1,269
6370,7928,2024-12-02,0,0,9999
6370,7929,2026-01-19,0,1,413
6380,7941,2024-06-20,0,0,9999
6381,7945,2021-09-04,0,0,9999
6388,7955,2024-11-16,0,0,9999
6393,7963,2025-04-16,0,0,9999
6394,7964,2026-01-25,1,0,9999
6394,7965,2026-01-26,0,1,1
6407,7977,2025-10-16,0,0,9999
6409,7983,2024-09-15,0,0,9999
6425,8005,2026-01-26,0,0,9999
6439,8020,2024-07-09,0,0,9999
6451,8034,2026-01-08,0,0,9999
6462,8048,2025-08-15,0,0,9999
6473,8062,2025-01-29,0,0,9999
6475,8064,2025-05-04,0,0,9999
6478,8067,2022-07-11,0,0,9999
6482,8073,2024-03-30,0,0,9999
6499,8088,2025-07-04,0,0,9999
6508,8097,2021-06-05,0,0,9999
6512,8100,2021-12-11,0,0,9999
6516,8106,2025-04-08,0,0,9999
6520,8110,2025-10-04,0,0,9999
6522,8112,2024-06-23,0,0,9999
6524,8118,2025-01-12,0,0,9999
6533,8132,2023-08-09,0,0,9999
6542,8145,2025-12-01,0,0,9999
6556,8162,2020-10-23,0,0,9999
6561,8171,2024-10-24,0,0,9999
6567,8179,2021-08-31,0,0,9999
6570,8183,2024-03-12,0,0,9999
6578,8192,2022-01-10,0,0,9999
6578,8193,2022-08-15,0,1,217
6579,8194,2025-03-22,0,0,9999
6589,8206,2024-11-18,0,0,9999
6600,8225,2020-11-18,0,0,9999
6604,8231,2025-12-28,1,0,9999
6604,8232,2026-01-16,0,1,19
6655,8289,2026-01-20,0,0,9999
6671,8312,2024-07-15,0,0,9999
6677,8323,2025-11-03,0,0,9999
6678,8324,2021-12-06,0,0,9999
6682,8329,2024-04-09,0,0,9999
6688,8338,2023-10-05,0,0,9999
6696,8350,2026-01-30,0,0,9999
6697,8352,2022-02-27,0,0,9999
6699,8355,2025-11-18,1,0,9999
6699,8356,2025-12-09,0,1,21
6706,8365,2025-03-20,0,0,9999
6707,8369,2025-02-04,0,0,9999
6713,8375,2023-09-21,0,0,9999
6726,8389,2022-06-14,0,0,9999
6731,8392,2025-03-18,0,0,9999
6732,8394,2024-10-02,0,0,9999
6739,8406,2020-08-05,0,0,9999
6744,8411,2023-12-19,0,0,9999
6746,8412,2025-07-30,0,0,9999
6746,8413,2025-09-19,0,1,51
6762,8431,2025-12-02,0,1,10
6762,8432,2025-11-22,1,0,9999
6765,8440,2023-04-11,0,0,9999
6772,8453,2024-08-16,0,0,9999
6775,8458,2025-07-29,0,0,9999
6779,8465,2024-04-27,0,0,9999
6782,8468,2023-08-02,0,0,9999
6786,8472,2026-01-05,0,0,9999
6795,8479,2021-11-12,0,0,9999
6799,8481,2024-09-24,0,0,9999
6803,8488,2025-09-21,0,1,55
6803,8490,2025-07-28,0,0,9999
6814,8507,2025-10-01,0,0,9999
6817,8509,2025-06-28,0,1,103
6817,8510,2025-03-17,0,0,9999
6822,8517,2025-07-25,0,0,9999
6823,8518,2023-03-02,0,0,9999
6824,8522,2023-10-06,0,0,9999
6835,8534,2025-03-07,0,0,9999
6841,8544,2025-02-05,0,0,9999
6845,8548,2025-02-22,0,0,9999
6850,8558,2025-01-07,0,0,9999
6854,8561,2020-12-02,0,0,9999
6856,8565,2025-10-24,0,0,9999
6879,8591,2024-06-19,0,0,9999
6887,8600,2026-01-28,0,0,9999
6896,8610,2023-12-11,0,0,9999
6903,8622,2023-11-18,0,0,9999
6916,8638,2024-08-07,0,0,9999
6920,8645,2023-10-23,0,0,9999
6925,8651,2025-11-11,0,0,9999
6941,8671,2025-10-08,1,0,9999
6941,8672,2025-10-27,0,1,19
6944,8677,2026-01-24,0,0,9999
6944,8678,2026-01-24,0,0,9999
6946,8680,2024-12-05,0,0,9999
6955,8690,2023-02-23,0,0,9999
6956,8691,2025-12-07,0,0,9999
6985,8717,2025-11-29,0,2,593
6985,8718,2023-11-01,0,0,9999
6985,8719,2024-04-15,0,1,166
6989,8725,2024-02-09,0,0,9999
6991,8728,2025-05-15,0,0,9999
6999,8738,2026-01-29,0,0,9999
7009,8745,2024-08-17,0,0,9999
7019,8757,2023-04-15,0,0,9999
7029,8766,2024-03-23,0,0,9999
7039,8779,2025-05-24,0,0,9999
7044,8784,2021-06-23,0,0,9999
7050,8797,2025-12-03,0,0,9999
7051,8800,2024-02-10,0,0,9999
7065,8816,2025-04-02,0,0,9999
7091,8845,2023-06-18,0,0,9999
7095,8850,2024-01-07,0,0,9999
7098,8855,2022-02-22,0,0,9999
7104,8863,2024-02-14,0,0,9999
7123,8881,2025-11-05,0,0,9999
7129,8890,2025-09-21,0,0,9999
7135,8895,2019-11-14,0,0,9999
7137,8899,2025-11-23,0,0,9999
7141,8900,2024-04-10,0,0,9999
7147,8913,2024-06-05,0,0,9999
7150,8917,2025-10-22,0,0,9999
7153,8919,2024-02-26,0,0,9999
7158,8923,2025-11-08,0,0,9999
7160,8927,2023-01-23,0,0,9999
7165,8933,2023-12-29,0,0,9999
7167,8936,2024-09-25,0,0,9999
7171,8940,2025-12-22,0,0,9999
7178,8950,2024-04-26,0,0,9999
7179,8953,2025-04-26,0,0,9999
7188,8968,2024-05-02,0,0,9999
7202,8980,2023-09-07,0,0,9999
7204,8984,2025-09-20,0,0,9999
7206,8988,2025-10-26,0,0,9999
7213,8992,2025-11-29,0,0,9999
7214,8993,2024-05-22,0,0,9999
7216,8996,2026-01-29,0,0,9999
7221,9007,2026-01-30,0,0,9999
7228,9013,2024-08-04,0,0,9999
7239,9032,2026-01-28,0,0,9999
7242,9037,2025-03-31,0,0,9999
7243,9038,2025-02-07,0,0,9999
7246,9040,2026-01-28,0,0,9999
7250,9045,2023-07-24,0,0,9999
7264,9063,2026-01-29,0,0,9999
7284,9086,2025-11-22,0,0,9999
7296,9100,2025-11-24,0,0,9999
7307,9115,2023-10-21,0,0,9999
7332,9143,2025-01-12,0,0,9999
7345,9157,2025-10-03,0,0,9999
7348,9160,2025-11-09,0,0,9999
7355,9167,2025-12-08,0,0,9999
7374,9189,2019-09-01,0,0,9999
7376,9191,2023-06-08,0,0,9999
7377,9192,2025-10-20,0,0,9999
7380,9195,2021-10-21,0,0,9999
7384,9198,2026-01-05,0,0,9999
7385,9200,2025-04-10,0,0,9999
7397,9218,2022-01-22,0,0,9999
7400,9222,2023-01-08,0,0,9999
7407,9229,2025-11-23,0,0,9999
7409,9231,2025-08-17,0,0,9999
7410,9232,2026-01-28,0,0,9999
7417,9240,2025-04-08,0,0,9999
7418,9241,2020-12-07,0,0,9999
7427,9251,2025-12-10,0,0,9999
7435,9266,2026-01-29,0,0,9999
7437,9267,2025-02-21,0,0,9999
7437,9268,2025-11-02,0,1,254
7438,9269,2026-01-25,0,0,9999
7450,9280,2024-05-10,0,0,9999
7468,9306,2025-12-03,0,0,9999
7484,9331,2024-06-10,0,0,9999
7489,9340,2025-06-10,0,0,9999
7495,9348,2024-09-19,0,0,9999
7502,9357,2024-12-03,0,0,9999
7508,9363,2025-11-03,0,0,9999
7518,9377,2025-02-10,0,1,276
7518,9378,2024-05-10,0,0,9999
7531,9391,2025-11-12,0,1,345
7531,9393,2024-12-02,0,0,9999
7535,9396,2024-08-07,0,0,9999
7538,9402,2020-01-01,0,0,9999
7541,9409,2025-09-09,0,0,9999
7542,9410,2023-05-14,0,0,9999
7545,9413,2022-11-03,0,0,9999
7568,9435,2023-06-27,0,0,9999
7634,9506,2024-12-14,0,0,9999
7652,9530,2026-01-04,0,0,9999
7661,9545,2022-01-08,0,0,9999
7676,9553,2024-07-27,0,0,9999
7677,9556,2020-07-08,0,0,9999
7683,9564,2021-04-22,0,0,9999
7685,9567,2024-01-06,0,0,9999
7692,9578,2024-05-29,0,0,9999
7696,9583,2023-07-06,0,0,9999
7699,9587,2025-01-27,0,0,9999
7700,9588,2021-07-10,0,0,9999
7702,9591,2023-10-12,0,0,9999
7713,9604,2024-09-02,0,0,9999
7716,9606,2025-12-22,0,0,9999
7720,9612,2024-12-13,0,0,9999
7723,9616,2025-03-30,0,0,9999
7724,9617,2025-10-31,0,0,9999
7737,9625,2024-07-11,0,0,9999
7761,9650,2025-01-26,0,0,9999
7763,9652,2025-01-20,0,0,9999
7775,9668,2025-04-01,0,0,9999
7776,9671,2024-07-07,0,0,9999
7779,9676,2024-06-21,0,0,9999
7785,9685,2023-07-16,0,0,9999
7789,9688,2025-01-04,0,1,355
7789,9689,2024-01-15,0,0,9999
7792,9694,2024-08-16,0,0,9999
7797,9699,2025-01-18,0,0,9999
7797,9700,2025-07-23,0,1,186
7800,9702,2022-12-14,0,0,9999
7805,9714,2025-06-20,0,0,9999
7829,9740,2025-03-18,0,0,9999
7832,9744,2025-06-03,0,0,9999
7837,9749,2024-05-02,0,0,9999
7851,9770,2026-01-02,0,0,9999
7855,9773,2026-01-30,0,0,9999
7863,9784,2025-09-09,0,0,9999
7867,9787,2025-12-24,0,0,9999
7869,9792,2021-12-12,0,0,9999
7871,9795,2025-02-24,0,0,9999
7874,9799,2022-01-02,0,0,9999
7880,9807,2023-07-05,0,0,9999
7884,9812,2024-08-05,0,0,9999
7896,9831,2023-07-21,0,0,9999
7898,9833,2024-05-17,0,0,9999
7914,9851,2021-03-30,0,0,9999
7922,9857,2026-01-28,0,0,9999
7928,9860,2024-02-16,0,0,9999
7960,9906,2025-05-03,0,0,9999
7962,9910,2025-06-04,0,0,9999
7963,9912,2024-04-24,0,0,9999
7977,9926,2025-10-13,0,0,9999
7981,9932,2021-12-31,0,0,9999
7995,9944,2022-04-07,0,0,9999
8004,9953,2022-12-02,0,1,1243
8004,9954,2019-07-08,0,0,9999
8006,9955,2024-03-11,0,0,9999
8012,9964,2024-05-21,0,0,9999
8020,9975,2021-08-06,0,0,9999
8031,9991,2026-01-25,0,0,9999
8035,9998,2025-12-08,0,0,9999
8036,9999,2023-07-04,0,0,9999
8037,10000,2025-04-05,0,1,51
8037,10001,2025-02-13,0,0,9999
8050,10013,2024-04-07,0,0,9999
8054,10019,2023-11-04,0,0,9999
8068,10040,2025-12-25,0,0,9999
8069,10043,2024-03-24,0,0,9999
8076,10053,2024-04-08,0,0,9999
8082,10061,2024-03-10,0,0,9999
8095,10074,2026-01-15,0,1,9
8095,10075,2026-01-06,1,0,9999
8103,10087,2026-01-30,0,0,9999
8103,10088,2026-01-30,0,0,9999
8120,10103,2024-03-03,0,0,9999
8122,10106,2024-07-21,0,0,9999
8130,10110,2020-07-04,0,0,9999
8134,10115,2021-04-05,0,0,9999
8141,10123,2023-09-15,0,0,9999
8152,10142,2025-06-14,0,0,9999
8169,10155,2025-03-13,0,0,9999
8198,10187,2023-07-13,0,0,9999
8199,10188,2025-12-31,0,0,9999
8208,10195,2022-02-24,0,0,9999
8212,10200,2023-01-21,0,0,9999
8215,10205,2024-07-21,0,0,9999
8221,10214,2024-07-25,0,0,9999
8223,10219,2023-09-13,0,0,9999
8226,10222,2025-12-12,0,0,9999
8227,10223,2025-01-10,0,0,9999
8230,10226,2024-11-26,0,0,9999
8244,10241,2023-07-08,0,0,9999
8247,10247,2025-11-18,0,1,402
8247,10250,2024-10-12,0,0,9999
8250,10253,2025-08-04,0,0,9999
8251,10255,2024-05-12,0,0,9999
8265,10270,2019-09-22,0,0,9999
8267,10273,2025-05-11,0,0,9999
8281,10286,2021-08-26,0,0,9999
8286,10303,2025-09-18,0,0,9999
8287,10307,2025-06-26,0,0,9999
8294,10316,2021-10-23,0,0,9999
8300,10323,2024-10-20,0,0,9999
8304,10326,2021-05-23,0,0,9999
8308,10331,2021-11-06,0,0,9999
8320,10342,2026-01-30,0,0,9999
8337,10366,2022-12-21,0,0,9999
8345,10377,2025-08-09,0,0,9999
8358,10386,2022-07-31,0,0,9999
8361,10388,2025-05-20,0,0,9999
8371,10396,2021-07-27,0,0,9999
8387,10411,2025-11-21,0,0,9999
8388,10413,2025-08-22,0,0,9999
8389,10416,2026-01-18,0,0,9999
8398,10424,2023-08-19,0,0,9999
8415,10444,2025-12-04,0,0,9999
8419,10447,2026-01-26,0,0,9999
8428,10458,2025-06-27,0,0,9999
8429,10459,2026-01-23,0,1,23
8429,10460,2025-12-31,1,0,9999
8434,10470,2025-04-24,1,0,9999
8434,10471,2025-04-30,0,1,6
8436,10477,2026-01-17,0,0,9999
8446,10496,2024-09-03,0,0,9999
8447,10498,2024-05-05,0,0,9999
8449,10502,2023-07-31,0,0,9999
8451,10505,2022-03-20,0,1,51
8451,10506,2022-01-28,0,0,9999
8452,10507,2025-12-12,0,0,9999
8464,10524,2025-12-24,0,0,9999
8469,10528,2023-01-24,0,0,9999
8473,10535,2023-02-15,0,0,9999
8505,10567,2022-06-03,0,0,9999
8506,10568,2025-05-01,0,0,9999
8510,10572,2025-10-16,0,0,9999
8513,10574,2024-10-26,0,0,9999
8526,10587,2024-06-06,0,0,9999
8527,10588,2025-06-12,0,1,718
8527,10590,2023-06-25,0,0,9999
8530,10593,2021-12-23,0,0,9999
8537,10601,2022-04-21,0,0,9999
8546,10609,2021-02-09,0,0,9999
8553,10617,2025-10-26,0,0,9999
8554,10618,2025-12-18,0,0,9999
8556,10620,2024-07-12,0,0,9999
8571,10637,2025-08-01,0,0,9999
8579,10645,2024-09-25,0,0,9999
8584,10653,2020-05-09,0,0,9999
8585,10655,2025-06-23,0,0,9999
8602,10683,2026-01-26,0,0,9999
8609,10692,2025-08-13,0,0,9999
8614,10700,2020-10-15,0,0,9999
8615,10701,2022-06-26,0,0,9999
8616,10702,2023-08-09,0,0,9999
8622,10710,2025-12-26,0,0,9999
8627,10716,2025-11-16,0,0,9999
8657,10754,2025-03-28,0,0,9999
8670,10772,2022-02-07,0,0,9999
8681,10787,2025-07-09,0,0,9999
8697,10804,2023-11-18,0,0,9999
8721,10834,2024-12-21,0,0,9999
8722,10836,2026-01-29,0,1,333
8722,10838,2025-03-02,0,0,9999
8737,10852,2021-01-21,0,0,9999
8743,10857,2025-09-24,0,0,9999
8755,10870,2024-04-06,0,0,9999
8761,10878,2025-09-13,0,0,9999
8765,10883,2025-08-19,0,0,9999
8782,10910,2026-01-30,0,0,9999
8786,10920,2025-01-04,0,0,9999
8791,10930,2024-11-24,0,0,9999
8793,10933,2025-02-05,0,0,9999
8801,10939,2025-09-25,0,0,9999
8808,10950,2026-01-21,0,0,9999
8811,10953,2021-05-03,0,0,9999
8835,10989,2021-02-11,0,0,9999
8849,11010,2025-07-15,0,0,9999
8854,11015,2026-01-03,0,0,9999
8858,11019,2025-12-05,0,0,9999
8858,11020,2026-01-17,0,1,43
8869,11039,2025-02-12,0,0,9999
8870,11042,2024-02-05,0,0,9999
8875,11048,2025-07-08,0,0,9999
8879,11051,2023-09-14,0,0,9999
8881,11053,2026-01-18,0,0,9999
8882,11056,2021-09-21,0,0,9999
8886,11060,2025-09-07,0,0,9999
8888,11062,2025-09-27,0,0,9999
8889,11063,2024-08-17,0,0,9999
8896,11071,2021-02-11,0,0,9999
8900,11076,2021-09-16,0,0,9999
8903,11080,2026-01-30,0,0,9999
8915,11096,2024-02-02,0,0,9999
8916,11098,2025-12-27,0,0,9999
8925,11114,2025-05-19,0,0,9999
8930,11121,2025-10-13,0,0,9999
8931,11123,2023-07-29,0,0,9999
8934,11125,2019-07-01,0,0,9999
8942,11136,2024-08-11,0,0,9999
8950,11144,2025-10-28,0,1,157
8950,11145,2025-05-24,0,0,9999
8953,11148,2024-01-05,0,1,266
8953,11149,2023-04-14,0,0,9999
8959,11155,2024-08-05,0,0,9999
8961,11159,2025-08-01,0,0,9999
8966,11167,2021-03-25,0,0,9999
8973,11173,2024-08-18,0,0,9999
8974,11177,2023-01-19,0,0,9999
8982,11191,2025-08-14,0,0,9999
8985,11194,2025-09-12,0,0,9999
9000,11218,2024-10-31,0,0,9999
9002,11221,2023-09-29,0,0,9999
9006,11225,2023-07-23,0,0,9999
9026,11246,2024-06-19,0,0,9999
9032,11255,2024-07-31,0,0,9999
9036,11259,2024-08-06,0,0,9999
9040,11263,2024-12-11,0,0,9999
9050,11278,2025-11-11,0,0,9999
9050,11279,2026-01-29,0,1,79
9061,11298,2025-12-23,0,1,38
9061,11299,2025-11-15,0,0,9999
9063,11304,2023-11-30,0,1,500
9063,11305,2022-07-18,0,0,9999
9070,11314,2024-04-19,0,0,9999
9070,11315,2025-01-15,0,1,271
9074,11321,2025-05-10,0,0,9999
9084,11329,2025-03-09,0,0,9999
9092,11340,2024-05-04,0,0,9999
9103,11358,2025-03-28,0,0,9999
9111,11366,2025-10-05,0,1,220
9111,11367,2025-02-27,0,0,9999
9131,11395,2025-07-02,0,0,9999
9135,11396,2024-08-21,0,0,9999
9152,11410,2024-01-20,0,0,9999
9158,11420,2025-02-24,0,1,460
9158,11422,2023-11-22,0,0,9999
9162,11430,2023-05-10,0,0,9999
9164,11435,2026-01-23,0,0,9999
9192,11471,2023-12-30,0,0,9999
9197,11479,2025-06-21,0,0,9999
9203,11488,2025-04-21,0,0,9999
9204,11489,2025-06-14,0,0,9999
9209,11497,2025-09-12,0,1,1409
9209,11498,2021-11-03,0,0,9999
9217,11505,2025-01-31,0,0,9999
9221,11513,2024-09-27,0,0,9999
9223,11514,2025-03-21,0,2,349
9223,11515,2024-04-06,0,1,38
9223,11516,2024-02-28,0,0,9999
9229,11527,2024-08-11,0,0,9999
9251,11557,2023-04-26,0,0,9999
9252,11558,2025-12-22,0,1,70
9252,11559,2025-10-13,0,0,9999
9257,11567,2026-01-13,0,1,89
9257,11568,2025-10-16,0,0,9999
9262,11572,2025-10-17,0,0,9999
9310,11617,2026-01-01,0,0,9999
9327,11639,2022-06-15,0,0,9999
9337,11648,2025-07-15,0,0,9999
9347,11665,2025-11-27,0,0,9999
9351,11670,2026-01-14,0,0,9999
9353,11675,2025-10-01,0,0,9999
9358,11681,2024-12-16,0,0,9999
9369,11693,2024-07-20,0,0,9999
9375,11699,2025-09-07,0,0,9999
9380,11704,2025-07-03,0,0,9999
9383,11707,2023-11-27,0,0,9999
9383,11708,2024-07-26,0,1,242
9384,11711,2024-11-08,0,0,9999
9385,11712,2025-11-18,0,0,9999
9394,11723,2024-07-18,0,0,9999
9398,11730,2026-01-02,0,1,628
9398,11731,2024-04-14,0,0,9999
9405,11743,2025-08-27,0,0,9999
9415,11754,2023-01-23,0,0,9999
9428,11769,2025-11-19,0,0,9999
9430,11772,2025-03-27,0,0,9999
9433,11775,2025-08-22,0,0,9999
9436,11781,2021-01-26,0,0,9999
9459,11805,2021-12-12,0,0,9999
9465,11815,2023-12-17,0,0,9999
9475,11833,2024-07-18,0,0,9999
9506,11869,2023-04-17,0,0,9999
9522,11891,2021-02-28,0,0,9999
9536,11913,2024-09-22,0,0,9999
9537,11917,2022-06-09,0,0,9999
9554,11936,2023-12-07,0,0,9999
9556,11939,2025-08-14,0,0,9999
9560,11943,2023-03-31,0,0,9999
9566,11950,2022-06-22,0,0,9999
9571,11955,2024-05-29,0,0,9999
9577,11963,2026-01-01,0,0,9999
9579,11965,2024-12-14,0,0,9999
9594,11978,2024-05-10,0,0,9999
9599,11983,2025-12-28,0,0,9999
9606,11991,2022-11-16,0,0,9999
9609,12000,2024-04-14,0,0,9999
9613,12004,2025-09-02,0,0,9999
9622,12017,2024-08-12,0,0,9999
9638,12038,2024-03-24,0,0,9999
9641,12044,2025-10-09,0,0,9999
9656,12063,2021-02-18,0,0,9999
9665,12072,2023-08-06,0,0,9999
9672,12079,2025-07-30,0,0,9999
9682,12092,2025-08-15,0,0,9999
9728,12151,2024-11-28,0,0,9999
9737,12166,2025-06-29,0,0,9999
9743,12177,2025-11-14,0,0,9999
9752,12190,2023-06-16,0,0,9999
9766,12207,2024-10-15,0,0,9999
9768,12209,2025-01-28,0,0,9999
9774,12217,2026-01-22,0,0,9999
9784,12225,2020-10-10,0,0,9999
9788,12229,2023-12-21,0,0,9999
9789,12230,2021-10-12,0,0,9999
9791,12233,2026-01-26,0,0,9999
9798,12241,2024-11-03,0,0,9999
9803,12246,2024-12-27,0,1,96
9803,12247,2024-09-22,0,0,9999
9805,12250,2019-07-13,0,0,9999
9808,12254,2021-07-28,0,0,9999
9810,12258,2024-07-29,0,0,9999
9812,12261,2026-01-19,0,0,9999
9825,12279,2024-06-29,0,0,9999
9833,12289,2025-02-06,0,0,9999
9834,12290,2025-08-06,0,1,210
9834,12291,2025-01-08,0,0,9999
9845,12302,2025-08-02,0,0,9999
9850,12309,2026-01-27,0,0,9999
9855,12312,2026-01-23,0,0,9999
9860,12321,2021-08-16,0,0,9999
9860,12322,2025-03-09,0,1,1301
9863,12325,2023-12-04,0,0,9999
9863,12327,2024-10-27,0,1,328
9864,12328,2025-11-12,0,0,9999
9866,12332,2025-11-06,0,0,9999
9877,12344,2023-04-03,0,0,9999
9878,12345,2023-03-12,0,0,9999
9885,12350,2026-01-29,0,0,9999
9886,12352,2022-06-16,0,0,9999
9894,12360,2024-02-08,0,0,9999
9894,12363,2024-11-19,0,1,285
9903,12383,2023-04-16,0,0,9999
9918,12407,2026-01-17,0,0,9999
9923,12415,2025-10-03,0,0,9999
9939,12444,2026-01-21,0,0,9999
9942,12446,2023-02-17,0,0,9999
9944,12448,2023-12-02,0,0,9999
9949,12451,2025-04-21,0,1,344
9949,12452,2024-05-12,0,0,9999
9958,12462,2025-09-09,0,0,9999
9966,12473,2025-11-16,0,0,9999
9973,12485,2025-06-14,0,0,9999
9977,12489,2021-05-12,0,0,9999
9995,12514,2024-05-30,0,0,9999
9998,12518,2026-01-22,0,0,9999
9999,12521,2023-07-14,0,0,9999
10005,12526,2024-12-02,0,0,9999
10009,12530,2023-12-09,0,0,9999
10009,12531,2024-08-21,0,1,256
10011,12533,2024-01-05,0,0,9999
10018,12538,2026-01-30,0,0,9999
10022,12543,2024-09-02,0,0,9999
10023,12545,2023-03-06,0,0,9999
10024,12546,2024-06-19,0,0,9999
10034,12560,2023-01-12,0,0,9999
10035,12561,2025-04-19,0,0,9999
10037,12563,2025-09-15,0,0,9999
10041,12566,2025-09-21,0,1,97
10041,12567,2025-06-16,0,0,9999
10055,12581,2025-06-07,0,0,9999
10066,12586,2025-06-24,0,0,9999
10068,12588,2025-06-26,0,0,9999
10069,12590,2024-09-06,0,1,9
10069,12591,2024-08-28,1,0,9999
10080,12606,2025-09-06,0,0,9999
10081,12607,2023-09-19,0,0,9999
10090,12623,2022-09-04,0,1,267
10090,12626,2021-12-11,0,0,9999
10094,12632,2021-01-19,0,0,9999
10096,12634,2020-03-24,0,0,9999
10112,12662,2025-11-22,0,0,9999
10125,12672,2023-08-01,0,0,9999
10126,12673,2022-07-09,0,0,9999
10128,12674,2024-02-17,0,0,9999
10130,12677,2021-09-12,0,0,9999
10137,12684,2024-01-29,0,0,9999
10164,12716,2025-08-12,0,0,9999
10165,12717,2025-05-02,0,0,9999
10168,12721,2022-11-24,0,0,9999
10172,12723,2023-03-12,0,0,9999
10180,12731,2021-06-19,0,0,9999
10181,12733,2021-07-03,0,0,9999
10187,12742,2024-09-09,0,0,9999
10187,12743,2025-03-04,0,1,176
10191,12745,2025-03-07,0,0,9999
10195,12750,2025-06-13,0,0,9999
10200,12755,2024-10-02,0,0,9999
10201,12756,2022-04-29,0,0,9999
10201,12757,2025-11-25,0,1,1306
10203,12760,2025-10-13,0,0,9999
10208,12770,2025-03-12,0,0,9999
10210,12774,2022-05-24,0,0,9999
10220,12785,2025-08-25,0,0,9999
10237,12808,2025-02-07,0,0,9999
10246,12819,2025-04-21,0,0,9999
10249,12823,2024-04-14,0,0,9999
10251,12826,2025-03-23,0,0,9999
10253,12828,2025-12-29,0,0,9999
10255,12830,2025-09-29,0,0,9999
10260,12835,2026-01-30,0,0,9999
10265,12845,2024-08-20,0,0,9999
10267,12848,2024-01-06,0,0,9999
10273,12857,2023-08-30,0,0,9999
10285,12874,2024-06-05,0,0,9999
10285,12875,2025-07-29,0,1,419
10289,12878,2025-03-14,0,0,9999
10290,12880,2023-12-08,0,0,9999
10298,12889,2023-10-13,0,0,9999
10300,12891,2026-01-27,0,0,9999
10303,12894,2024-04-18,0,0,9999
10307,12897,2025-06-17,0,0,9999
10337,12931,2025-03-25,0,0,9999
10354,12954,2024-04-18,0,0,9999
10359,12961,2024-12-30,0,0,9999
10364,12968,2023-04-03,0,0,9999
10368,12973,2024-04-07,1,0,9999
10368,12974,2024-04-09,0,1,2
10392,13003,2022-07-10,0,0,9999
10405,13023,2025-10-27,0,0,9999
10412,13031,2019-05-31,0,0,9999
10416,13037,2024-01-12,0,0,9999
10432,13056,2023-01-30,0,0,9999
10434,13058,2024-09-24,0,0,9999
10442,13069,2025-10-15,0,0,9999
10452,13082,2024-03-26,0,0,9999
10455,13088,2026-01-21,0,0,9999
10461,13095,2021-11-02,0,0,9999
10471,13114,2022-12-01,0,0,9999
10478,13124,2023-10-15,0,0,9999
10488,13134,2024-01-16,0,0,9999
10496,13147,2024-03-08,0,1,382
10496,13148,2023-02-20,0,0,9999
10503,13159,2021-02-08,0,0,9999
10505,13161,2026-01-03,0,0,9999
10512,13170,2024-08-03,0,0,9999
10528,13183,2025-04-10,0,0,9999
10538,13196,2025-07-01,0,0,9999
10543,13202,2020-03-28,0,0,9999
10567,13228,2024-06-28,0,0,9999
10576,13238,2026-01-29,0,0,9999
10580,13241,2025-07-10,0,0,9999
10587,13248,2025-10-11,0,0,9999
10589,13252,2022-12-03,0,0,9999
10596,13259,2026-01-06,0,0,9999
10602,13267,2022-04-28,0,0,9999
10605,13270,2024-09-09,0,0,9999
10607,13273,2025-09-25,0,0,9999
10613,13280,2025-06-12,0,0,9999
10624,13291,2025-01-15,0,0,9999
10630,13298,2023-12-16,0,0,9999
10633,13303,2025-12-31,0,0,9999
10646,13317,2022-11-19,0,0,9999
10646,13318,2023-10-20,0,1,335
10651,13325,2025-01-15,0,0,9999
10654,13333,2021-10-20,0,0,9999
10655,13335,2024-05-03,0,0,9999
10674,13360,2023-05-17,0,0,9999
10689,13377,2025-12-05,0,0,9999
10696,13385,2024-06-20,0,0,9999
10697,13389,2024-08-12,0,0,9999
10701,13393,2022-02-21,0,0,9999
10709,13402,2024-10-10,0,0,9999
10718,13415,2026-01-26,0,1,22
10718,13416,2026-01-04,1,0,9999
10741,13447,2024-09-07,0,0,9999
10749,13457,2024-07-11,0,0,9999
10750,13458,2025-05-29,0,0,9999
10751,13461,2023-09-04,0,0,9999
10755,13468,2025-08-31,0,0,9999
10763,13475,2022-07-17,0,0,9999
10781,13494,2026-01-19,0,0,9999
10785,13498,2026-01-30,0,0,9999
10788,13505,2024-12-25,0,0,9999
10790,13510,2025-07-01,0,0,9999
10807,13530,2025-08-17,0,0,9999
10808,13533,2022-04-08,0,0,9999
10817,13545,2025-07-28,0,0,9999
10827,13555,2023-05-18,0,0,9999
10842,13576,2022-10-06,0,0,9999
10843,13578,2025-01-11,0,0,9999
10844,13579,2025-04-26,0,0,9999
10849,13588,2024-07-16,0,0,9999
10855,13597,2019-12-12,0,0,9999
10861,13603,2025-03-13,0,0,9999
10866,13607,2023-05-22,0,0,9999
10870,13610,2024-10-19,0,0,9999
10871,13611,2024-11-11,0,0,9999
10874,13615,2025-09-13,0,0,9999
10877,13620,2026-01-13,0,0,9999
10880,13625,2024-11-10,0,0,9999
10882,13626,2025-05-05,0,0,9999
10889,13634,2025-05-05,0,0,9999
10893,13642,2024-03-24,0,0,9999
10894,13643,2025-09-17,0,0,9999
10897,13649,2020-10-17,0,0,9999
10898,13650,2023-04-21,0,0,9999
10918,13679,2025-03-05,0,0,9999
10924,13686,2026-01-09,0,0,9999
10939,13706,2025-01-24,0,0,9999
10944,13713,2024-11-22,0,0,9999
10946,13715,2024-02-19,0,0,9999
10948,13720,2026-01-25,0,0,9999
10950,13722,2021-09-08,0,0,9999
10953,13725,2024-07-10,0,0,9999
10971,13745,2025-11-26,0,0,9999
10983,13765,2025-11-12,0,0,9999
10984,13766,2025-09-02,0,0,9999
10987,13770,2022-06-25,0,0,9999
10991,13776,2026-01-15,0,0,9999
10996,13783,2025-06-01,0,1,243
10996,13784,2024-10-01,0,0,9999
11016,13807,2023-03-22,0,0,9999
11021,13814,2024-01-02,0,0,9999
11023,13821,2025-08-01,0,0,9999
11029,13830,2022-02-16,0,0,9999
11040,13841,2026-01-05,0,0,9999
11041,13843,2025-02-25,0,0,9999
11043,13846,2023-09-21,0,0,9999
11046,13849,2026-01-28,0,0,9999
11069,13872,2025-11-20,0,0,9999
11076,13883,2023-06-19,0,0,9999
11089,13894,2025-08-16,0,0,9999
11090,13896,2024-06-30,0,0,9999
11092,13898,2021-12-23,0,0,9999
11103,13913,2021-10-09,0,0,9999
11112,13921,2026-01-03,0,0,9999
11121,13940,2019-10-24,0,0,9999
11123,13943,2025-03-08,0,0,9999
11126,13948,2024-10-15,0,0,9999
11140,13962,2023-05-14,0,0,9999
11143,13966,2025-11-02,0,0,9999
11149,13975,2026-01-25,0,0,9999
11157,13981,2023-06-16,0,0,9999
11166,13989,2025-12-31,0,0,9999
11173,13999,2025-11-25,0,0,9999
11183,14011,2023-08-16,0,0,9999
11187,14019,2025-01-16,0,0,9999
11197,14035,2022-11-16,0,0,9999
11201,14042,2023-01-07,0,0,9999
11202,14044,2025-09-06,0,0,9999
11205,14047,2025-11-21,0,0,9999
11206,14049,2024-07-06,0,0,9999
11212,14056,2024-04-01,0,0,9999
11218,14060,2025-10-10,0,0,9999
11219,14061,2025-12-26,0,0,9999
11226,14070,2022-08-11,0,0,9999
11235,14078,2025-10-07,0,0,9999
11260,14102,2026-01-23,0,0,9999
11268,14109,2023-01-05,0,0,9999
11268,14111,2025-04-22,0,1,838
11294,14137,2023-01-07,0,0,9999
11298,14142,2023-05-09,0,0,9999
11299,14143,2023-10-24,0,0,9999
11299,14144,2025-08-24,0,1,670
11311,14161,2023-07-09,0,1,711
11311,14162,2024-04-09,0,2,275
11311,14163,2021-07-28,0,0,9999
11311,14164,2024-09-30,0,3,174
11314,14168,2025-01-18,0,0,9999
11318,14175,2025-08-28,0,0,9999
11323,14178,2025-10-17,0,0,9999
11324,14179,2024-04-07,0,0,9999
11331,14189,2025-08-13,0,0,9999
11332,14190,2024-06-23,0,0,9999
11344,14209,2023-01-05,0,0,9999
11346,14213,2026-01-12,0,1,597
11346,14214,2024-05-25,0,0,9999
11365,14236,2025-08-23,0,1,1487
11365,14238,2021-07-28,0,0,9999
11366,14239,2023-10-17,0,0,9999
11370,14242,2026-01-16,0,0,9999
11378,14251,2024-05-05,0,1,470
11378,14252,2023-01-21,0,0,9999
11378,14253,2025-10-04,0,2,517
11383,14260,2025-04-16,0,1,1392
11383,14261,2021-06-24,0,0,9999
11393,14267,2022-05-28,0,0,9999
11398,14275,2021-06-05,0,0,9999
11423,14302,2024-05-24,0,0,9999
11431,14312,2020-04-29,0,0,9999
11438,14322,2024-11-04,0,0,9999
11440,14324,2026-01-18,0,0,9999
11457,14341,2024-09-27,0,0,9999
11462,14347,2026-01-30,0,0,9999
11462,14349,2026-01-30,0,0,9999
11468,14360,2025-11-08,0,0,9999
11478,14369,2024-06-08,0,0,9999
11483,14374,2025-06-27,0,0,9999
11484,14375,2025-11-24,0,0,9999
11485,14378,2024-12-27,0,0,9999
11492,14384,2024-10-07,0,0,9999
11493,14386,2024-05-12,0,0,9999
11499,14392,2025-09-20,0,0,9999
11540,14446,2026-01-28,0,0,9999
11562,14470,2026-01-07,0,0,9999
11563,14471,2024-07-07,0,0,9999
11566,14475,2025-04-24,0,0,9999
11575,14486,2021-09-20,0,0,9999
11580,14493,2025-11-10,0,0,9999
11585,14502,2024-01-17,0,0,9999
11586,14503,2024-04-23,0,0,9999
11596,14513,2025-07-19,0,1,185
11596,14514,2025-01-15,0,0,9999
11598,14516,2025-02-01,0,0,9999
11618,14541,2026-01-25,0,0,9999
11623,14550,2024-11-03,0,0,9999
11625,14554,2023-05-09,0,0,9999
11625,14555,2025-06-08,0,1,761
11636,14569,2021-11-18,0,0,9999
11637,14571,2025-12-17,0,0,9999
11638,14573,2021-09-11,0,0,9999
11650,14593,2023-03-21,0,0,9999
11668,14613,2021-10-24,0,0,9999
11672,14622,2022-04-23,0,0,9999
11675,14626,2023-05-03,0,0,9999
11675,14627,2023-06-19,0,1,47
11676,14628,2024-06-09,0,0,9999
11677,14630,2025-01-01,0,1,463
11677,14631,2023-09-26,0,0,9999
11679,14635,2026-01-03,0,0,9999
11681,14636,2024-11-02,0,0,9999
11700,14661,2025-08-13,0,0,9999
11702,14664,2024-05-19,0,0,9999
11704,14666,2025-10-29,0,0,9999
11720,14681,2021-09-06,0,0,9999
11725,14688,2023-10-25,0,0,9999
11728,14694,2025-01-20,0,0,9999
11743,14707,2025-07-22,0,0,9999
11765,14739,2024-07-06,0,0,9999
11769,14745,2024-04-05,0,0,9999
11784,14763,2022-12-24,0,0,9999
11788,14766,2021-05-29,0,0,9999
11796,14776,2025-02-04,0,0,9999
11805,14785,2025-01-09,0,0,9999
11815,14795,2024-12-24,0,1,516
11815,14797,2023-07-27,0,0,9999
11822,14810,2025-11-22,0,0,9999
11828,14821,2022-01-10,0,0,9999
11832,14829,2024-09-18,0,0,9999
11837,14836,2019-06-26,0,0,9999
11839,14838,2022-12-08,0,0,9999
11870,14873,2021-02-13,0,0,9999
11874,14879,2025-10-12,0,0,9999
11876,14883,2025-05-21,0,0,9999
11887,14897,2024-05-26,0,0,9999
11889,14901,2024-07-21,0,0,9999
11894,14907,2024-07-18,0,0,9999
11899,14914,2024-05-21,0,0,9999
11904,14919,2025-10-28,0,0,9999
11907,14921,2025-11-11,0,0,9999
11935,14950,2024-09-25,0,0,9999
11937,14952,2021-04-25,0,0,9999
11937,14953,2021-06-07,0,1,43
11949,14969,2025-11-05,0,0,9999
11978,15002,2022-07-21,0,0,9999
11979,15003,2024-09-21,0,0,9999
11994,15026,2025-06-02,0,0,9999
12001,15035,2022-12-17,0,0,9999
12008,15044,2024-07-29,0,0,9999
12009,15045,2025-10-08,0,0,9999
12031,15067,2024-09-23,0,0,9999
12031,15068,2025-04-03,0,1,192
12046,15082,2024-08-07,0,0,9999
12048,15085,2025-04-08,0,0,9999
12059,15094,2026-01-22,0,0,9999
12061,15096,2025-08-29,0,0,9999
12062,15097,2025-03-12,0,0,9999
12063,15100,2025-05-19,0,0,9999
12063,15101,2025-08-05,0,1,78
12065,15103,2025-06-07,0,0,9999
12066,15104,2025-11-01,0,0,9999
12071,15112,2020-03-29,0,0,9999
12072,15113,2025-08-25,0,0,9999
12074,15118,2025-11-20,0,0,9999
12080,15123,2025-04-15,0,0,9999
12087,15132,2025-09-19,0,0,9999
12093,15139,2025-10-10,0,0,9999
12094,15141,2024-09-24,0,0,9999
12107,15153,2025-09-28,0,0,9999
12111,15157,2025-06-02,0,0,9999
12111,15158,2025-07-07,0,1,35
12113,15159,2024-05-06,0,0,9999
12121,15164,2025-07-15,0,0,9999
12124,15167,2025-01-06,0,0,9999
12127,15172,2026-01-15,0,0,9999
12129,15174,2021-05-28,0,0,9999
12155,15202,2025-12-21,0,1,292
12155,15203,2025-03-04,0,0,9999
12165,15216,2021-09-13,0,0,9999
12168,15221,2024-09-15,0,0,9999
12175,15232,2026-01-29,0,0,9999
12181,15235,2021-10-31,0,0,9999
12184,15238,2022-09-30,0,0,9999
12185,15240,2023-08-01,0,0,9999
12194,15251,2024-01-20,0,0,9999
12209,15269,2025-05-09,0,0,9999
12210,15270,2024-11-08,0,0,9999
12214,15274,2019-12-19,0,0,9999
12221,15285,2025-05-16,0,0,9999
12227,15298,2026-01-29,0,0,9999
12239,15308,2026-01-28,0,0,9999
12245,15312,2026-01-22,0,0,9999
12254,15322,2024-09-27,0,0,9999
12256,15327,2025-07-26,0,0,9999
12257,15328,2025-11-10,0,0,9999
12261,15333,2022-12-16,0,0,9999
12299,15380,2025-06-10,0,0,9999
12303,15383,2024-09-21,0,0,9999
12309,15392,2022-11-01,0,0,9999
12311,15394,2022-04-01,0,0,9999
12322,15408,2025-11-28,0,0,9999
12347,15434,2024-02-17,0,0,9999
12378,15478,2020-11-06,0,0,9999
12379,15480,2024-07-06,0,0,9999
12384,15486,2019-08-30,0,0,9999
12385,15487,2026-01-28,0,0,9999
12395,15502,2022-04-22,0,0,9999
12406,15521,2024-06-26,0,0,9999
12410,15529,2025-11-22,0,0,9999
12449,15573,2026-01-30,0,1,1
12449,15576,2026-01-29,1,0,9999
12455,15581,2024-11-24,0,0,9999
12465,15595,2024-07-13,0,0,9999
12468,15599,2025-07-21,0,0,9999
12480,15611,2021-02-04,0,0,9999
12490,15624,2023-10-04,0,0,9999
12495,15633,2025-05-11,0,0,9999
12510,15645,2023-12-20,0,0,9999
12536,15677,2020-08-31,0,0,9999
12541,15683,2025-10-13,0,0,9999
12547,15684,2025-09-23,0,0,9999
12584,15730,2020-10-30,0,0,9999
12595,15743,2021-04-18,0,0,9999
12600,15751,2026-01-30,0,0,9999
12616,15775,2024-05-16,0,0,9999
12617,15780,2025-03-23,0,0,9999
12624,15791,2022-04-15,0,0,9999
12639,15804,2025-07-04,0,0,9999
12646,15813,2025-12-19,0,0,9999
12656,15826,2024-09-09,0,0,9999
12671,15845,2019-11-08,0,0,9999
12671,15847,2021-07-26,0,1,626
12688,15863,2025-10-08,0,0,9999
12691,15867,2025-12-24,0,0,9999
12701,15879,2023-05-20,0,0,9999
12707,15886,2023-01-01,0,0,9999
12708,15887,2026-01-22,0,0,9999
12709,15888,2025-03-08,0,0,9999
12720,15908,2023-06-25,0,0,9999
12728,15919,2022-11-09,0,0,9999
12730,15921,2024-04-27,0,0,9999
12738,15931,2023-09-11,0,0,9999
12744,15939,2024-04-17,0,0,9999
12749,15948,2025-02-24,0,0,9999
12759,15957,2024-01-18,0,0,9999
12770,15971,2022-11-22,0,0,9999
12777,15980,2025-08-24,0,0,9999
12786,15991,2022-06-25,0,0,9999
12794,16005,2025-11-29,0,0,9999
12798,16009,2024-08-15,0,0,9999
12809,16021,2024-02-06,0,0,9999
12811,16023,2024-11-10,0,0,9999
12811,16024,2025-02-05,0,1,87
12814,16031,2025-09-02,0,0,9999
12819,16040,2025-01-31,0,0,9999
12821,16045,2025-08-31,0,0,9999
12824,16049,2025-04-05,0,0,9999
12833,16058,2023-02-20,0,0,9999
12835,16059,2023-03-01,0,0,9999
12838,16061,2024-11-20,0,0,9999
12842,16064,2025-08-03,0,0,9999
12862,16083,2022-08-15,0,0,9999
12866,16088,2025-11-27,0,0,9999
12879,16106,2026-01-30,0,0,9999
12892,16120,2025-12-18,0,0,9999
12897,16124,2023-10-29,0,0,9999
12902,16129,2024-04-11,0,0,9999
12904,16131,2025-06-01,0,0,9999
12914,16146,2025-12-01,0,0,9999
12917,16148,2024-09-16,0,0,9999
12922,16155,2025-06-11,0,0,9999
12946,16178,2022-12-09,0,0,9999
12981,16219,2022-12-19,0,0,9999
12983,16226,2025-09-29,0,1,60
12983,16228,2025-07-31,0,0,9999
12986,16229,2025-06-27,0,0,9999
12990,16234,2025-10-19,0,0,9999
12993,16238,2025-05-04,0,0,9999
12995,16239,2019-08-25,0,0,9999
12997,16241,2025-11-15,0,1,1981
12997,16242,2020-06-13,0,0,9999
12999,16248,2021-09-10,0,0,9999
13005,16256,2025-03-21,0,0,9999
13020,16277,2025-07-02,0,0,9999
13024,16281,2025-09-15,0,0,9999
13027,16285,2024-12-24,0,0,9999
13031,16288,2022-06-07,0,0,9999
13034,16293,2024-09-02,0,0,9999
13039,16300,2023-12-02,0,0,9999
13046,16311,2023-06-14,0,0,9999
13059,16323,2024-03-10,0,0,9999
13062,16325,2024-03-04,0,0,9999
13069,16333,2025-10-23,0,0,9999
13081,16345,2021-05-10,0,0,9999
13089,16355,2022-06-30,0,0,9999
13091,16362,2023-04-15,0,0,9999
13096,16368,2025-02-12,0,0,9999
13101,16375,2025-01-31,0,0,9999
13109,16382,2024-07-04,0,0,9999
13128,16402,2021-01-03,0,0,9999
13137,16412,2026-01-29,0,0,9999
13142,16423,2022-06-18,0,0,9999
13149,16431,2026-01-29,0,0,9999
13150,16436,2025-05-31,0,0,9999
13152,16439,2024-05-14,0,0,9999
13168,16459,2019-07-12,0,0,9999
13169,16461,2024-07-28,0,0,9999
13176,16470,2023-11-18,0,0,9999
13178,16474,2025-06-18,0,0,9999
13179,16476,2025-02-06,0,0,9999
13182,16480,2025-12-27,0,0,9999
13187,16490,2025-10-13,0,0,9999
13197,16503,2026-01-12,0,0,9999
13212,16522,2025-11-19,0,0,9999
13213,16523,2022-02-13,0,0,9999
13214,16524,2025-11-20,0,0,9999
13222,16534,2025-11-18,0,0,9999
13238,16562,2025-10-22,0,0,9999
13241,16564,2024-01-27,0,0,9999
13248,16572,2020-03-08,0,0,9999
13249,16575,2024-01-01,0,0,9999
13271,16610,2025-01-23,0,0,9999
13271,16611,2025-11-25,0,1,306
13278,16618,2024-01-28,0,0,9999
13291,16634,2023-03-29,0,0,9999
13316,16667,2025-05-18,0,0,9999
13318,16671,2025-11-30,0,0,9999
13324,16679,2025-02-10,0,0,9999
13325,16680,2021-08-22,0,0,9999
13340,16696,2021-08-14,0,0,9999
13358,16717,2019-09-22,0,0,9999
13366,16731,2025-11-27,0,0,9999
13373,16737,2024-07-12,0,0,9999
13387,16761,2025-11-24,0,0,9999
13387,16762,2026-01-14,0,1,51
13399,16776,2025-03-29,0,0,9999
13411,16789,2025-11-04,0,0,9999
13417,16803,2023-10-18,0,0,9999
13420,16809,2025-11-09,0,0,9999
13430,16819,2020-09-02,0,0,9999
13439,16829,2025-10-06,0,0,9999
13440,16830,2025-12-30,0,0,9999
13453,16846,2020-01-08,0,0,9999
13466,16855,2024-12-28,0,1,73
13466,16856,2024-10-16,0,0,9999
13481,16873,2026-01-24,0,0,9999
13486,16878,2025-10-08,0,0,9999
13489,16885,2022-08-15,0,1,36
13489,16886,2022-07-10,0,0,9999
13491,16887,2025-05-05,0,1,280
13491,16888,2024-07-29,0,0,9999
13496,16893,2025-11-27,0,1,1308
13496,16894,2022-04-29,0,0,9999
13509,16914,2025-12-24,0,0,9999
13517,16924,2026-01-22,0,0,9999
13522,16932,2023-11-20,0,0,9999
13524,16939,2024-04-26,0,0,9999
13541,16958,2025-10-07,0,1,36
13541,16959,2025-09-01,0,0,9999
13541,16961,2025-12-15,0,2,69
13543,16962,2022-04-25,0,1,159
13543,16963,2021-11-17,0,0,9999
13545,16969,2025-03-25,0,0,9999
13549,16974,2023-10-07,0,1,93
13549,16975,2023-07-06,0,0,9999
13555,16984,2022-10-13,0,0,9999
13558,16987,2024-10-16,0,0,9999
13560,16989,2023-09-02,0,0,9999
13566,16994,2026-01-29,0,1,2
13566,16995,2026-01-27,1,0,9999
13573,17003,2026-01-13,0,0,9999
13575,17006,2023-06-04,0,0,9999
13579,17008,2023-10-03,0,0,9999
13601,17027,2024-08-03,0,0,9999
13603,17029,2025-09-25,0,0,9999
13606,17033,2025-08-28,0,0,9999
13606,17036,2025-12-05,0,1,99
13614,17044,2024-03-06,0,0,9999
13616,17046,2023-11-27,0,0,9999
13626,17059,2022-12-22,0,0,9999
13638,17076,2022-10-13,0,0,9999
13639,17077,2025-09-14,0,0,9999
13647,17087,2024-05-09,0,0,9999
13663,17113,2024-02-10,0,0,9999
13669,17120,2025-07-15,0,0,9999
13684,17137,2026-01-27,0,0,9999
13690,17144,2019-09-20,0,0,9999
13697,17155,2023-09-19,0,0,9999
13708,17169,2022-08-04,0,0,9999
13709,17170,2025-09-09,0,0,9999
13710,17172,2024-04-25,0,0,9999
13723,17192,2021-10-19,0,0,9999
13734,17204,2024-10-29,0,0,9999
13746,17219,2025-07-20,0,0,9999
13747,17220,2025-10-19,0,0,9999
13756,17229,2023-08-07,0,0,9999
13756,17230,2024-01-06,0,1,152
13762,17239,2025-10-18,0,0,9999
13767,17244,2024-06-29,0,0,9999
13767,17245,2024-08-23,0,1,55
13772,17249,2025-06-02,0,0,9999
13789,17276,2026-01-25,0,1,1003
13789,17277,2023-04-28,0,0,9999
13793,17288,2026-01-04,0,0,9999
13794,17290,2020-04-11,0,0,9999
13796,17292,2025-12-24,0,1,14
13796,17293,2025-12-10,1,0,9999
13811,17319,2022-08-02,0,0,9999
13819,17332,2025-09-15,0,0,9999
13840,17355,2024-08-26,0,0,9999
13841,17356,2025-11-06,0,0,9999
13842,17359,2025-07-30,0,0,9999
13853,17372,2025-10-25,0,0,9999
13855,17375,2025-01-25,0,0,9999
13857,17378,2025-03-07,0,0,9999
13858,17380,2026-01-30,0,0,9999
13860,17384,2026-01-27,0,0,9999
13862,17387,2025-01-18,0,0,9999
13870,17393,2026-01-30,0,0,9999
13876,17399,2025-08-18,0,0,9999
13879,17402,2025-03-27,0,0,9999
13885,17410,2024-12-25,0,0,9999
13888,17416,2024-07-09,0,0,9999
13895,17420,2025-07-24,0,0,9999
13906,17435,2026-01-05,0,0,9999
13907,17436,2023-11-12,0,0,9999
13916,17449,2025-03-12,0,0,9999
13920,17455,2024-08-18,0,0,9999
13924,17460,2022-07-24,0,1,156
13924,17461,2022-02-18,0,0,9999
13933,17470,2022-10-28,0,0,9999
13933,17471,2024-04-22,0,1,542
13939,17477,2026-01-28,0,0,9999
13949,17487,2025-04-11,0,0,9999
13949,17489,2025-05-15,0,1,34
13953,17496,2025-11-20,0,0,9999
13953,17497,2026-01-12,0,1,53
13957,17501,2022-04-26,0,0,9999
13966,17514,2024-01-03,0,0,9999
13966,17515,2025-09-29,0,1,635
13971,17520,2025-07-23,0,0,9999
13982,17531,2026-01-27,0,0,9999
13990,17542,2025-07-24,0,0,9999
13991,17543,2024-01-26,0,0,9999
13992,17545,2025-08-06,0,0,9999
13999,17552,2024-08-05,0,0,9999
14003,17559,2024-06-21,0,0,9999
14005,17563,2024-09-03,0,0,9999
14018,17582,2024-12-25,0,0,9999
14019,17584,2025-07-17,0,0,9999
14023,17590,2026-01-23,0,1,244
14023,17591,2025-05-24,0,0,9999
14025,17595,2026-01-29,0,0,9999
14029,17601,2025-09-28,0,1,39
14029,17602,2025-08-20,0,0,9999
14030,17603,2020-07-05,0,0,9999
14054,17627,2024-05-04,0,0,9999
14067,17639,2025-06-27,0,0,9999
14070,17648,2021-06-13,0,0,9999
14082,17660,2026-01-04,1,0,9999
14082,17661,2026-01-25,0,1,21
14086,17665,2021-11-09,0,0,9999
14094,17678,2025-01-14,0,0,9999
14096,17684,2025-04-05,0,0,9999
14104,17693,2023-05-06,0,0,9999
14130,17728,2025-04-20,0,0,9999
14153,17753,2025-11-15,0,0,9999
14156,17756,2022-05-21,0,0,9999
14156,17757,2023-08-06,0,1,442
14156,17759,2025-10-09,0,2,795
14160,17764,2024-12-01,0,0,9999
14163,17770,2026-01-13,0,0,9999
14171,17779,2023-11-06,0,0,9999
14171,17781,2025-01-26,0,1,447
14172,17782,2025-02-11,0,1,248
14172,17784,2024-06-08,0,0,9999
14173,17785,2024-08-05,0,0,9999
14174,17786,2024-12-19,0,0,9999
14175,17787,2024-09-20,0,0,9999
14186,17795,2026-01-30,0,0,9999
14194,17799,2022-09-27,0,0,9999
14197,17805,2023-07-27,0,0,9999
14198,17806,2024-03-01,0,0,9999
14212,17828,2024-01-01,0,0,9999
14212,17829,2024-10-07,0,1,280
14214,17831,2024-12-22,0,0,9999
14219,17839,2025-07-05,0,0,9999
14236,17863,2024-02-28,0,0,9999
14236,17864,2024-10-13,0,1,228
14242,17873,2024-07-20,0,0,9999
14246,17880,2020-03-06,0,0,9999
14249,17885,2025-12-23,0,0,9999
14263,17904,2024-02-07,0,0,9999
14269,17908,2024-04-20,0,0,9999
14270,17910,2026-01-26,0,0,9999
14284,17926,2025-11-29,0,0,9999
14294,17940,2025-12-06,0,0,9999
14304,17954,2024-02-29,0,0,9999
14307,17960,2026-01-20,0,0,9999
14308,17962,2024-07-11,0,0,9999
14320,17974,2025-04-07,0,0,9999
14336,17990,2021-10-12,0,0,9999
14344,17998,2021-02-19,0,0,9999
14353,18011,2023-03-05,0,0,9999
14361,18021,2025-03-28,0,0,9999
14371,18032,2026-01-28,0,1,1
14371,18034,2026-01-27,1,0,9999
14377,18038,2024-07-13,0,0,9999
14380,18043,2025-05-03,0,0,9999
14384,18050,2024-05-01,0,0,9999
14390,18058,2023-10-10,0,0,9999
14405,18082,2024-04-07,0,0,9999
14413,18091,2024-03-05,0,0,9999
14417,18097,2025-07-31,0,0,9999
14430,18109,2022-12-31,0,0,9999
14430,18110,2025-03-09,0,1,799
14436,18118,2023-06-14,0,1,180
14436,18119,2022-12-16,0,0,9999
14436,18121,2023-09-30,0,2,108
14445,18130,2023-07-08,0,0,9999
14451,18141,2021-03-11,0,0,9999
14464,18155,2022-03-01,0,0,9999
14468,18163,2026-01-30,0,0,9999
14477,18180,2025-10-15,0,0,9999
14477,18181,2025-12-20,0,1,66
14477,18182,2026-01-24,0,2,35
14480,18188,2025-02-12,0,0,9999
14485,18193,2025-05-25,0,0,9999
14512,18222,2021-08-06,0,0,9999
14515,18227,2024-08-29,0,0,9999
14524,18235,2021-06-11,0,0,9999
14527,18237,2021-06-15,0,0,9999
14528,18239,2025-05-28,0,0,9999
14531,18241,2024-03-19,0,0,9999
14538,18251,2026-01-01,0,0,9999
14539,18253,2024-07-01,0,0,9999
14543,18257,2024-03-12,0,0,9999
14545,18261,2025-04-09,0,0,9999
14557,18270,2024-05-31,0,0,9999
14561,18273,2021-09-12,0,0,9999
14570,18283,2021-09-06,0,0,9999
14583,18300,2025-12-17,0,0,9999
14586,18303,2022-12-30,0,0,9999
14589,18307,2020-12-05,0,0,9999
14590,18308,2025-12-19,0,0,9999
14592,18311,2025-04-09,0,0,9999
14608,18327,2026-01-27,0,0,9999
14609,18329,2025-10-06,0,0,9999
14613,18334,2025-11-06,0,0,9999
14616,18338,2025-10-05,0,0,9999
14619,18341,2022-10-05,0,0,9999
14623,18345,2025-11-19,0,0,9999
14635,18358,2023-01-28,0,0,9999
14636,18360,2025-06-15,0,0,9999
14642,18364,2025-09-08,0,0,9999
14643,18365,2023-04-21,0,0,9999
14646,18371,2023-08-19,0,0,9999
14652,18380,2025-09-29,0,0,9999
14664,18398,2024-11-20,0,0,9999
14669,18403,2026-01-29,0,0,9999
14670,18404,2022-06-20,0,0,9999
14677,18411,2025-01-01,0,0,9999
14683,18417,2023-09-19,0,0,9999
14686,18419,2019-11-04,0,0,9999
14694,18433,2022-09-16,0,0,9999
14695,18434,2025-02-23,0,0,9999
14711,18446,2025-04-30,0,0,9999
14723,18457,2021-08-12,0,0,9999
14727,18463,2023-12-13,0,0,9999
14728,18464,2026-01-29,0,0,9999
14732,18468,2025-04-10,0,0,9999
14733,18470,2023-11-18,0,0,9999
14740,18476,2023-01-17,0,0,9999
14749,18488,2025-04-09,0,0,9999
14750,18490,2025-08-17,0,0,9999
14766,18509,2025-08-04,0,1,238
14766,18510,2024-12-09,0,0,9999
14774,18518,2022-05-03,0,0,9999
14776,18522,2024-04-05,0,0,9999
14780,18527,2025-07-23,0,0,9999
14781,18528,2025-07-30,0,0,9999
14792,18540,2024-08-28,0,0,9999
14795,18543,2025-07-17,0,0,9999
14798,18546,2025-10-12,0,0,9999
14800,18547,2022-01-24,0,0,9999
14803,18549,2025-05-20,0,0,9999
14810,18556,2026-01-04,0,0,9999
14811,18557,2025-02-04,0,0,9999
14816,18564,2026-01-30,0,0,9999
14837,18585,2022-11-19,0,0,9999
14842,18591,2025-01-16,0,0,9999
14848,18602,2023-02-20,0,0,9999
14849,18603,2025-09-08,0,0,9999
14864,18620,2024-03-14,0,0,9999
14864,18621,2024-10-24,0,1,224
14877,18631,2025-02-27,0,0,9999
14881,18638,2025-03-30,0,0,9999
14887,18644,2022-08-10,0,0,9999
14889,18647,2025-06-02,0,0,9999
14931,18696,2024-09-29,0,0,9999
14943,18710,2021-07-04,0,0,9999
14961,18730,2024-09-27,0,0,9999
14976,18750,2025-11-03,0,0,9999
14977,18751,2025-11-27,0,0,9999
14978,18752,2023-01-11,0,0,9999
14982,18758,2020-01-14,0,0,9999
14985,18760,2023-01-04,0,0,9999
14998,18774,2024-12-12,0,1,978
14998,18776,2022-04-09,0,0,9999
14999,18777,2025-03-05,0,0,9999
15011,18796,2021-07-13,0,0,9999
15027,18820,2025-12-01,0,0,9999
15031,18823,2025-10-05,0,0,9999
15037,18831,2024-03-22,0,0,9999
15041,18836,2025-12-14,0,1,7
15041,18838,2025-12-07,1,0,9999
15044,18847,2022-04-11,0,0,9999
15047,18851,2019-09-15,0,0,9999
15065,18867,2026-01-29,0,0,9999
15068,18869,2025-06-06,0,0,9999
15112,18915,2025-04-21,0,0,9999
15119,18927,2023-03-29,0,0,9999
15148,18957,2025-05-02,0,0,9999
15152,18966,2025-11-16,0,0,9999
15171,19000,2025-06-27,0,1,145
15171,19001,2025-02-02,0,0,9999
15178,19013,2025-07-28,0,0,9999
15180,19016,2025-09-10,1,0,9999
15180,19017,2025-09-30,0,1,20
15181,19020,2026-01-22,0,0,9999
15196,19034,2024-09-20,0,0,9999
15200,19040,2023-03-19,0,0,9999
15200,19043,2025-01-22,0,1,675
15203,19047,2025-04-13,0,0,9999
15209,19056,2025-01-30,0,0,9999
15210,19057,2024-06-06,0,1,277
15210,19058,2023-09-03,0,0,9999
15210,19060,2025-06-02,0,2,361
15216,19065,2023-08-12,0,0,9999
15222,19073,2025-12-15,0,0,9999
15239,19092,2024-04-02,0,0,9999
15249,19107,2023-08-15,0,0,9999
15250,19108,2026-01-28,0,0,9999
15251,19110,2025-03-05,0,0,9999
15254,19114,2025-01-02,0,0,9999
15269,19127,2023-12-11,0,0,9999
15271,19130,2024-04-24,0,0,9999
15274,19135,2024-04-13,0,0,9999
15278,19142,2026-01-02,0,0,9999
15279,19144,2025-07-26,0,0,9999
15285,19153,2025-07-31,0,0,9999
15288,19159,2025-07-09,0,0,9999
15299,19170,2024-12-28,0,0,9999
15304,19178,2023-05-23,0,0,9999
15307,19182,2021-06-24,0,0,9999
15310,19184,2024-02-06,0,0,9999
15311,19185,2025-11-12,0,0,9999
15311,19186,2025-11-12,0,0,9999
15314,19191,2025-08-03,0,0,9999
15316,19194,2024-12-27,0,0,9999
15319,19199,2026-01-30,0,0,9999
15320,19200,2020-07-13,0,0,9999
15325,19204,2025-02-25,0,0,9999
15331,19215,2025-10-13,0,0,9999
15334,19218,2022-05-23,0,0,9999
15336,19222,2024-03-03,0,1,200
15336,19223,2023-08-16,0,0,9999
15342,19231,2024-05-01,0,0,9999
15352,19244,2025-04-08,0,0,9999
15366,19256,2026-01-15,0,0,9999
15372,19265,2021-05-28,0,0,9999
15377,19268,2021-04-17,0,0,9999
15394,19282,2023-03-19,0,0,9999
15401,19291,2024-02-12,0,0,9999
15412,19305,2025-09-01,0,0,9999
15422,19316,2024-06-08,0,0,9999
15432,19329,2025-11-30,0,0,9999
15434,19333,2025-12-11,0,0,9999
15438,19338,2025-08-13,0,0,9999
15442,19341,2024-08-27,0,0,9999
15452,19356,2023-10-21,0,0,9999
15459,19361,2021-07-20,0,1,130
15459,19362,2021-03-12,0,0,9999
15463,19370,2022-09-27,0,0,9999
15467,19374,2025-12-11,0,0,9999
15468,19376,2025-08-22,0,0,9999
15477,19384,2025-10-01,0,0,9999
15486,19393,2022-03-31,0,0,9999
15491,19398,2021-11-08,0,0,9999
15496,19408,2025-11-29,0,0,9999
15508,19422,2023-01-20,0,0,9999
15508,19423,2024-03-20,0,1,425
15513,19429,2023-06-15,0,0,9999
15515,19432,2025-07-07,0,0,9999
15519,19436,2022-03-22,0,0,9999
15520,19439,2026-01-02,0,0,9999
15523,19441,2025-12-14,0,0,9999
15545,19465,2022-06-11,0,0,9999
15553,19478,2021-01-28,0,0,9999
15558,19480,2025-11-12,0,0,9999
15559,19482,2021-01-16,0,0,9999
15561,19486,2021-10-03,0,0,9999
15562,19487,2024-11-10,0,0,9999
15567,19492,2024-04-21,0,0,9999
15574,19505,2024-11-05,0,0,9999
15587,19517,2025-07-14,0,0,9999
15589,19518,2025-09-20,0,0,9999
15590,19520,2024-01-11,0,0,9999
15592,19523,2025-09-05,0,0,9999
15594,19527,2021-03-17,0,0,9999
15600,19531,2025-04-13,0,0,9999
15609,19539,2022-12-24,0,0,9999
15623,19550,2023-11-29,0,0,9999
15629,19554,2025-06-02,0,0,9999
15641,19568,2025-06-25,0,0,9999
15648,19582,2025-04-25,0,0,9999
15649,19584,2025-02-03,0,0,9999
15650,19585,2025-03-13,0,0,9999
15654,19591,2020-12-08,0,0,9999
15659,19595,2026-01-30,0,0,9999
15660,19597,2025-12-25,0,0,9999
15673,19611,2024-11-08,0,0,9999
15691,19635,2023-01-31,0,0,9999
15698,19644,2020-09-20,0,0,9999
15698,19645,2022-07-02,0,1,650
15699,19646,2024-03-11,0,0,9999
15710,19661,2021-04-03,0,0,9999
15711,19662,2025-07-30,0,0,9999
15717,19670,2020-11-25,0,0,9999
15737,19696,2026-01-27,0,0,9999
15744,19704,2023-05-12,0,0,9999
15754,19713,2023-01-25,0,0,9999
15779,19742,2025-08-25,0,0,9999
15779,19743,2025-11-04,0,1,71
15780,19744,2023-05-14,0,0,9999
15789,19753,2024-06-24,0,1,124
15789,19754,2024-02-21,0,0,9999
15791,19758,2025-06-05,0,0,9999
15800,19765,2022-09-17,0,0,9999
15802,19769,2022-02-13,0,0,9999
15804,19771,2021-09-28,0,0,9999
15806,19775,2024-02-23,0,0,9999
15809,19778,2025-05-09,0,0,9999
15815,19785,2025-08-08,0,0,9999
15817,19788,2024-07-16,0,0,9999
15818,19790,2024-03-20,0,0,9999
15818,19793,2025-09-11,0,1,540
15826,19800,2023-08-11,0,0,9999
15836,19812,2023-07-02,0,0,9999
15844,19821,2026-01-29,0,0,9999
15847,19825,2025-07-28,0,0,9999
15852,19830,2025-12-22,0,0,9999
15855,19835,2026-01-01,0,0,9999
15864,19845,2022-09-09,0,0,9999
15865,19846,2024-03-07,0,0,9999
15867,19847,2021-12-27,0,0,9999
15867,19848,2025-07-17,0,1,1298
15868,19850,2023-08-20,0,0,9999
15874,19853,2021-04-23,0,0,9999
15878,19857,2025-08-26,0,1,832
15878,19858,2023-05-17,0,0,9999
15881,19862,2024-01-15,0,0,9999
15884,19867,2024-12-11,0,0,9999
15904,19890,2024-09-16,0,0,9999
15905,19891,2024-05-23,0,0,9999
15909,19896,2025-11-04,0,0,9999
15921,19912,2024-01-27,0,0,9999
15923,19916,2026-01-05,0,0,9999
15926,19919,2025-11-30,0,0,9999
15932,19924,2025-06-25,0,0,9999
15933,19925,2025-03-01,0,0,9999
15939,19936,2024-05-29,0,0,9999
15942,19939,2025-08-30,0,0,9999
15949,19949,2025-11-26,0,0,9999
15950,19951,2022-11-09,0,0,9999
15953,19955,2023-12-10,0,0,9999
15955,19958,2021-09-21,0,0,9999
15955,19959,2024-11-27,0,1,1163
15958,19963,2025-12-30,0,0,9999
15962,19967,2025-10-18,0,0,9999
15984,19990,2025-10-26,0,0,9999
15990,19998,2023-07-22,0,0,9999
15990,19999,2024-11-09,0,1,476
16002,20011,2022-01-18,0,0,9999
16011,20025,2025-11-12,0,0,9999
16011,20026,2026-01-21,0,1,70
16017,20037,2023-01-05,0,1,757
16017,20038,2020-12-09,0,0,9999
16041,20070,2022-06-28,0,0,9999
16044,20074,2024-12-17,0,0,9999
16058,20087,2025-05-27,0,0,9999
16061,20091,2025-09-16,0,0,9999
16067,20097,2025-05-27,0,0,9999
16083,20117,2025-01-07,0,0,9999
16085,20121,2026-01-01,0,0,9999
16091,20126,2024-10-29,0,0,9999
16096,20130,2023-05-03,0,0,9999
16107,20146,2022-01-20,0,0,9999
16110,20149,2023-08-27,0,0,9999
16112,20153,2023-11-15,0,0,9999
16113,20157,2025-09-01,0,0,9999
16129,20174,2023-07-01,0,0,9999
16150,20197,2024-12-16,0,1,293
16150,20198,2024-02-27,0,0,9999
16162,20219,2025-10-13,0,0,9999
16163,20223,2025-09-02,0,0,9999
16172,20239,2025-04-14,0,0,9999
16188,20257,2025-01-21,0,0,9999
16192,20262,2024-11-01,0,2,153
16192,20263,2023-06-04,0,0,9999
16192,20264,2024-06-01,0,1,363
16195,20268,2025-11-09,0,0,9999
16203,20280,2020-03-27,0,0,9999
16204,20281,2021-07-22,0,0,9999
16205,20282,2026-01-30,0,0,9999
16220,20298,2020-05-10,0,0,9999
16238,20324,2024-03-09,0,0,9999
16252,20343,2022-07-19,0,0,9999
16260,20352,2025-07-12,0,0,9999
16266,20359,2024-07-06,0,0,9999
16270,20363,2025-02-23,0,0,9999
16274,20368,2025-12-27,0,0,9999
16291,20383,2022-09-06,0,0,9999
16297,20390,2024-09-27,0,0,9999
16301,20395,2025-11-10,0,0,9999
16307,20401,2021-12-14,0,0,9999
16316,20414,2023-11-20,0,0,9999
16331,20433,2026-01-27,0,0,9999
16332,20435,2025-03-25,0,0,9999
16334,20438,2026-01-20,0,0,9999
16336,20442,2024-08-23,0,0,9999
16338,20444,2025-05-22,0,0,9999
16355,20466,2023-11-13,0,0,9999
16365,20478,2022-01-14,0,0,9999
16370,20488,2021-10-25,0,0,9999
16376,20495,2022-10-23,0,1,178
16376,20496,2022-04-28,0,0,9999
16377,20497,2024-09-16,0,0,9999
16377,20500,2025-07-04,0,1,291
16378,20502,2025-08-19,0,0,9999
16379,20505,2024-03-20,0,0,9999
16381,20508,2021-11-02,0,0,9999
16385,20516,2026-01-20,0,0,9999
16386,20520,2025-04-12,0,0,9999
16396,20535,2024-03-22,0,0,9999
16421,20564,2020-07-10,0,0,9999
16443,20598,2025-12-15,0,0,9999
16446,20602,2024-10-07,0,0,9999
16452,20608,2025-03-29,0,0,9999
16459,20616,2025-10-20,0,0,9999
16469,20626,2024-07-23,0,0,9999
16472,20630,2025-12-31,0,0,9999
16496,20661,2023-10-31,0,0,9999
16500,20669,2023-10-10,0,0,9999
16504,20674,2024-04-24,0,0,9999
16515,20686,2024-10-05,0,0,9999
16524,20700,2025-08-10,0,0,9999
16529,20703,2025-12-27,0,0,9999
16531,20706,2025-08-25,0,0,9999
16545,20721,2025-11-07,0,0,9999
16549,20725,2024-07-04,0,0,9999
16555,20730,2025-03-14,0,0,9999
16555,20731,2025-11-30,0,1,261
16559,20740,2024-06-09,0,0,9999
16568,20752,2021-06-17,0,0,9999
16574,20758,2025-08-07,0,0,9999
16588,20782,2023-07-29,0,0,9999
16588,20783,2024-05-31,0,1,307
16588,20784,2024-10-23,0,2,145
16594,20791,2022-04-23,0,1,863
16594,20792,2019-12-12,0,0,9999
16595,20796,2024-09-11,0,0,9999
16602,20804,2025-02-25,0,0,9999
16603,20806,2024-10-01,0,0,9999
16619,20821,2024-12-31,0,0,9999
16638,20846,2025-10-17,0,0,9999
16641,20850,2024-02-06,0,0,9999
16643,20852,2024-01-01,0,0,9999
16645,20855,2025-10-10,0,0,9999
16653,20862,2022-01-05,0,0,9999
16658,20868,2025-08-09,0,0,9999
16669,20877,2025-12-02,0,0,9999
16672,20880,2024-11-13,0,0,9999
16675,20882,2023-06-11,0,0,9999
16684,20894,2025-04-19,0,0,9999
16695,20913,2024-11-07,0,0,9999
16698,20917,2025-07-11,0,0,9999
16699,20918,2025-05-05,0,0,9999
16702,20924,2025-09-05,0,0,9999
16718,20942,2025-12-28,0,0,9999
16724,20950,2024-01-09,0,0,9999
16730,20958,2021-08-02,0,0,9999
16730,20959,2025-12-05,0,1,1586
16761,20997,2025-04-25,0,0,9999
16766,21005,2023-11-27,0,0,9999
16768,21008,2025-12-10,0,1,93
16768,21009,2025-09-08,0,0,9999
16781,21029,2022-03-06,0,0,9999
16782,21031,2025-04-09,0,0,9999
16782,21033,2025-07-15,0,1,97
16794,21044,2025-12-06,0,0,9999
16808,21066,2023-09-10,0,0,9999
16829,21081,2021-12-18,0,0,9999
16835,21085,2023-08-07,0,0,9999
16841,21090,2023-09-22,0,0,9999
16856,21104,2022-08-19,0,0,9999
16858,21107,2025-12-21,0,1,174
16858,21108,2025-06-30,0,0,9999
16874,21126,2024-07-07,0,0,9999
16874,21127,2024-11-16,0,1,132
16877,21135,2025-03-18,0,0,9999
16899,21155,2025-11-11,0,1,49
16899,21156,2025-09-23,0,0,9999
16900,21157,2024-02-21,0,0,9999
16919,21180,2024-07-08,0,0,9999
16921,21183,2025-12-27,0,0,9999
16922,21187,2021-06-12,0,0,9999
16932,21200,2021-01-05,0,0,9999
16935,21203,2024-02-25,0,0,9999
16942,21211,2025-12-01,0,0,9999
16949,21220,2023-12-25,0,0,9999
16956,21230,2025-12-04,0,0,9999
16962,21239,2024-10-27,0,1,619
16962,21240,2023-02-16,0,0,9999
16971,21252,2024-02-29,0,0,9999
16980,21267,2025-03-04,0,0,9999
16981,21271,2022-09-08,0,0,9999
16982,21272,2025-09-20,0,0,9999
16988,21279,2025-10-17,0,0,9999
17004,21294,2022-09-28,0,0,9999
17004,21295,2024-12-25,0,1,819
17033,21328,2023-12-05,0,0,9999
17038,21336,2023-12-19,0,0,9999
17068,21358,2026-01-28,0,0,9999
17074,21365,2024-05-24,0,0,9999
17081,21377,2022-07-11,0,0,9999
17084,21379,2023-03-06,0,0,9999
17088,21383,2025-11-01,0,0,9999
17112,21407,2025-07-18,0,0,9999
17124,21425,2023-08-19,0,0,9999
17128,21428,2025-06-22,0,0,9999
17132,21432,2024-01-13,0,0,9999
17140,21442,2025-08-27,0,0,9999
17141,21444,2024-05-16,0,0,9999
17141,21445,2025-12-01,0,1,564
17151,21462,2024-02-28,0,0,9999
17158,21469,2023-10-16,0,0,9999
17159,21473,2020-05-07,0,0,9999
17165,21485,2025-09-02,0,0,9999
17170,21490,2021-10-03,0,0,9999
17176,21496,2026-01-18,0,0,9999
17193,21512,2023-11-22,0,0,9999
17198,21518,2023-07-09,0,0,9999
17202,21525,2024-06-22,0,0,9999
17209,21530,2023-03-17,0,0,9999
17226,21551,2025-09-19,0,0,9999
17229,21555,2022-09-30,0,0,9999
17231,21556,2025-08-08,0,0,9999
17237,21563,2022-09-04,0,0,9999
17238,21565,2025-07-08,0,0,9999
17247,21577,2021-04-22,0,0,9999
17272,21594,2023-06-25,0,0,9999
17279,21599,2025-08-12,0,1,125
17279,21600,2025-04-09,0,0,9999
17322,21654,2024-07-30,0,0,9999
17327,21663,2020-08-26,0,0,9999
17354,21696,2026-01-10,0,0,9999
17363,21709,2024-07-04,0,0,9999
17364,21710,2022-07-30,0,0,9999
17364,21711,2024-07-19,0,1,720
17367,21717,2024-09-14,0,0,9999
17371,21723,2024-10-26,0,0,9999
17384,21736,2023-05-23,1,0,9999
17384,21738,2023-06-08,0,1,16
17388,21743,2024-09-19,0,1,655
17388,21744,2022-12-04,0,0,9999
17392,21747,2022-09-19,0,0,9999
17392,21748,2023-03-09,0,1,171
17405,21766,2025-01-29,0,0,9999
17408,21773,2025-04-25,0,1,500
17408,21774,2023-12-12,0,0,9999
17415,21781,2025-03-15,0,0,9999
17436,21798,2024-12-09,0,1,445
17436,21799,2023-09-21,0,0,9999
17437,21801,2022-12-25,0,0,9999
17440,21809,2025-09-25,0,0,9999
17445,21819,2025-04-13,0,0,9999
17450,21825,2024-08-14,0,1,776
17450,21826,2022-06-30,0,0,9999
17455,21833,2026-01-22,0,0,9999
17466,21859,2025-05-23,0,0,9999
17474,21870,2024-07-09,0,0,9999
17480,21877,2025-11-02,0,0,9999
17487,21883,2021-03-15,0,0,9999
17490,21886,2025-11-28,0,0,9999
17492,21890,2024-08-30,0,0,9999
17497,21898,2022-03-17,0,0,9999
17497,21899,2023-12-20,0,1,643
17502,21905,2021-03-26,0,0,9999
17513,21916,2020-08-22,0,0,9999
17513,21918,2023-09-25,0,1,1129
17515,21920,2021-08-27,0,0,9999
17520,21926,2022-07-10,0,0,9999
17524,21937,2025-05-02,0,0,9999
17527,21944,2026-01-19,0,1,184
17527,21945,2025-07-19,0,0,9999
17532,21952,2020-05-20,0,0,9999
17532,21954,2022-03-23,0,1,672
17536,21961,2025-10-21,0,0,9999
17547,21977,2025-02-19,0,0,9999
17557,21988,2021-01-01,0,0,9999
17579,22013,2026-01-26,0,0,9999
17590,22026,2025-01-27,0,0,9999
17592,22029,2025-12-12,0,0,9999
17596,22031,2025-06-03,0,0,9999
17599,22033,2025-03-31,0,0,9999
17613,22046,2024-01-18,0,0,9999
17615,22050,2024-06-17,0,1,177
17615,22051,2023-12-23,0,0,9999
17617,22054,2026-01-28,0,0,9999
17618,22055,2025-07-29,0,0,9999
17619,22057,2025-07-01,0,0,9999
17623,22063,2022-05-23,0,0,9999
17625,22070,2024-07-07,0,0,9999
17626,22071,2025-09-22,0,0,9999
17640,22088,2025-12-20,0,0,9999
17647,22097,2024-06-16,0,0,9999
17648,22098,2025-11-09,0,0,9999
17654,22108,2025-09-13,0,0,9999
17656,22112,2026-01-27,0,0,9999
17658,22114,2024-11-22,0,0,9999
17663,22117,2024-10-12,0,0,9999
17679,22135,2024-05-21,0,0,9999
17681,22138,2024-07-01,0,0,9999
17690,22149,2025-06-23,0,0,9999
17696,22159,2025-07-03,0,0,9999
17700,22166,2025-12-06,0,0,9999
17703,22171,2022-04-11,0,0,9999
17707,22176,2020-11-27,0,0,9999
17718,22191,2025-12-17,0,0,9999
17724,22197,2026-01-28,0,0,9999
17726,22202,2025-11-07,0,0,9999
17731,22211,2020-02-11,0,0,9999
17731,22212,2020-11-13,0,1,276
17742,22225,2025-11-19,0,0,9999
17746,22232,2025-02-04,0,0,9999
17750,22238,2023-11-11,0,0,9999
17756,22246,2026-01-30,0,0,9999
17761,22251,2025-06-09,0,0,9999
17774,22267,2022-10-12,0,0,9999
17774,22268,2024-05-26,0,1,592
17794,22295,2024-08-15,0,0,9999
17795,22297,2025-06-05,0,0,9999
17796,22298,2026-01-27,0,0,9999
17799,22301,2024-11-09,0,0,9999
17801,22303,2023-07-25,0,0,9999
17806,22310,2025-10-02,0,0,9999
17808,22311,2025-06-27,0,0,9999
17813,22318,2025-12-09,0,0,9999
17814,22320,2025-09-30,0,0,9999
17819,22327,2025-11-18,0,1,806
17819,22328,2023-09-04,0,0,9999
17826,22338,2024-08-15,0,1,295
17826,22339,2023-10-25,0,0,9999
17827,22341,2024-04-08,0,0,9999
17854,22371,2024-09-05,0,0,9999
17861,22389,2024-12-30,0,0,9999
17877,22406,2026-01-22,0,0,9999
17887,22421,2026-01-05,0,0,9999
17899,22431,2025-07-20,0,0,9999
17906,22440,2021-11-30,0,0,9999
17907,22441,2023-09-08,0,0,9999
17907,22444,2025-06-03,0,1,634
17911,22447,2023-07-15,0,0,9999
17914,22449,2025-02-25,0,0,9999
17939,22472,2025-07-28,0,0,9999
17941,22476,2024-09-01,0,0,9999
17942,22477,2025-02-28,0,0,9999
17947,22482,2024-07-21,0,0,9999
17962,22499,2025-12-21,0,0,9999
17978,22518,2024-07-12,0,0,9999
17979,22521,2021-06-03,0,0,9999
17987,22529,2023-09-03,0,0,9999
17991,22532,2025-10-30,0,0,9999
17999,22540,2020-04-30,0,0,9999
18005,22551,2024-08-07,0,0,9999
18014,22564,2022-03-07,0,0,9999
18026,22579,2022-07-18,0,0,9999
18027,22580,2022-09-03,0,0,9999
18037,22588,2024-06-23,0,0,9999
18045,22592,2025-03-19,0,0,9999
18046,22593,2024-03-29,0,0,9999
18051,22600,2023-11-15,0,0,9999
18052,22601,2025-05-26,0,0,9999
18055,22604,2020-01-04,0,0,9999
18056,22605,2023-06-16,0,0,9999
18077,22625,2022-05-29,0,0,9999
18083,22632,2022-07-22,0,0,9999
18087,22639,2021-07-16,0,0,9999
18098,22648,2025-12-07,0,0,9999
18135,22699,2024-08-11,0,0,9999
18154,22718,2023-09-13,0,0,9999
18156,22724,2023-12-06,0,0,9999
18167,22739,2025-04-01,0,0,9999
18172,22747,2025-07-22,0,0,9999
18176,22751,2024-01-24,0,0,9999
18196,22770,2024-11-01,0,0,9999
18198,22774,2024-02-12,0,0,9999
18202,22785,2022-12-20,0,0,9999
18207,22793,2025-12-28,0,0,9999
18218,22807,2025-01-12,0,0,9999
18219,22808,2025-11-29,0,0,9999
18223,22817,2023-11-03,0,0,9999
18230,22822,2025-05-01,0,0,9999
18248,22844,2024-01-12,0,0,9999
18250,22847,2024-11-21,0,0,9999
18262,22859,2025-10-31,0,1,1072
18262,22860,2022-11-24,0,0,9999
18267,22867,2025-01-19,0,0,9999
18268,22871,2024-06-29,0,0,9999
18300,22918,2026-01-20,0,0,9999
18307,22925,2021-03-20,0,0,9999
18311,22930,2024-03-07,0,0,9999
18314,22935,2024-03-12,0,0,9999
18320,22945,2022-12-01,0,0,9999
18322,22949,2026-01-04,1,0,9999
18322,22950,2026-01-09,0,1,5
18325,22954,2023-08-17,0,0,9999
18327,22955,2025-07-23,0,0,9999
18328,22956,2026-01-30,0,0,9999
18357,22996,2025-06-13,0,1,804
18357,22997,2023-04-01,0,0,9999
18360,23003,2024-11-28,0,0,9999
18366,23009,2021-09-26,0,0,9999
18370,23018,2023-06-19,0,0,9999
18374,23022,2025-11-28,0,0,9999
18393,23039,2023-04-02,0,0,9999
18397,23042,2022-10-17,0,0,9999
18402,23047,2025-03-26,0,0,9999
18406,23050,2024-06-06,0,0,9999
18407,23051,2025-12-28,1,0,9999
18407,23052,2026-01-22,0,1,25
18417,23068,2025-05-04,0,0,9999
18431,23082,2026-01-29,0,0,9999
18447,23099,2026-01-26,0,0,9999
18460,23119,2024-01-12,0,0,9999
18461,23121,2024-05-09,0,0,9999
18463,23125,2023-07-04,0,0,9999
18464,23126,2021-09-06,0,0,9999
18465,23128,2025-08-30,0,0,9999
18477,23143,2026-01-11,0,0,9999
18481,23147,2024-01-22,0,0,9999
18482,23149,2019-10-04,0,0,9999
18485,23159,2024-08-13,0,0,9999
18490,23169,2026-01-05,0,0,9999
18496,23174,2024-05-21,0,0,9999
18502,23179,2024-10-25,0,1,409
18502,23180,2023-09-12,0,0,9999
18505,23184,2025-12-21,0,0,9999
18522,23196,2023-12-05,0,0,9999
18530,23206,2026-01-29,0,0,9999
18535,23214,2024-05-16,0,0,9999
18535,23215,2025-06-27,0,1,407
18555,23232,2025-03-21,0,1,1167
18555,23233,2022-01-09,0,0,9999
18566,23247,2023-11-29,0,0,9999
18568,23249,2020-12-14,0,0,9999
18568,23252,2022-12-30,0,1,746
18577,23260,2024-10-13,0,0,9999
18579,23262,2025-02-26,0,0,9999
18591,23281,2022-06-16,0,0,9999
18599,23290,2025-07-14,0,0,9999
18601,23294,2022-02-21,0,0,9999
18601,23295,2023-09-01,0,1,557
18604,23300,2023-10-16,0,0,9999
18608,23304,2025-01-29,0,0,9999
18615,23312,2025-02-09,0,0,9999
18616,23313,2022-03-26,0,0,9999
18642,23354,2024-07-11,0,0,9999
18653,23364,2025-01-26,0,0,9999
18653,23366,2026-01-11,0,1,350
18661,23378,2022-12-29,0,0,9999
18664,23382,2022-04-14,0,0,9999
18664,23384,2023-10-13,0,1,547
18668,23390,2024-06-06,0,0,9999
18675,23395,2024-11-21,0,0,9999
18683,23402,2021-07-25,0,0,9999
18688,23409,2025-09-15,0,0,9999
18693,23412,2025-04-24,0,1,299
18693,23414,2024-06-29,0,0,9999
18710,23442,2025-11-23,0,0,9999
18721,23456,2021-08-17,0,0,9999
18723,23459,2026-01-28,0,0,9999
18733,23469,2026-01-30,0,0,9999
18734,23470,2025-07-27,0,0,9999
18756,23504,2022-12-19,0,0,9999
18758,23507,2025-10-18,0,0,9999
18759,23509,2025-12-23,0,0,9999
18775,23526,2025-08-29,0,0,9999
18784,23544,2023-09-09,0,1,391
18784,23545,2023-11-04,0,2,56
18784,23547,2022-08-14,0,0,9999
18789,23550,2025-01-26,0,0,9999
18795,23554,2024-10-18,0,0,9999
18796,23555,2023-12-20,0,0,9999
18803,23564,2023-06-23,0,0,9999
18803,23565,2025-10-28,0,1,858
18822,23590,2020-11-18,0,0,9999
18827,23596,2022-01-08,0,0,9999
18830,23599,2025-12-25,0,0,9999
18835,23607,2024-09-08,0,1,41
18835,23610,2024-07-29,0,0,9999
18840,23615,2025-06-13,0,0,9999
18841,23616,2026-01-14,0,0,9999
18842,23618,2025-11-02,0,0,9999
18854,23638,2021-05-17,0,0,9999
18861,23649,2023-01-19,0,0,9999
18875,23664,2024-03-29,0,0,9999
18878,23667,2024-11-05,0,0,9999
18878,23668,2025-10-17,0,1,346
18889,23686,2024-05-10,0,0,9999
18893,23694,2024-07-19,0,0,9999
18900,23698,2024-11-18,0,0,9999
18906,23705,2025-11-10,0,0,9999
18907,23707,2022-09-18,0,0,9999
18917,23719,2021-08-29,0,0,9999
18919,23724,2024-06-04,0,0,9999
18930,23737,2025-06-27,0,1,1515
18930,23739,2021-05-04,0,0,9999
18950,23758,2021-09-09,0,0,9999
18952,23760,2026-01-28,0,0,9999
18952,23761,2026-01-28,0,0,9999
18967,23784,2025-12-17,0,0,9999
18969,23787,2026-01-26,0,0,9999
18972,23795,2024-07-27,0,0,9999
18984,23807,2019-08-28,0,0,9999
18984,23808,2025-04-19,0,1,2061
18989,23813,2025-08-17,0,0,9999
18990,23816,2023-06-05,0,0,9999
19001,23825,2025-12-27,1,0,9999
19001,23827,2026-01-07,0,1,11
19007,23833,2025-01-12,0,0,9999
19014,23839,2021-10-10,0,0,9999
19019,23849,2025-03-26,0,0,9999
19034,23862,2020-06-28,0,0,9999
19034,23863,2024-03-18,0,1,1359
19047,23880,2024-03-06,0,0,9999
19055,23889,2025-12-20,0,1,168
19055,23890,2025-07-05,0,0,9999
19065,23899,2025-08-17,0,0,9999
19075,23911,2025-03-13,0,0,9999
19080,23918,2023-09-15,0,0,9999
19080,23920,2024-06-04,0,1,263
19086,23930,2024-11-13,0,0,9999
19087,23933,2026-01-27,0,0,9999
19093,23940,2020-07-05,0,0,9999
19100,23948,2024-07-19,0,0,9999
19106,23958,2026-01-30,0,0,9999
19112,23965,2026-01-16,0,0,9999
19113,23967,2023-12-13,0,0,9999
19129,23990,2026-01-26,0,0,9999
19130,23992,2019-06-22,0,0,9999
19134,23998,2026-01-18,0,0,9999
19137,23999,2024-06-25,0,0,9999
19151,24016,2023-08-28,0,0,9999
19152,24018,2025-08-04,0,0,9999
19158,24028,2025-11-23,0,0,9999
19158,24029,2025-12-30,0,1,37
19183,24058,2025-10-24,0,0,9999
19185,24060,2021-05-20,0,0,9999
19188,24067,2020-03-30,0,0,9999
19191,24072,2024-05-02,0,0,9999
19199,24078,2020-12-24,0,0,9999
19199,24079,2025-11-21,0,1,1793
19209,24089,2023-04-17,0,0,9999
19214,24095,2025-04-03,0,0,9999
19223,24106,2019-11-19,0,0,9999
19254,24144,2020-05-15,0,0,9999
19268,24162,2023-01-10,0,0,9999
19270,24164,2022-11-05,0,0,9999
19271,24166,2020-10-04,0,0,9999
19275,24169,2025-09-22,0,0,9999
19286,24188,2025-03-07,0,0,9999
19290,24191,2025-03-26,0,0,9999
19290,24192,2025-12-04,0,1,253
19307,24211,2022-02-14,0,0,9999
19308,24212,2025-03-29,0,2,1312
19308,24214,2021-08-25,0,1,106
19308,24215,2021-05-11,0,0,9999
19311,24219,2020-02-23,0,0,9999
19324,24233,2026-01-27,0,0,9999
19325,24234,2025-06-02,0,0,9999
19329,24239,2025-12-06,0,0,9999
19344,24260,2022-10-11,0,0,9999
19347,24261,2021-07-26,0,0,9999
19350,24264,2020-05-10,0,0,9999
19355,24267,2025-07-29,0,0,9999
19356,24268,2022-06-21,0,0,9999
19366,24276,2020-11-28,0,0,9999
19370,24280,2024-09-03,0,0,9999
19371,24284,2024-03-17,0,0,9999
19372,24285,2025-02-04,0,0,9999
19375,24287,2025-11-11,0,0,9999
19405,24329,2022-05-11,0,0,9999
19405,24330,2024-07-25,0,1,806
19441,24370,2024-02-22,0,0,9999
19443,24373,2025-01-10,0,0,9999
19447,24376,2022-08-14,0,1,709
19447,24378,2020-09-04,0,0,9999
19455,24389,2025-10-19,0,0,9999
19464,24397,2023-12-01,0,0,9999
19476,24406,2025-01-03,0,0,9999
19488,24420,2023-02-06,0,0,9999
19489,24421,2025-07-30,0,0,9999
19494,24427,2023-11-04,0,0,9999
19496,24432,2023-11-07,0,0,9999
19511,24454,2020-03-29,0,0,9999
19514,24459,2020-01-17,0,0,9999
19514,24460,2025-02-03,0,1,1844
19518,24464,2025-03-08,0,0,9999
19530,24473,2025-01-20,0,0,9999
19540,24484,2023-09-16,0,0,9999
19540,24485,2025-07-13,0,1,666
19544,24490,2023-03-03,0,0,9999
19553,24504,2023-05-23,0,0,9999
19557,24509,2021-06-03,0,0,9999
19565,24517,2024-12-12,0,1,898
19565,24518,2022-06-28,0,0,9999
19578,24533,2025-09-28,0,0,9999
19579,24535,2021-03-06,0,0,9999
19580,24538,2025-11-21,0,0,9999
19582,24540,2025-07-08,0,0,9999
19584,24543,2026-01-21,0,0,9999
19585,24544,2022-01-25,0,0,9999
19603,24570,2025-09-26,0,0,9999
19610,24580,2025-07-11,0,0,9999
19619,24588,2023-12-29,0,0,9999
19634,24609,2025-07-05,0,0,9999
19647,24626,2025-04-02,0,0,9999
19662,24640,2024-09-06,0,0,9999
19672,24655,2024-07-09,0,0,9999
19675,24660,2022-12-24,0,0,9999
19677,24662,2026-01-04,0,0,9999
19680,24664,2025-11-26,0,0,9999
19682,24666,2023-02-14,0,0,9999
19682,24667,2025-11-15,0,1,1005
19685,24673,2021-07-26,0,1,74
19685,24674,2021-05-13,0,0,9999
19697,24683,2025-10-02,0,0,9999
19705,24693,2024-02-05,0,0,9999
19717,24701,2020-02-25,0,0,9999
19724,24707,2026-01-14,0,0,9999
19734,24717,2024-06-19,0,0,9999
19743,24726,2025-11-13,0,0,9999
19749,24731,2025-04-28,0,0,9999
19751,24732,2024-11-19,0,0,9999
19755,24736,2025-10-14,0,0,9999
19759,24741,2024-03-03,0,0,9999
19766,24747,2024-02-05,0,0,9999
19775,24755,2026-01-04,0,0,9999
19778,24756,2023-10-06,0,0,9999
19783,24761,2026-01-29,0,0,9999
19787,24764,2024-11-19,0,0,9999
19787,24765,2025-05-31,0,2,86
19787,24766,2025-03-06,0,1,107
19790,24771,2024-02-18,0,0,9999
19793,24774,2025-07-20,0,0,9999
19797,24778,2021-09-28,0,0,9999
19801,24783,2024-07-26,0,1,807
19801,24785,2025-02-09,0,2,198
19801,24786,2022-05-11,0,0,9999
19805,24790,2025-08-10,0,0,9999
19836,24826,2023-12-30,0,0,9999
19843,24833,2022-09-24,0,0,9999
19844,24835,2025-04-02,0,0,9999
19848,24843,2025-04-10,0,0,9999
19853,24852,2023-11-02,0,0,9999
19856,24853,2023-02-06,0,0,9999
19859,24858,2025-10-04,0,0,9999
19860,24859,2021-11-25,0,0,9999
19871,24870,2023-03-06,0,0,9999
19873,24875,2025-03-23,0,0,9999
19885,24883,2023-07-03,0,0,9999
19889,24887,2025-08-13,0,0,9999
19894,24895,2026-01-26,0,1,1
19894,24896,2026-01-25,1,0,9999
19902,24908,2023-08-16,0,0,9999
19906,24914,2025-06-19,0,0,9999
19908,24915,2024-02-15,0,1,587
19908,24916,2022-07-08,0,0,9999
19911,24919,2026-01-09,0,0,9999
19939,24951,2026-01-14,0,0,9999
19942,24955,2020-08-19,0,0,9999
19943,24958,2022-09-24,0,0,9999
19961,24976,2023-10-23,0,0,9999
19971,24987,2023-09-30,0,0,9999
19972,24988,2020-06-25,0,0,9999
19972,24990,2024-08-21,0,1,1518
19977,24996,2025-06-14,0,0,9999
19985,25010,2023-07-20,0,0,9999
19986,25011,2025-01-03,0,0,9999
19993,25020,2023-02-11,0,0,9999
20003,25038,2025-08-15,0,1,223
20003,25039,2025-01-04,0,0,9999
20004,25042,2024-08-23,0,0,9999
20008,25047,2023-05-28,0,0,9999
20017,25055,2023-06-08,0,0,9999
20028,25071,2020-11-15,0,0,9999
20032,25075,2025-10-02,0,0,9999
20048,25093,2025-01-26,0,0,9999
20048,25094,2025-12-25,0,1,333
20052,25102,2023-05-09,0,0,9999
20058,25110,2025-10-15,0,0,9999
20089,25145,2025-09-24,0,0,9999
20099,25151,2023-12-25,0,0,9999
20108,25161,2024-11-07,0,0,9999
20131,25186,2025-08-09,0,0,9999
20134,25190,2025-10-20,0,0,9999
20141,25195,2025-07-01,0,0,9999
20142,25196,2025-08-29,0,0,9999
20146,25199,2025-09-18,0,0,9999
20146,25200,2026-01-28,0,1,132
20147,25201,2025-08-18,0,0,9999
20148,25202,2022-04-07,0,0,9999
20163,25220,2021-10-25,0,0,9999
20166,25224,2024-05-26,0,0,9999
20189,25256,2022-02-07,0,0,9999
20192,25260,2024-02-06,0,0,9999
20193,25261,2025-12-18,0,0,9999
20204,25273,2023-08-25,0,0,9999
20206,25277,2023-07-30,0,0,9999
20215,25290,2020-12-09,0,0,9999
20218,25296,2025-03-28,0,0,9999
20220,25299,2025-07-09,0,1,451
20220,25300,2024-04-14,0,0,9999
20223,25305,2023-01-24,0,0,9999
20228,25313,2025-01-21,0,0,9999
20239,25326,2026-01-15,0,0,9999
20256,25342,2024-04-19,0,0,9999
20256,25344,2025-06-09,0,1,416
20282,25371,2026-01-12,0,0,9999
20290,25379,2024-06-11,0,0,9999
20302,25393,2022-08-26,0,0,9999
20328,25418,2022-12-26,0,0,9999
20345,25437,2025-01-21,0,0,9999
20351,25446,2022-11-04,0,0,9999
20365,25457,2025-04-30,0,0,9999
20375,25466,2021-10-19,0,0,9999
20375,25468,2022-03-16,0,1,148
20385,25483,2024-12-05,0,1,277
20385,25484,2024-03-03,0,0,9999
20393,25495,2025-12-09,0,0,9999
20401,25506,2024-03-06,0,0,9999
20402,25508,2022-08-31,0,0,9999
20410,25515,2024-04-13,0,0,9999
20420,25523,2021-07-02,0,0,9999
20424,25527,2024-11-15,0,0,9999
20428,25533,2021-10-14,0,0,9999
20431,25536,2019-09-22,0,0,9999
20440,25546,2023-07-15,0,0,9999
20441,25548,2026-01-06,0,0,9999
20442,25552,2022-09-28,0,0,9999
20449,25559,2025-06-29,0,0,9999
20462,25573,2024-07-02,0,0,9999
20464,25575,2020-04-05,0,0,9999
20466,25579,2022-02-09,0,0,9999
20470,25584,2024-02-02,0,0,9999
20478,25598,2025-03-15,0,0,9999
20496,25628,2026-01-01,0,0,9999
20518,25648,2026-01-09,0,0,9999
20530,25661,2021-06-13,0,0,9999
20539,25674,2022-02-09,0,0,9999
20544,25679,2021-12-02,0,0,9999
20546,25681,2025-05-16,0,0,9999
20548,25683,2025-03-25,0,0,9999
20557,25690,2025-11-04,0,0,9999
20558,25691,2024-06-27,0,0,9999
20559,25693,2025-05-02,0,0,9999
20560,25696,2023-02-19,0,0,9999
20568,25708,2025-10-19,0,0,9999
20569,25710,2025-12-30,0,1,7
20569,25711,2025-12-23,1,0,9999
20572,25714,2023-06-16,0,1,164
20572,25715,2023-01-03,0,0,9999
20573,25716,2022-05-10,0,0,9999
20590,25736,2026-01-20,0,0,9999
20595,25743,2024-03-04,0,0,9999
20606,25757,2023-02-23,0,0,9999
20610,25762,2023-02-15,0,0,9999
20626,25783,2024-08-14,0,0,9999
20631,25790,2025-12-03,0,0,9999
20645,25809,2020-12-20,0,0,9999
20649,25815,2021-08-08,0,0,9999
20654,25820,2026-01-29,0,0,9999
20677,25846,2026-01-28,0,0,9999
20679,25849,2021-11-16,0,0,9999
20689,25861,2026-01-25,0,0,9999
20695,25866,2025-06-20,0,0,9999
20695,25867,2025-10-15,0,1,117
20703,25877,2025-06-29,0,1,39
20703,25878,2025-05-21,0,0,9999
20715,25890,2019-09-25,0,0,9999
20730,25906,2024-12-23,0,0,9999
20732,25909,2025-09-01,0,0,9999
20735,25917,2025-08-18,0,0,9999
20749,25929,2023-03-28,0,0,9999
20749,25931,2023-06-27,0,1,91
20752,25934,2023-11-12,0,0,9999
20757,25941,2022-08-22,0,0,9999
20757,25942,2025-03-28,0,1,949
20764,25947,2020-03-07,0,0,9999
20764,25948,2022-08-25,0,1,901
20767,25951,2020-05-29,0,0,9999
20772,25954,2023-03-13,0,0,9999
20785,25964,2021-08-17,0,0,9999
20787,25972,2025-03-30,0,0,9999
20789,25974,2022-05-09,0,0,9999
20789,25976,2024-12-02,0,1,938
20790,25977,2025-12-26,0,0,9999
20805,25998,2024-05-11,0,0,9999
20805,25999,2025-04-29,0,1,353
20810,26006,2022-10-09,0,0,9999
20810,26007,2023-05-20,0,1,223
20812,26010,2022-02-23,0,0,9999
20818,26015,2022-07-24,0,0,9999
20826,26026,2022-03-18,0,0,9999
20840,26045,2020-12-08,0,0,9999
20845,26052,2025-04-29,0,0,9999
20860,26068,2025-03-12,0,1,138
20860,26069,2024-10-25,0,0,9999
20861,26071,2025-07-22,0,0,9999
20862,26074,2024-12-24,0,0,9999
20863,26080,2025-01-11,0,0,9999
20866,26084,2025-05-15,0,0,9999
20867,26086,2023-11-06,0,0,9999
20890,26111,2024-10-08,0,0,9999
20894,26119,2025-11-22,0,0,9999
20897,26125,2023-09-19,0,0,9999
20902,26132,2021-10-29,0,0,9999
20907,26137,2023-06-10,0,0,9999
20910,26141,2024-07-17,0,0,9999
20916,26148,2024-12-15,0,0,9999
20916,26151,2025-03-20,0,1,95
20940,26175,2024-09-22,0,0,9999
20941,26176,2023-08-04,0,0,9999
20953,26186,2025-02-01,0,0,9999
20971,26206,2025-10-01,0,0,9999
20974,26210,2024-08-27,0,1,330
20974,26211,2023-10-02,0,0,9999
20978,26214,2025-02-18,0,0,9999
20985,26223,2024-08-06,0,0,9999
20997,26240,2023-03-01,0,0,9999
20997,26241,2025-12-11,0,1,1016
21013,26258,2025-09-01,0,0,9999
21019,26265,2025-11-03,0,0,9999
21020,26267,2024-02-22,0,0,9999
21020,26268,2024-08-27,0,1,187
21030,26275,2025-02-26,0,0,9999
21035,26282,2025-04-27,0,0,9999
21046,26293,2026-01-27,0,0,9999
21054,26303,2025-10-23,0,0,9999
21058,26305,2021-06-20,0,0,9999
21070,26320,2022-04-24,0,0,9999
21080,26330,2025-10-02,0,0,9999
21088,26339,2025-08-20,0,0,9999
21101,26350,2024-01-10,0,0,9999
21101,26351,2026-01-29,0,1,750
21105,26355,2022-03-14,0,0,9999
21106,26356,2026-01-27,0,1,30
21106,26357,2025-12-28,1,0,9999
21113,26368,2020-12-18,0,0,9999
21115,26371,2025-09-18,0,0,9999
21116,26372,2025-10-08,0,1,1463
21116,26373,2021-10-06,0,0,9999
21121,26380,2025-08-24,0,0,9999
21133,26392,2025-10-26,0,0,9999
21157,26419,2025-07-11,0,0,9999
21159,26423,2024-05-08,0,0,9999
21164,26430,2025-04-01,0,0,9999
21170,26433,2025-09-29,0,0,9999
21170,26434,2025-11-01,0,1,33
21191,26465,2022-05-09,0,0,9999
21195,26469,2022-12-14,0,0,9999
21198,26475,2023-03-04,0,0,9999
21208,26486,2024-06-25,0,0,9999
21217,26497,2023-10-02,0,0,9999
21224,26509,2024-05-07,0,0,9999
21237,26525,2024-11-27,0,1,647
21237,26528,2023-02-19,0,0,9999
21252,26545,2021-12-27,0,0,9999
21266,26563,2025-05-27,0,1,299
21266,26564,2024-08-01,0,0,9999
21273,26572,2026-01-30,0,0,9999
21275,26576,2025-12-24,0,0,9999
21280,26582,2025-12-31,0,0,9999
21287,26586,2023-10-16,0,0,9999
21289,26588,2023-12-16,0,0,9999
21290,26590,2021-07-10,0,0,9999
21299,26602,2024-01-21,0,0,9999
21302,26604,2024-12-31,0,0,9999
21304,26605,2025-10-18,0,0,9999
21307,26608,2025-07-05,0,0,9999
21310,26609,2024-06-23,0,0,9999
21314,26613,2025-06-30,0,0,9999
21319,26622,2021-07-15,0,0,9999
21342,26645,2021-08-27,0,0,9999
21351,26653,2025-10-07,0,0,9999
21365,26664,2025-01-27,0,0,9999
21375,26672,2024-08-09,0,0,9999
21414,26716,2025-09-03,0,0,9999
21414,26717,2025-12-03,0,1,91
21417,26720,2023-01-04,0,0,9999
21418,26721,2023-01-25,0,0,9999
21422,26724,2025-10-22,0,0,9999
21424,26727,2022-11-27,0,0,9999
21442,26747,2025-01-21,0,0,9999
21448,26755,2024-09-20,0,0,9999
21450,26760,2025-07-13,0,0,9999
21458,26766,2023-07-06,0,0,9999
21461,26770,2024-04-08,0,0,9999
21465,26774,2025-08-03,0,1,81
21465,26775,2025-05-14,0,0,9999
21473,26785,2024-09-05,0,0,9999
21477,26790,2026-01-27,0,0,9999
21492,26800,2020-07-06,0,0,9999
21496,26804,2025-01-25,0,0,9999
21509,26820,2025-09-29,1,0,9999
21509,26822,2025-10-12,0,1,13
21515,26828,2023-04-29,0,0,9999
21519,26833,2025-05-01,0,0,9999
21524,26839,2025-06-03,0,0,9999
21535,26854,2025-11-03,0,0,9999
21539,26858,2025-12-12,0,0,9999
21540,26859,2025-12-16,0,0,9999
21548,26874,2025-08-15,0,0,9999
21554,26880,2021-12-05,0,0,9999
21570,26900,2025-05-30,0,1,301
21570,26901,2024-08-02,0,0,9999
21573,26904,2025-06-28,0,0,9999
21577,26908,2020-09-17,0,0,9999
21581,26914,2025-03-14,0,0,9999
21586,26919,2025-09-19,0,0,9999
21591,26926,2025-06-09,0,0,9999
21599,26941,2025-01-20,0,0,9999
21602,26944,2026-01-24,0,0,9999
21611,26958,2023-08-08,0,0,9999
21622,26971,2025-05-11,0,0,9999
21627,26978,2024-10-24,0,0,9999
21638,26985,2025-06-01,0,0,9999
21647,26998,2023-05-18,0,0,9999
21651,27006,2020-06-08,0,0,9999
21658,27013,2022-10-10,0,0,9999
21671,27032,2025-11-04,0,0,9999
21671,27033,2026-01-21,0,2,4
21671,27034,2026-01-17,1,1,74
21673,27040,2024-09-07,0,0,9999
21685,27056,2026-01-16,0,0,9999
21701,27076,2025-05-20,0,0,9999
21705,27082,2024-08-10,0,0,9999
21718,27096,2025-10-21,0,0,9999
21720,27102,2025-03-28,0,0,9999
21730,27110,2025-11-05,0,0,9999
21731,27112,2024-06-15,0,0,9999
21734,27119,2025-11-20,0,0,9999
21737,27122,2024-10-10,0,0,9999
21739,27124,2024-06-29,0,0,9999
21755,27137,2025-02-11,0,0,9999
21761,27143,2025-06-10,0,0,9999
21768,27151,2024-10-19,0,0,9999
21775,27158,2024-11-14,0,0,9999
21783,27163,2022-05-07,0,0,9999
21793,27171,2025-04-18,0,0,9999
21794,27172,2021-07-06,0,0,9999
21798,27177,2023-03-06,0,0,9999
21809,27197,2023-11-04,0,0,9999
21818,27206,2025-06-10,0,1,203
21818,27207,2025-12-08,0,2,181
21818,27208,2024-11-19,0,0,9999
21820,27212,2025-08-19,0,0,9999
21820,27213,2025-11-15,0,1,88
21833,27229,2026-01-05,0,0,9999
21834,27231,2022-08-21,0,0,9999
21840,27244,2020-06-30,0,0,9999
21850,27260,2021-12-13,0,0,9999
21886,27299,2024-09-25,0,0,9999
21895,27307,2023-03-21,0,0,9999
21903,27317,2025-09-25,0,0,9999
21917,27335,2024-03-22,0,0,9999
21931,27351,2025-11-20,0,0,9999
21938,27361,2025-02-19,0,0,9999
21946,27371,2021-09-03,0,0,9999
21947,27373,2025-09-27,0,0,9999
21949,27376,2022-08-16,0,0,9999
21953,27382,2025-07-05,0,0,9999
21954,27384,2022-12-25,0,0,9999
21960,27389,2026-01-20,0,0,9999
21962,27392,2024-04-17,0,1,221
21962,27393,2023-09-09,0,0,9999
21963,27394,2025-10-04,0,0,9999
21965,27395,2025-11-02,0,0,9999
21966,27396,2025-11-22,0,0,9999
21967,27398,2023-12-19,0,0,9999
21967,27399,2025-01-10,0,2,302
21967,27400,2024-03-14,0,1,86
21990,27424,2022-07-31,0,0,9999
21996,27432,2024-11-03,0,0,9999
21998,27433,2024-10-16,0,0,9999
22010,27448,2023-09-24,0,0,9999
22011,27449,2025-09-28,0,0,9999
22014,27454,2023-08-06,0,0,9999
22015,27458,2023-12-29,0,0,9999
22026,27465,2025-07-09,0,0,9999
22030,27471,2025-08-12,0,0,9999
22034,27474,2025-09-30,0,1,518
22034,27476,2024-04-30,0,0,9999
22036,27481,2024-02-13,0,0,9999
22049,27493,2024-01-22,0,0,9999
22052,27499,2024-07-09,0,0,9999
22053,27500,2019-09-05,0,0,9999
22053,27501,2021-11-13,0,1,800
22079,27536,2024-01-03,0,1,546
22079,27538,2022-07-06,0,0,9999
22082,27539,2025-03-31,0,0,9999
22085,27540,2025-09-16,0,0,9999
22091,27550,2025-10-21,0,0,9999
22095,27554,2023-07-10,0,0,9999
22097,27558,2024-12-13,0,0,9999
22110,27583,2025-01-27,0,1,328
22110,27584,2024-03-05,0,0,9999
22124,27609,2020-10-07,0,0,9999
22131,27614,2024-11-28,0,0,9999
22139,27627,2021-03-23,0,0,9999
22142,27631,2025-12-25,0,0,9999
22153,27651,2025-09-25,0,0,9999
22154,27652,2024-10-30,0,0,9999
22158,27657,2021-03-13,0,0,9999
22168,27665,2025-01-28,0,1,1316
22168,27666,2021-06-22,0,0,9999
22170,27669,2022-08-08,0,0,9999
22171,27671,2025-09-19,0,0,9999
22184,27695,2023-07-16,0,0,9999
22191,27708,2023-01-17,1,0,9999
22191,27709,2024-07-06,0,2,516
22191,27710,2023-02-06,0,1,20
22192,27712,2025-07-05,0,0,9999
22197,27718,2025-08-29,0,0,9999
22213,27739,2024-03-11,0,0,9999
22220,27751,2025-01-22,0,0,9999
22234,27762,2024-12-17,0,0,9999
22234,27763,2025-10-14,0,1,301
22235,27764,2025-08-25,0,0,9999
22236,27766,2020-12-05,0,0,9999
22236,27767,2023-12-11,0,1,1101
22241,27771,2024-02-14,0,0,9999
22246,27781,2026-01-30,0,0,9999
22247,27782,2026-01-30,0,0,9999
22251,27787,2025-04-16,0,0,9999
22253,27795,2024-01-15,0,0,9999
22261,27806,2026-01-06,0,0,9999
22277,27828,2025-02-11,0,0,9999
22289,27843,2022-06-04,0,0,9999
22293,27850,2024-07-17,0,0,9999
22298,27854,2025-12-24,0,0,9999
22303,27861,2024-01-13,0,0,9999
22315,27875,2023-01-25,0,0,9999
22323,27883,2024-08-15,0,0,9999
22328,27888,2019-11-21,0,0,9999
22328,27889,2024-09-08,0,2,1551
22328,27891,2020-06-10,0,1,202
22334,27895,2024-03-13,0,0,9999
22341,27905,2023-03-11,0,0,9999
22342,27910,2023-01-23,0,0,9999
22348,27915,2022-01-05,0,0,9999
22350,27920,2023-10-27,0,0,9999
22354,27926,2023-10-08,0,0,9999
22356,27928,2025-09-21,0,0,9999
22360,27931,2025-05-19,0,0,9999
22364,27934,2026-01-30,0,0,9999
22367,27940,2025-05-16,0,0,9999
22379,27949,2025-05-04,0,0,9999
22384,27960,2022-11-10,0,0,9999
22389,27968,2025-12-07,0,0,9999
22391,27971,2025-05-01,0,0,9999
22395,27976,2023-10-05,0,0,9999
22395,27977,2024-02-16,0,1,134
22402,27986,2026-01-10,0,0,9999
22404,27990,2021-10-25,0,0,9999
22412,27999,2024-07-10,0,0,9999
22417,28004,2021-02-09,0,0,9999
22426,28011,2020-05-20,0,0,9999
22435,28021,2024-01-11,0,1,841
22435,28022,2021-09-22,0,0,9999
22439,28026,2024-09-23,0,0,9999
22441,28027,2025-06-15,0,0,9999
22442,28028,2026-01-21,0,0,9999
22448,28037,2025-12-29,0,0,9999
22453,28043,2023-12-21,0,0,9999
22454,28044,2022-12-09,0,0,9999
22469,28059,2025-12-18,0,0,9999
22478,28074,2025-04-22,0,0,9999
22483,28081,2025-01-13,0,0,9999
22490,28089,2024-02-26,0,0,9999
22507,28103,2023-11-21,0,0,9999
22510,28106,2025-11-22,0,1,30
22510,28107,2025-10-23,1,0,9999
22514,28116,2025-08-04,0,0,9999
22549,28161,2024-01-31,0,1,743
22549,28163,2022-01-18,0,0,9999
22557,28174,2024-08-28,0,0,9999
22565,28185,2025-09-23,0,0,9999
22572,28194,2025-01-15,0,0,9999
22594,28220,2025-05-25,0,0,9999
22603,28231,2025-10-01,0,0,9999
22612,28247,2024-08-02,0,0,9999
22614,28251,2024-07-21,0,0,9999
22615,28252,2025-11-17,1,0,9999
22615,28253,2025-12-15,0,1,28
22620,28258,2024-07-12,0,0,9999
22635,28282,2025-07-30,0,0,9999
22637,28286,2026-01-28,0,0,9999
22652,28305,2025-10-20,0,0,9999
22656,28308,2022-03-27,0,0,9999
22660,28315,2024-11-01,0,0,9999
22673,28328,2024-05-29,0,0,9999
22675,28331,2025-07-02,0,0,9999
22676,28334,2025-06-28,0,0,9999
22685,28343,2024-11-22,0,0,9999
22702,28367,2025-03-12,0,0,9999
22705,28373,2023-02-27,0,0,9999
22705,28374,2024-08-26,0,1,546
22706,28376,2024-06-28,0,0,9999
22714,28384,2023-11-20,0,0,9999
22723,28394,2022-08-16,0,0,9999
22723,28395,2025-12-06,0,1,1208
22735,28407,2025-09-25,0,0,9999
22740,28411,2024-03-14,0,0,9999
22752,28424,2026-01-03,0,0,9999
22756,28432,2023-03-25,0,0,9999
22760,28437,2025-11-08,0,0,9999
22761,28440,2025-08-20,0,0,9999
22783,28466,2026-01-28,0,0,9999
22784,28472,2024-03-17,0,0,9999
22786,28479,2025-06-22,0,0,9999
22793,28487,2025-11-28,0,0,9999
22802,28497,2022-11-11,0,0,9999
22810,28505,2025-11-26,0,0,9999
22812,28507,2026-01-30,0,0,9999
22819,28511,2025-03-30,0,1,193
22819,28512,2024-09-18,0,0,9999
22820,28514,2022-12-11,0,0,9999
22823,28518,2025-05-14,0,0,9999
22829,28523,2023-04-29,0,0,9999
22835,28536,2025-12-11,0,0,9999
22839,28539,2026-01-10,0,0,9999
22859,28567,2025-11-17,0,0,9999
22865,28581,2020-11-11,0,0,9999
22869,28589,2019-05-14,0,0,9999
22869,28590,2025-07-07,0,1,2246
22881,28607,2025-02-22,0,0,9999
22882,28610,2020-09-15,0,0,9999
22892,28622,2022-05-22,0,0,9999
22892,28623,2024-10-19,0,1,881
22897,28629,2023-09-23,0,0,9999
22901,28633,2025-09-20,0,0,9999
22905,28641,2025-09-08,0,0,9999
22908,28644,2026-01-07,0,0,9999
22916,28654,2021-10-10,0,0,9999
22939,28689,2023-07-01,0,0,9999
22941,28690,2022-10-20,0,0,9999
22952,28707,2025-07-05,0,0,9999
22955,28713,2020-12-25,0,0,9999
22957,28715,2023-04-15,0,0,9999
22964,28725,2024-12-11,0,0,9999
22966,28731,2020-09-24,0,0,9999
22968,28732,2025-10-02,0,0,9999
22968,28733,2025-12-08,0,1,67
22968,28734,2026-01-24,0,2,47
22986,28747,2021-07-23,0,0,9999
22999,28766,2024-09-06,0,2,9
22999,28767,2023-11-25,0,0,9999
22999,28768,2024-08-28,1,1,277
23013,28788,2024-04-16,0,0,9999
23040,28815,2026-01-25,0,0,9999
23041,28817,2025-11-19,0,0,9999
23051,28828,2023-11-22,0,0,9999
23070,28853,2025-06-04,0,0,9999
23083,28870,2024-10-27,0,0,9999
23084,28871,2025-01-19,0,0,9999
23090,28878,2024-08-13,0,0,9999
23091,28882,2025-07-19,0,0,9999
23094,28884,2022-11-16,0,0,9999
23098,28887,2025-03-02,0,0,9999
23100,28889,2022-07-20,0,0,9999
23101,28891,2023-11-18,0,0,9999
23103,28894,2025-06-04,0,0,9999
23119,28912,2022-11-16,0,0,9999
23124,28920,2022-11-03,0,0,9999
23135,28932,2024-03-10,0,0,9999
23141,28939,2026-01-13,0,0,9999
23146,28947,2026-01-12,0,0,9999
23152,28956,2024-09-05,0,0,9999
23158,28966,2023-06-30,0,0,9999
23159,28968,2021-10-11,0,0,9999
23189,29008,2024-02-11,0,0,9999
23196,29015,2024-08-23,1,0,9999
23196,29016,2024-08-24,0,1,1
23202,29023,2024-12-19,0,0,9999
23211,29030,2023-12-21,0,0,9999
23218,29042,2024-03-07,0,0,9999
23232,29054,2025-06-05,0,0,9999
23250,29078,2026-01-30,0,0,9999
23253,29084,2026-01-31,0,0,9999
23268,29107,2025-08-28,0,0,9999
23272,29117,2024-05-18,0,0,9999
23288,29137,2026-01-29,0,0,9999
23297,29149,2025-10-17,0,0,9999
23298,29150,2024-06-14,0,0,9999
23314,29161,2025-09-30,0,0,9999
23319,29166,2021-09-27,0,0,9999
23334,29188,2025-12-11,0,0,9999
23336,29191,2025-10-31,0,0,9999
23343,29199,2024-04-06,0,0,9999
23343,29202,2024-11-22,0,1,230
23358,29220,2024-07-15,0,0,9999
23367,29228,2024-04-12,0,0,9999
23374,29234,2023-06-18,0,0,9999
23382,29245,2025-05-12,0,0,9999
23385,29248,2023-08-10,0,0,9999
23399,29262,2024-06-23,0,0,9999
23410,29273,2022-08-21,0,0,9999
23410,29275,2023-03-07,0,1,198
23415,29282,2025-08-01,0,1,445
23415,29283,2024-05-13,0,0,9999
23417,29285,2021-02-27,0,0,9999
23421,29292,2024-08-23,0,0,9999
23421,29293,2025-05-25,0,1,275
23426,29299,2025-07-30,0,0,9999
23427,29301,2025-01-19,1,0,9999
23427,29302,2025-01-20,0,1,1
23430,29308,2025-04-29,0,0,9999
23436,29314,2024-12-28,0,0,9999
23449,29325,2021-05-06,0,0,9999
23451,29327,2026-01-30,0,0,9999
23457,29338,2025-10-30,0,0,9999
23460,29342,2026-01-25,1,0,9999
23460,29344,2026-01-26,0,1,1
23492,29378,2024-11-22,0,1,20
23492,29379,2024-11-02,1,0,9999
23507,29396,2023-10-06,0,0,9999
23507,29397,2024-02-09,0,1,126
23508,29400,2024-09-28,0,0,9999
23512,29406,2022-06-26,0,0,9999
23513,29408,2025-02-04,0,0,9999
23524,29421,2025-04-01,0,0,9999
23528,29430,2021-09-26,0,0,9999
23531,29433,2024-05-17,0,2,667
23531,29435,2020-11-02,0,0,9999
23531,29436,2022-07-20,0,1,625
23538,29449,2026-01-25,0,1,14
23538,29450,2026-01-11,1,0,9999
23546,29457,2024-05-03,0,0,9999
23552,29464,2025-06-21,0,1,5
23552,29466,2025-06-16,1,0,9999
23566,29491,2024-10-19,0,0,9999
23570,29496,2023-04-07,0,0,9999
23583,29509,2019-09-21,0,0,9999
23588,29517,2022-08-04,0,1,196
23588,29518,2022-01-20,0,0,9999
23588,29519,2024-06-08,0,2,674
23592,29527,2025-07-21,0,0,9999
23603,29537,2024-10-14,0,0,9999
23610,29544,2021-07-21,0,0,9999
23615,29547,2023-06-14,0,0,9999
23616,29548,2023-02-10,0,0,9999
23617,29549,2025-06-29,0,0,9999
23620,29550,2025-03-22,0,0,9999
23621,29552,2023-12-04,0,0,9999
23622,29554,2025-01-13,0,0,9999
23623,29561,2025-10-30,0,0,9999
23625,29568,2024-02-22,0,0,9999
23640,29582,2021-09-18,0,0,9999
23652,29598,2024-03-22,0,0,9999
23662,29608,2021-03-03,0,0,9999
23673,29624,2025-06-26,0,0,9999
23675,29626,2025-05-26,0,0,9999
23676,29627,2025-03-21,0,0,9999
23678,29629,2022-02-04,0,0,9999
23687,29635,2024-10-30,0,0,9999
23688,29637,2024-07-12,0,0,9999
23712,29670,2023-08-15,0,0,9999
23713,29671,2025-11-28,0,0,9999
23718,29677,2025-11-24,0,0,9999
23721,29678,2024-08-20,0,0,9999
23736,29699,2019-10-25,0,0,9999
23739,29704,2023-11-21,0,0,9999
23746,29713,2023-07-24,0,0,9999
23751,29718,2025-11-08,0,0,9999
23753,29721,2025-01-29,0,0,9999
23770,29746,2023-04-23,0,0,9999
23772,29750,2024-12-27,0,0,9999
23773,29752,2024-08-05,0,0,9999
23776,29755,2025-12-28,0,0,9999
23781,29760,2025-01-23,0,0,9999
23784,29766,2023-06-26,0,0,9999
23788,29770,2025-09-25,0,0,9999
23803,29784,2022-06-05,0,0,9999
23809,29789,2024-07-30,0,0,9999
23825,29808,2025-12-12,0,0,9999
23832,29818,2023-02-26,0,1,22
23832,29819,2023-02-04,1,0,9999
23833,29820,2026-01-21,0,0,9999
23838,29826,2021-12-10,0,0,9999
23854,29843,2024-01-17,0,0,9999
23858,29848,2022-04-26,0,0,9999
23863,29854,2024-12-28,0,0,9999
23871,29861,2022-06-29,0,0,9999
23878,29868,2024-07-25,0,0,9999
23885,29874,2023-11-05,0,0,9999
23903,29896,2019-08-31,0,0,9999
23908,29902,2026-01-30,0,0,9999
23909,29903,2025-01-03,0,0,9999
23910,29904,2022-04-04,0,0,9999
23915,29912,2024-11-28,0,0,9999
23923,29920,2023-04-17,0,0,9999
23927,29926,2024-06-13,0,0,9999
23928,29927,2021-10-03,0,0,9999
23932,29929,2024-11-14,0,0,9999
23944,29950,2026-01-18,0,0,9999
23947,29953,2024-06-04,0,0,9999
23948,29954,2023-01-09,0,0,9999
23955,29960,2025-12-12,0,0,9999
23962,29967,2022-06-25,0,0,9999
23969,29974,2024-10-25,0,0,9999
23970,29977,2025-07-21,0,0,9999
23980,29988,2025-11-05,0,1,477
23980,29991,2024-07-16,0,0,9999
23982,29994,2026-01-08,0,0,9999
23988,29999,2025-08-09,0,0,9999
23993,30007,2025-06-10,0,0,9999
23995,30011,2025-07-07,0,0,9999
23995,30012,2025-08-14,0,1,38
24002,30024,2025-09-10,0,0,9999
24009,30036,2024-05-22,0,0,9999
24023,30052,2023-08-12,0,0,9999
24033,30064,2024-03-09,0,0,9999
24038,30070,2025-12-22,0,0,9999
24039,30074,2023-01-12,0,0,9999
24050,30083,2025-08-25,0,0,9999
24051,30085,2025-12-14,0,0,9999
24063,30107,2024-11-01,0,0,9999
24071,30117,2024-04-07,0,0,9999
24071,30118,2024-08-19,0,1,134
24081,30130,2023-11-28,0,1,1073
24081,30133,2020-12-20,0,0,9999
24087,30136,2022-02-26,0,0,9999
24087,30137,2022-09-03,0,1,189
24094,30148,2026-01-21,0,0,9999
24115,30170,2024-06-19,0,0,9999
24118,30177,2025-05-31,0,0,9999
24127,30186,2024-12-15,0,0,9999
24128,30187,2025-11-01,0,0,9999
24142,30200,2026-01-28,0,0,9999
24144,30203,2025-12-09,0,0,9999
24146,30206,2025-02-25,0,1,911
24146,30207,2022-08-29,0,0,9999
24149,30212,2023-11-28,0,1,732
24149,30214,2021-11-26,0,0,9999
24151,30216,2025-10-23,0,0,9999
24152,30218,2021-12-05,0,0,9999
24156,30223,2025-04-19,0,0,9999
24172,30245,2025-02-28,0,0,9999
24177,30253,2020-11-16,0,0,9999
24182,30261,2025-07-05,0,0,9999
24186,30269,2023-10-14,0,1,144
24186,30270,2023-05-23,0,0,9999
24192,30278,2023-09-07,0,0,9999
24199,30285,2024-09-16,0,0,9999
24204,30294,2025-08-02,0,0,9999
24208,30299,2023-08-07,0,0,9999
24217,30312,2024-03-16,0,0,9999
24227,30327,2025-02-07,0,0,9999
24245,30349,2025-01-20,0,0,9999
24248,30352,2026-01-25,0,0,9999
24252,30357,2025-07-27,0,0,9999
24265,30375,2025-05-30,0,0,9999
24267,30376,2024-05-22,0,0,9999
24280,30387,2025-12-01,0,1,767
24280,30388,2023-10-26,0,0,9999
24282,30389,2025-03-31,0,1,53
24282,30390,2025-02-06,0,0,9999
24289,30394,2025-12-30,0,1,870
24289,30395,2023-08-13,0,0,9999
24290,30399,2025-12-03,0,0,9999
24296,30409,2023-12-09,0,0,9999
24297,30410,2025-07-26,0,0,9999
24306,30420,2022-03-24,0,0,9999
24315,30432,2025-03-30,0,0,9999
24318,30439,2024-01-22,0,1,445
24318,30440,2022-11-03,0,0,9999
24320,30442,2020-05-09,0,0,9999
24332,30458,2021-01-01,0,0,9999
24337,30465,2024-07-11,0,0,9999
24350,30481,2025-11-21,0,0,9999
24351,30482,2025-03-29,0,0,9999
24353,30484,2023-02-11,0,0,9999
24364,30501,2026-01-29,0,0,9999
24376,30511,2024-03-16,0,0,9999
24378,30513,2022-03-19,0,0,9999
24383,30525,2024-04-24,0,0,9999
24388,30535,2024-04-08,0,1,328
24388,30536,2023-05-16,0,0,9999
24394,30546,2024-06-07,0,0,9999
24394,30547,2025-08-20,0,1,439
24407,30561,2025-12-15,0,0,9999
24409,30565,2025-07-19,0,0,9999
24414,30574,2022-05-08,0,0,9999
24423,30585,2024-04-30,0,0,9999
24440,30599,2025-04-16,0,0,9999
24441,30601,2024-10-15,0,0,9999
24447,30609,2025-07-11,0,0,9999
24454,30618,2025-10-21,0,0,9999
24457,30621,2025-08-08,0,0,9999
24458,30622,2025-11-01,0,2,716
24458,30623,2023-07-22,0,0,9999
24458,30624,2023-11-16,0,1,117
24459,30627,2024-05-11,0,0,9999
24460,30631,2025-03-01,0,0,9999
24462,30633,2026-01-17,0,1,191
24462,30634,2025-07-10,0,0,9999
24484,30657,2025-05-13,0,0,9999
24491,30670,2025-07-30,0,0,9999
24492,30671,2023-03-02,0,0,9999
24506,30682,2025-12-11,0,0,9999
24507,30683,2023-08-18,0,0,9999
24513,30688,2025-10-16,0,0,9999
24514,30691,2021-01-25,0,0,9999
24516,30693,2026-01-19,0,0,9999
24536,30715,2025-04-17,0,0,9999
24548,30730,2023-04-29,0,0,9999
24550,30733,2022-01-05,0,0,9999
24558,30744,2023-10-31,0,0,9999
24560,30745,2024-02-21,0,0,9999
24563,30753,2025-05-06,0,0,9999
24571,30763,2021-04-30,0,0,9999
24581,30772,2025-11-29,0,0,9999
24593,30788,2023-09-20,0,1,297
24593,30789,2022-11-27,0,0,9999
24594,30792,2022-08-06,0,1,895
24594,30793,2020-02-23,0,0,9999
24597,30799,2025-09-11,0,0,9999
24625,30836,2024-05-28,0,0,9999
24625,30837,2025-06-01,0,1,369
24630,30844,2024-04-13,0,0,9999
24649,30868,2026-01-25,1,0,9999
24649,30869,2026-01-26,0,1,1
24654,30875,2026-01-05,0,0,9999
24665,30893,2024-10-03,0,0,9999
24665,30894,2025-11-20,0,1,413
24672,30903,2025-06-22,0,0,9999
24680,30909,2025-09-21,0,0,9999
24681,30910,2022-05-04,0,0,9999
24705,30939,2026-01-05,0,0,9999
24706,30940,2026-01-08,0,0,9999
24714,30955,2022-02-25,0,0,9999
24728,30975,2025-10-11,0,1,704
24728,30976,2023-11-07,0,0,9999
24737,30987,2022-09-29,0,0,9999
24743,30993,2024-06-26,0,0,9999
24745,30996,2024-08-23,0,0,9999
24746,30997,2024-10-16,0,0,9999
24761,31013,2025-07-08,0,0,9999
24766,31019,2023-08-23,0,0,9999
24783,31035,2025-03-17,0,0,9999
24787,31038,2026-01-28,0,0,9999
24796,31047,2023-10-08,0,0,9999
24799,31050,2020-12-18,0,0,9999
24803,31056,2025-12-23,0,0,9999
24806,31058,2025-12-20,0,0,9999
24816,31069,2024-04-07,0,0,9999
24820,31075,2023-03-30,0,0,9999
24824,31078,2025-11-04,0,1,359
24824,31079,2024-11-10,0,0,9999
24839,31092,2025-11-12,0,0,9999
24843,31099,2026-01-03,0,0,9999
24845,31101,2024-08-21,0,0,9999
24847,31106,2024-06-08,0,0,9999
24858,31119,2025-11-19,0,0,9999
24863,31124,2025-10-07,0,0,9999
24868,31129,2025-07-24,0,0,9999
24876,31139,2020-09-29,0,0,9999
24889,31157,2024-11-08,0,0,9999
24904,31178,2025-03-27,0,0,9999
24913,31186,2025-04-25,0,0,9999
24921,31194,2023-12-03,0,0,9999
24923,31197,2024-11-13,1,0,9999
24923,31199,2024-11-17,0,1,4
24942,31224,2024-09-22,0,0,9999
24942,31225,2025-11-17,0,1,421
24949,31232,2021-07-24,0,0,9999
24949,31233,2025-03-23,0,1,1338
24959,31240,2024-07-05,0,1,645
24959,31241,2022-09-29,0,0,9999
24961,31243,2026-01-20,0,0,9999
24967,31247,2025-07-30,0,0,9999
24981,31264,2024-05-31,0,0,9999
24993,31275,2023-10-30,0,0,9999
24996,31278,2025-04-03,0,0,9999
24997,31279,2020-09-06,0,0,9999
25000,31283,2024-10-10,0,0,9999
25003,31285,2022-09-19,0,0,9999
25008,31292,2025-08-10,0,0,9999
25009,31293,2025-09-11,0,0,9999
25036,31330,2025-12-27,0,0,9999
25044,31345,2023-12-30,0,0,9999
25103,31417,2024-09-11,0,0,9999
25108,31420,2023-01-02,0,0,9999
25116,31431,2024-03-11,0,0,9999
25117,31432,2024-04-05,0,0,9999
25150,31476,2025-05-29,0,0,9999
25158,31486,2025-11-28,0,0,9999
25160,31489,2024-11-11,0,0,9999
25163,31494,2022-06-29,0,0,9999
25208,31549,2025-02-26,0,0,9999
25212,31553,2026-01-23,0,0,9999
25238,31589,2025-02-25,0,0,9999
25245,31599,2025-07-12,0,0,9999
25245,31601,2025-11-18,0,1,129
25246,31602,2022-09-09,0,0,9999
25255,31617,2022-11-28,0,0,9999
25259,31622,2025-11-20,0,0,9999
25285,31651,2022-07-13,0,0,9999
25288,31654,2025-01-04,0,0,9999
25290,31656,2024-11-02,0,0,9999
25292,31660,2022-07-26,0,0,9999
25296,31664,2025-06-13,0,1,411
25296,31665,2024-04-28,0,0,9999
25297,31667,2025-06-28,0,0,9999
25303,31672,2021-10-04,0,1,182
25303,31673,2021-04-05,0,0,9999
25305,31677,2025-12-27,0,0,9999
25312,31685,2022-06-06,0,0,9999
25342,31719,2019-12-22,0,1,10
25342,31720,2019-12-12,1,0,9999
25347,31729,2024-09-07,0,0,9999
25348,31730,2020-07-02,0,0,9999
25348,31731,2023-04-10,0,1,1012
25349,31732,2025-04-03,0,0,9999
25349,31733,2025-11-15,0,1,226
25352,31736,2025-11-19,0,0,9999
25365,31752,2025-12-22,0,0,9999
25373,31764,2025-07-04,0,1,164
25373,31765,2025-01-21,0,0,9999
25380,31773,2021-08-30,0,0,9999
25382,31775,2024-06-30,0,0,9999
25398,31793,2023-10-28,0,0,9999
25402,31800,2025-04-17,0,0,9999
25420,31818,2021-04-04,0,0,9999
25422,31821,2025-11-25,0,0,9999
25423,31823,2026-01-21,0,0,9999
25425,31825,2025-05-10,0,0,9999
25436,31841,2025-10-07,0,0,9999
25437,31842,2025-04-16,0,0,9999
25439,31845,2025-08-01,0,0,9999
25445,31850,2025-09-28,0,0,9999
25447,31852,2025-07-08,0,0,9999
25470,31889,2020-05-28,0,0,9999
25472,31891,2023-01-20,0,0,9999
25477,31899,2022-07-08,0,0,9999
25488,31913,2025-10-19,0,1,155
25488,31914,2025-05-17,0,0,9999
25492,31919,2026-01-12,0,0,9999
25504,31934,2023-04-15,0,0,9999
25506,31939,2024-09-16,0,0,9999
25522,31958,2022-11-21,0,0,9999
25528,31969,2025-05-26,0,0,9999
25530,31971,2021-02-15,0,1,62
25530,31972,2020-12-15,0,0,9999
25530,31973,2023-05-31,0,2,835
25538,31981,2025-10-09,0,0,9999
25542,31990,2025-12-02,0,1,2429
25542,31991,2019-04-09,0,0,9999
25556,32014,2025-08-03,0,0,9999
25563,32022,2023-10-26,0,0,9999
25568,32026,2024-01-22,0,0,9999
25571,32031,2025-01-14,0,0,9999
25588,32052,2020-07-10,0,0,9999
25591,32055,2025-10-10,0,2,805
25591,32056,2023-05-05,0,0,9999
25591,32058,2023-07-28,0,1,84
25597,32065,2025-09-29,0,0,9999
25600,32066,2023-07-28,0,0,9999
25606,32071,2024-05-05,0,2,427
25606,32072,2023-03-05,0,1,33
25606,32073,2023-01-31,0,0,9999
25624,32099,2023-08-24,0,0,9999
25628,32103,2022-05-29,0,0,9999
25633,32108,2025-04-01,0,0,9999
25638,32113,2026-01-13,0,0,9999
25646,32123,2025-09-27,0,1,278
25646,32125,2024-12-23,0,0,9999
25672,32153,2025-09-15,0,0,9999
25685,32172,2026-01-04,0,0,9999
25691,32178,2023-01-27,0,0,9999
25700,32189,2025-04-28,0,0,9999
25700,32190,2025-10-06,0,1,161
25715,32202,2025-03-23,0,0,9999
25720,32208,2026-01-07,0,0,9999
25725,32216,2025-12-27,0,0,9999
25728,32219,2021-05-26,0,0,9999
25728,32220,2024-12-19,0,1,1303
25744,32237,2025-11-07,0,0,9999
25749,32246,2025-01-30,0,0,9999
25758,32257,2023-06-26,0,0,9999
25768,32272,2026-01-28,0,0,9999
25773,32279,2026-01-09,0,0,9999
25778,32282,2025-07-24,0,0,9999
25789,32294,2024-01-05,0,0,9999
25795,32300,2022-10-20,0,0,9999
25797,32301,2024-07-18,0,0,9999
25804,32308,2025-07-25,0,0,9999
25818,32322,2021-08-18,0,0,9999
25825,32330,2025-08-14,0,0,9999
25831,32339,2024-12-12,0,0,9999
25842,32354,2022-10-11,0,0,9999
25858,32369,2024-10-09,0,0,9999
25864,32376,2025-11-03,0,0,9999
25867,32379,2023-01-10,0,0,9999
25878,32395,2021-12-04,0,0,9999
25881,32399,2026-01-10,0,0,9999
25888,32405,2022-08-06,0,0,9999
25890,32408,2020-12-31,0,0,9999
25894,32416,2025-07-26,0,0,9999
25897,32420,2022-06-05,0,0,9999
25902,32427,2024-07-07,0,0,9999
25907,32434,2025-09-25,0,1,44
25907,32435,2025-08-12,0,0,9999
25908,32438,2026-01-09,0,0,9999
25920,32454,2022-08-04,0,0,9999
25937,32475,2025-05-28,0,0,9999
25961,32508,2025-07-21,0,0,9999
25970,32519,2021-06-16,0,0,9999
25973,32522,2025-04-08,0,1,58
25973,32523,2025-02-09,0,0,9999
25979,32529,2025-09-27,0,0,9999
25987,32539,2024-06-12,0,0,9999
25991,32543,2020-12-30,0,0,9999
26012,32561,2025-12-24,0,2,54
26012,32562,2025-02-28,0,0,9999
26012,32563,2025-10-31,0,1,245
26013,32564,2025-10-26,0,0,9999
26034,32580,2025-07-01,0,0,9999
26035,32581,2026-01-26,0,0,9999
26050,32598,2022-07-06,0,0,9999
26051,32599,2026-01-08,0,0,9999
26062,32613,2025-12-15,0,0,9999
26075,32634,2022-09-23,0,0,9999
26076,32637,2025-11-29,0,2,1104
26076,32638,2022-11-21,0,1,1182
26076,32639,2019-08-27,0,0,9999
26083,32648,2025-09-07,0,0,9999
26087,32652,2025-11-27,0,1,91
26087,32653,2025-08-28,0,0,9999
26088,32656,2025-03-03,0,0,9999
26105,32676,2025-10-28,0,0,9999
26110,32685,2023-06-26,0,0,9999
26119,32693,2024-11-09,0,1,29
26119,32694,2024-10-11,1,0,9999
26148,32738,2025-02-17,0,0,9999
26149,32740,2024-01-08,0,1,133
26149,32741,2023-08-28,0,0,9999
26155,32751,2021-11-20,0,0,9999
26180,32776,2024-10-22,0,0,9999
26187,32781,2023-07-05,0,0,9999
26193,32788,2025-07-12,0,0,9999
26198,32795,2026-01-22,0,0,9999
26200,32796,2026-01-19,0,1,1289
26200,32798,2022-07-10,0,0,9999
26208,32810,2024-01-20,0,0,9999
26212,32813,2025-10-17,0,0,9999
26220,32819,2024-10-14,0,0,9999
26222,32823,2020-12-11,0,0,9999
26249,32852,2025-12-22,0,0,9999
26260,32863,2026-01-29,0,0,9999
26266,32873,2024-12-20,0,0,9999
26277,32888,2025-11-19,0,0,9999
26278,32890,2022-02-13,0,0,9999
26284,32898,2024-06-29,0,0,9999
26285,32899,2025-08-25,0,1,209
26285,32900,2025-01-28,0,0,9999
26292,32910,2022-09-30,0,0,9999
26297,32918,2025-12-26,0,1,2
26297,32919,2025-12-24,1,0,9999
26313,32934,2026-01-12,0,0,9999
26314,32940,2026-01-10,0,0,9999
26318,32943,2022-09-06,0,0,9999
26324,32951,2022-03-21,0,0,9999
26330,32958,2025-08-02,0,0,9999
26331,32962,2024-12-23,0,0,9999
26335,32966,2024-07-05,0,0,9999
26335,32967,2025-07-21,0,1,381
26350,32987,2025-07-21,0,0,9999
26351,32990,2025-05-26,0,0,9999
26382,33016,2023-03-19,0,0,9999
26384,33019,2024-09-07,0,0,9999
26390,33027,2025-12-16,0,0,9999
26393,33031,2020-10-22,0,0,9999
26411,33051,2022-10-02,0,0,9999
26411,33054,2024-03-29,0,1,544
26430,33072,2025-09-09,0,1,414
26430,33073,2024-07-22,0,0,9999
26437,33079,2026-01-29,0,0,9999
26444,33091,2025-08-30,0,0,9999
26460,33111,2021-08-01,0,0,9999
26466,33117,2022-03-15,0,0,9999
26466,33118,2023-04-02,0,1,383
26469,33122,2023-02-27,0,0,9999
26470,33123,2023-07-18,0,0,9999
26475,33129,2024-03-18,0,0,9999
26491,33155,2021-06-25,0,0,9999
26513,33180,2025-07-08,0,0,9999
26516,33181,2024-09-15,0,0,9999
26524,33192,2019-12-02,0,0,9999
26547,33229,2023-01-05,0,0,9999
26552,33236,2024-09-01,0,0,9999
26560,33244,2022-05-09,0,0,9999
26561,33245,2024-03-24,0,0,9999
26574,33257,2023-12-30,0,0,9999
26585,33266,2023-03-22,0,0,9999
26596,33280,2020-01-17,0,0,9999
26596,33282,2020-06-18,0,1,153
26597,33284,2022-06-27,0,0,9999
26600,33288,2024-04-01,0,0,9999
26601,33292,2021-05-18,0,0,9999
26603,33296,2026-01-18,0,0,9999
26604,33297,2022-11-12,0,0,9999
26617,33307,2026-01-30,0,0,9999
26618,33309,2022-04-13,0,0,9999
26621,33314,2020-11-06,0,0,9999
26631,33326,2022-12-16,0,0,9999
26633,33328,2024-03-30,0,1,786
26633,33331,2022-02-03,0,0,9999
26650,33344,2023-02-04,0,0,9999
26662,33356,2024-09-18,0,0,9999
26664,33357,2026-01-21,0,0,9999
26672,33365,2026-01-22,0,0,9999
26676,33370,2024-11-05,0,0,9999
26678,33373,2024-05-01,0,0,9999
26679,33376,2025-09-10,0,0,9999
26680,33377,2024-10-23,0,0,9999
26681,33380,2025-08-21,0,0,9999
26684,33384,2025-11-01,0,1,110
26684,33386,2025-07-14,0,0,9999
26686,33387,2025-11-25,0,1,25
26686,33388,2025-10-31,1,0,9999
26694,33401,2019-10-27,0,0,9999
26701,33412,2024-08-01,0,1,411
26701,33413,2026-01-01,0,2,518
26701,33414,2023-06-17,0,0,9999
26702,33416,2025-08-25,0,0,9999
26709,33425,2021-08-26,0,0,9999
26713,33431,2025-05-08,0,0,9999
26721,33439,2023-07-19,0,0,9999
26721,33440,2024-11-30,0,1,500
26729,33450,2023-09-04,0,0,9999
26736,33457,2023-05-04,0,0,9999
26741,33461,2023-12-25,0,0,9999
26747,33467,2025-06-30,0,0,9999
26749,33470,2025-12-19,0,0,9999
26750,33471,2025-08-30,0,0,9999
26757,33479,2026-01-29,0,0,9999
26758,33481,2024-02-12,0,1,391
26758,33483,2023-01-17,0,0,9999
26762,33490,2023-08-27,0,0,9999
26784,33509,2022-11-22,0,0,9999
26788,33514,2026-01-14,0,0,9999
26791,33518,2024-05-30,0,0,9999
26804,33529,2023-12-24,0,0,9999
26822,33548,2025-04-20,0,0,9999
26823,33549,2025-02-21,0,1,1344
26823,33550,2021-06-18,0,0,9999
26829,33558,2021-07-08,0,0,9999
26838,33568,2020-10-19,0,0,9999
26850,33586,2023-02-10,0,0,9999
26873,33610,2024-12-14,0,0,9999
26878,33618,2024-07-12,0,0,9999
26883,33621,2023-12-28,0,0,9999
26891,33631,2021-10-08,0,0,9999
26900,33639,2026-01-25,0,0,9999
26915,33656,2026-01-28,0,0,9999
26916,33657,2024-09-02,0,1,1065
26916,33658,2021-10-03,0,0,9999
26920,33661,2024-08-22,0,1,1196
26920,33663,2021-05-14,0,0,9999
26946,33692,2020-12-03,0,0,9999
26946,33693,2021-02-20,0,1,79
26949,33696,2026-01-30,0,0,9999
26964,33710,2024-09-15,0,0,9999
26975,33730,2023-09-16,0,0,9999
26975,33731,2024-05-20,0,1,247
26990,33743,2021-12-27,0,0,9999
26997,33749,2024-05-27,0,0,9999
26999,33751,2022-04-28,0,0,9999
27001,33754,2023-11-07,0,0,9999
27004,33757,2026-01-29,0,0,9999
27026,33787,2025-08-02,0,0,9999
27027,33788,2022-12-14,0,0,9999
27031,33793,2023-05-16,0,0,9999
27034,33795,2024-10-07,0,0,9999
27034,33796,2025-01-03,0,1,88
27035,33798,2019-09-28,0,0,9999
27039,33804,2024-02-24,0,0,9999
27040,33806,2025-01-05,0,0,9999
27040,33807,2025-08-26,0,1,233
27042,33809,2026-01-26,0,0,9999
27054,33824,2025-08-07,0,0,9999
27057,33826,2025-02-10,0,0,9999
27066,33839,2025-07-24,0,0,9999
27069,33842,2026-01-08,0,0,9999
27072,33848,2022-05-30,0,0,9999
27073,33849,2026-01-24,0,0,9999
27073,33850,2026-01-24,0,0,9999
27075,33852,2025-09-17,0,0,9999
27082,33861,2024-07-31,0,0,9999
27082,33862,2026-01-23,0,1,541
27083,33863,2023-08-25,0,0,9999
27084,33864,2025-03-14,0,0,9999
27089,33867,2023-10-10,0,0,9999
27095,33872,2026-01-30,0,0,9999
27095,33875,2026-01-30,0,0,9999
27100,33884,2024-09-19,0,0,9999
27101,33885,2026-01-29,0,0,9999
27110,33898,2023-01-13,0,0,9999
27137,33930,2023-02-10,0,0,9999
27137,33931,2026-01-02,0,1,1057
27152,33944,2025-08-25,0,1,208
27152,33945,2025-01-29,0,0,9999
27153,33947,2021-08-10,0,0,9999
27180,33984,2023-01-12,0,0,9999
27188,33994,2023-09-11,0,0,9999
27199,34009,2026-01-04,0,0,9999
27202,34012,2021-04-09,0,0,9999
27204,34014,2025-11-02,0,0,9999
27231,34041,2022-03-29,0,0,9999
27234,34046,2025-04-27,0,0,9999
27236,34049,2025-04-15,0,0,9999
27243,34054,2025-03-18,0,0,9999
27246,34058,2026-01-29,0,0,9999
27263,34083,2024-08-07,0,0,9999
27275,34099,2025-08-11,0,0,9999
27278,34103,2025-04-13,0,0,9999
27281,34108,2025-07-16,0,0,9999
27288,34116,2024-07-04,0,0,9999
27295,34128,2026-01-01,0,1,135
27295,34129,2025-08-19,0,0,9999
27296,34133,2024-08-28,0,0,9999
27308,34143,2024-04-21,0,0,9999
27327,34169,2026-01-28,0,0,9999
27332,34173,2025-07-28,0,0,9999
27339,34179,2022-06-30,0,0,9999
27341,34184,2020-03-21,0,0,9999
27345,34189,2024-05-15,0,0,9999
27349,34195,2025-05-26,0,0,9999
27351,34196,2025-07-30,0,1,527
27351,34198,2024-02-19,0,0,9999
27365,34217,2025-10-02,0,0,9999
27378,34233,2025-11-26,0,0,9999
27395,34258,2025-12-07,0,1,702
27395,34260,2024-01-05,0,0,9999
27409,34270,2024-03-22,0,0,9999
27416,34280,2025-04-24,0,0,9999
27436,34310,2025-10-31,0,0,9999
27454,34334,2025-04-22,0,0,9999
27460,34337,2023-11-09,0,0,9999
27460,34338,2025-04-07,0,1,515
27463,34342,2025-11-26,0,1,1186
27463,34344,2022-08-28,0,0,9999
27467,34345,2024-09-15,0,1,30
27467,34346,2024-08-16,1,0,9999
27475,34354,2023-08-30,0,1,111
27475,34355,2023-05-11,0,0,9999
27478,34358,2025-12-20,0,0,9999
27486,34369,2023-09-24,0,0,9999
27494,34374,2025-09-01,0,0,9999
27496,34376,2023-07-05,0,0,9999
27527,34417,2025-09-28,0,1,306
27527,34418,2024-11-26,0,0,9999
27528,34419,2025-03-26,0,0,9999
27545,34447,2025-06-24,0,0,9999
27547,34449,2023-07-21,0,0,9999
27566,34472,2025-08-17,0,1,119
27566,34473,2025-04-20,0,0,9999
27567,34474,2025-02-27,0,0,9999
27571,34477,2023-05-09,0,0,9999
27579,34484,2025-10-12,0,0,9999
27591,34500,2025-11-11,0,0,9999
27597,34507,2021-08-18,0,0,9999
27604,34515,2023-01-27,0,0,9999
27608,34521,2023-07-24,0,1,32
27608,34522,2023-06-22,0,0,9999
27609,34523,2023-02-04,0,0,9999
27611,34527,2025-08-21,0,0,9999
27618,34533,2025-12-09,0,1,31
27618,34535,2025-11-08,0,0,9999
27621,34538,2025-03-06,0,0,9999
27628,34545,2024-01-25,0,0,9999
27636,34559,2024-05-11,0,0,9999
27638,34562,2023-12-31,0,0,9999
27643,34567,2020-04-21,0,0,9999
27644,34568,2021-05-06,0,0,9999
27650,34577,2024-05-18,0,0,9999
27652,34579,2026-01-16,0,0,9999
27671,34597,2024-07-15,0,0,9999
27672,34601,2025-11-30,0,0,9999
27681,34609,2023-06-14,0,0,9999
27684,34617,2025-11-08,0,0,9999
27686,34619,2024-04-12,0,0,9999
27692,34626,2026-01-03,0,0,9999
27695,34630,2024-07-25,0,0,9999
27699,34637,2024-05-17,0,0,9999
27703,34639,2025-03-09,0,0,9999
27706,34641,2024-01-08,0,0,9999
27713,34652,2020-08-26,0,0,9999
27723,34661,2025-03-05,0,0,9999
27733,34673,2025-12-08,0,0,9999
27738,34679,2024-06-23,0,0,9999
27747,34691,2025-03-17,0,0,9999
27748,34692,2025-12-11,0,0,9999
27752,34698,2024-12-12,0,0,9999
27758,34707,2025-09-06,0,0,9999
27761,34713,2026-01-27,0,0,9999
27768,34719,2025-09-02,0,0,9999
27786,34736,2023-02-02,0,0,9999
27791,34743,2025-11-25,0,0,9999
27804,34756,2026-01-26,0,0,9999
27808,34760,2025-03-24,0,0,9999
27817,34775,2024-01-03,0,0,9999
27820,34781,2023-10-03,0,0,9999
27827,34788,2025-06-05,0,0,9999
27837,34804,2026-01-04,0,0,9999
27863,34845,2024-04-18,0,0,9999
27879,34861,2025-04-06,0,0,9999
27880,34862,2025-09-17,0,0,9999
27892,34875,2026-01-27,0,0,9999
27896,34881,2022-09-06,0,0,9999
27900,34888,2024-12-22,0,0,9999
27904,34893,2025-02-17,0,0,9999
27909,34899,2022-07-17,0,0,9999
27913,34903,2020-04-05,0,0,9999
27917,34909,2021-05-14,0,0,9999
27917,34910,2023-05-02,0,1,718
27918,34912,2022-11-26,0,0,9999
27921,34915,2021-02-08,0,0,9999
27935,34932,2025-10-24,0,0,9999
27989,34981,2021-12-01,0,0,9999
28004,35002,2023-08-18,1,0,9999
28004,35005,2023-08-21,0,1,3
28006,35006,2023-03-19,0,0,9999
28010,35012,2024-02-01,0,0,9999
28012,35013,2026-01-29,0,0,9999
28032,35036,2025-09-17,0,0,9999
28039,35041,2025-11-21,0,0,9999
28043,35046,2021-10-23,0,0,9999
28048,35053,2024-09-02,0,0,9999
28050,35056,2024-10-28,0,0,9999
28059,35067,2025-05-26,0,0,9999
28067,35075,2024-09-13,0,0,9999
28077,35086,2022-03-30,0,0,9999
28078,35087,2025-04-09,0,1,682
28078,35088,2023-05-28,0,0,9999
28084,35096,2025-10-05,0,0,9999
28087,35100,2023-03-03,0,0,9999
28090,35105,2024-10-25,0,0,9999
28093,35110,2025-09-13,0,0,9999
28095,35111,2023-06-03,0,0,9999
28114,35131,2023-10-16,0,0,9999
28122,35147,2024-10-07,0,0,9999
28123,35148,2023-08-21,0,0,9999
28135,35162,2020-04-12,0,0,9999
28139,35167,2023-05-02,0,0,9999
28145,35174,2026-01-04,0,0,9999
28149,35180,2025-09-15,0,0,9999
28151,35183,2021-12-21,0,0,9999
28164,35193,2023-08-28,0,0,9999
28166,35194,2025-09-26,0,0,9999
28170,35200,2023-08-14,0,0,9999
28172,35204,2024-04-01,0,1,276
28172,35205,2023-06-30,0,0,9999
28175,35206,2025-09-22,0,0,9999
28184,35222,2025-07-02,0,0,9999
28195,35235,2022-03-28,0,0,9999
28196,35238,2022-09-10,0,1,500
28196,35239,2021-04-28,0,0,9999
28217,35256,2024-08-31,0,0,9999
28228,35272,2022-09-19,0,0,9999
28237,35278,2020-06-25,0,0,9999
28245,35288,2021-11-10,0,0,9999
28246,35289,2026-01-16,0,0,9999
28261,35309,2022-07-13,0,0,9999
28270,35322,2024-10-01,0,0,9999
28282,35336,2025-11-09,0,0,9999
28283,35340,2023-08-18,0,1,125
28283,35341,2023-04-15,0,0,9999
28284,35345,2022-06-26,0,0,9999
28309,35376,2022-05-27,0,0,9999
28315,35381,2023-10-20,0,0,9999
28316,35383,2023-07-23,0,0,9999
28324,35395,2021-07-17,0,0,9999
28325,35397,2025-10-10,0,0,9999
28328,35402,2025-03-09,0,0,9999
28328,35403,2025-05-14,0,1,66
28330,35406,2024-12-26,0,0,9999
28353,35440,2024-03-18,0,0,9999
28358,35444,2025-09-01,0,1,105
28358,35445,2025-05-19,0,0,9999
28377,35462,2025-10-16,0,0,9999
28378,35463,2025-10-14,0,1,470
28378,35464,2024-07-01,0,0,9999
28380,35467,2025-11-03,0,0,9999
28382,35472,2025-06-04,0,0,9999
28384,35474,2025-06-27,0,0,9999
28386,35476,2023-04-29,0,0,9999
28387,35477,2022-05-05,0,1,505
28387,35478,2020-12-16,0,0,9999
28395,35486,2024-01-19,0,0,9999
28413,35502,2024-10-21,0,0,9999
28416,35505,2024-11-29,0,0,9999
28418,35508,2023-07-03,0,0,9999
28426,35516,2026-01-30,0,0,9999
28430,35523,2025-09-26,0,0,9999
28437,35535,2025-03-27,0,1,66
28437,35536,2025-01-20,0,0,9999
28446,35549,2023-04-08,0,0,9999
28451,35555,2022-07-13,0,0,9999
28466,35576,2022-08-24,0,0,9999
28471,35581,2024-07-11,0,0,9999
28477,35588,2024-02-17,0,0,9999
28488,35606,2026-01-24,0,0,9999
28490,35608,2024-06-07,0,0,9999
28495,35612,2026-01-28,0,1,8
28495,35614,2026-01-20,1,0,9999
28520,35648,2025-11-21,0,0,9999
28531,35661,2023-04-18,0,0,9999
28538,35671,2025-10-03,0,2,347
28538,35672,2023-05-11,0,0,9999
28538,35674,2024-10-21,0,1,529
28539,35675,2025-07-02,0,0,9999
28542,35681,2025-01-29,0,0,9999
28550,35695,2026-01-27,0,0,9999
28561,35712,2026-01-07,0,0,9999
28568,35726,2023-01-14,0,0,9999
28573,35730,2025-07-26,0,0,9999
28577,35735,2023-05-07,0,0,9999
28580,35737,2025-10-29,0,0,9999
28582,35739,2020-09-28,0,0,9999
28593,35752,2024-03-25,0,0,9999
28600,35762,2025-10-29,0,1,366
28600,35764,2024-10-28,0,0,9999
28601,35766,2023-04-19,0,0,9999
28604,35769,2024-05-21,0,0,9999
28611,35780,2023-07-28,0,0,9999
28619,35794,2023-03-19,0,0,9999
28628,35810,2023-01-19,0,0,9999
28631,35814,2025-03-23,0,0,9999
28631,35816,2025-08-27,0,1,157
28637,35824,2020-04-27,0,0,9999
28640,35827,2023-08-04,0,0,9999
28641,35828,2022-11-19,0,0,9999
28651,35838,2022-10-20,0,0,9999
28655,35841,2024-12-04,0,0,9999
28674,35863,2025-04-16,0,1,474
28674,35864,2023-12-29,0,0,9999
28680,35873,2022-06-16,0,1,503
28680,35874,2021-01-29,0,0,9999
28687,35884,2026-01-05,0,0,9999
28692,35894,2024-11-22,0,0,9999
28692,35895,2025-10-28,0,1,340
28698,35904,2025-07-17,0,0,9999
28704,35912,2020-09-25,0,0,9999
28713,35925,2025-09-05,0,0,9999
28718,35931,2019-09-28,0,0,9999
28719,35932,2026-01-28,0,0,9999
28721,35934,2025-10-18,0,0,9999
28727,35940,2025-12-29,0,0,9999
28761,35975,2024-08-29,0,0,9999
28764,35981,2024-06-17,0,0,9999
28770,35988,2025-12-30,0,0,9999
28775,35991,2025-04-13,0,0,9999
28777,35993,2024-03-28,0,0,9999
28785,36010,2025-10-16,0,0,9999
28809,36040,2025-06-01,0,0,9999
28811,36043,2025-02-14,0,0,9999
28824,36059,2024-10-18,0,0,9999
28825,36060,2024-06-13,0,0,9999
28833,36069,2024-08-04,0,0,9999
28839,36076,2024-09-06,0,0,9999
28849,36083,2025-07-04,0,0,9999
28863,36098,2025-06-22,0,0,9999
28880,36117,2025-01-04,0,0,9999
28896,36133,2025-09-12,0,0,9999
28899,36141,2025-08-07,0,0,9999
28904,36149,2025-10-14,0,0,9999
28906,36150,2025-06-27,0,1,590
28906,36152,2023-11-15,0,0,9999
28910,36154,2026-01-19,0,1,410
28910,36155,2024-12-05,0,0,9999
28920,36170,2024-04-25,0,0,9999
28923,36174,2024-08-27,0,0,9999
28929,36183,2025-09-05,0,0,9999
28934,36186,2025-08-30,0,0,9999
28936,36189,2025-04-15,0,0,9999
28953,36199,2025-09-18,0,0,9999
28954,36201,2025-11-04,0,0,9999
28963,36213,2025-03-11,0,0,9999
28964,36215,2024-03-13,0,1,987
28964,36216,2021-06-30,0,0,9999
28981,36239,2023-02-13,0,0,9999
28981,36240,2023-07-12,0,1,149
28993,36257,2021-10-16,0,0,9999
28995,36259,2026-01-27,0,0,9999
29009,36272,2025-01-12,0,0,9999
29010,36273,2024-01-18,0,0,9999
29019,36286,2026-01-29,0,1,4
29019,36287,2026-01-25,1,0,9999
29034,36304,2024-03-29,0,0,9999
29037,36309,2025-05-19,0,0,9999
29058,36331,2023-02-27,0,0,9999
29061,36336,2024-06-17,1,0,9999
29061,36338,2024-07-14,0,1,27
29065,36343,2020-09-29,0,0,9999
29067,36347,2022-03-07,0,0,9999
29098,36384,2022-06-25,0,0,9999
29108,36393,2023-09-02,0,0,9999
29112,36396,2024-01-18,0,1,707
29112,36397,2022-02-10,0,0,9999
29115,36400,2025-05-17,0,0,9999
29116,36402,2024-08-18,0,0,9999
29118,36406,2025-07-09,0,0,9999
29118,36407,2025-09-03,0,1,56
29121,36412,2023-02-17,0,0,9999
29124,36416,2025-05-25,0,0,9999
29134,36425,2024-04-13,0,0,9999
29136,36428,2023-12-25,0,0,9999
29139,36435,2025-05-12,0,0,9999
29147,36446,2025-12-06,0,0,9999
29149,36450,2026-01-19,0,0,9999
29152,36454,2025-10-14,0,1,173
29152,36456,2025-04-24,0,0,9999
29162,36472,2022-11-28,0,0,9999
29176,36490,2023-06-21,0,0,9999
29176,36492,2025-10-09,0,1,841
29178,36494,2023-10-15,0,0,9999
29192,36511,2026-01-10,0,0,9999
29195,36514,2025-07-27,0,1,732
29195,36515,2023-07-26,0,0,9999
29196,36516,2024-04-09,0,0,9999
29211,36532,2023-08-22,0,0,9999
29242,36569,2023-04-02,0,0,9999
29258,36586,2023-03-10,0,0,9999
29279,36611,2025-07-04,0,0,9999
29281,36613,2020-12-18,0,0,9999
29282,36614,2023-10-14,0,0,9999
29308,36647,2023-11-15,0,0,9999
29313,36657,2025-09-01,0,0,9999
29327,36678,2026-01-15,0,0,9999
29349,36705,2023-11-26,0,0,9999
29364,36718,2024-07-13,0,0,9999
29367,36720,2025-11-25,0,0,9999
29386,36745,2022-11-08,0,0,9999
29387,36746,2025-10-06,0,1,41
29387,36749,2025-08-26,0,0,9999
29390,36753,2022-03-13,0,0,9999
29398,36766,2025-09-20,0,0,9999
29400,36769,2023-12-22,0,0,9999
29400,36770,2025-09-30,0,1,648
29401,36772,2026-01-30,0,0,9999
29409,36784,2024-05-20,0,0,9999
29417,36792,2021-09-26,0,0,9999
29421,36796,2025-06-08,0,0,9999
29425,36799,2024-11-05,0,0,9999
29441,36815,2025-07-15,0,0,9999
29446,36820,2025-01-15,0,0,9999
29455,36830,2022-07-21,0,0,9999
29471,36850,2025-09-05,0,0,9999
29473,36853,2026-01-08,0,0,9999
29486,36871,2025-11-12,0,0,9999
29499,36889,2021-05-28,0,0,9999
29500,36891,2026-01-29,0,0,9999
29501,36894,2025-07-25,0,0,9999
29511,36911,2025-05-08,0,1,477
29511,36913,2024-01-17,0,0,9999
29518,36923,2026-01-30,0,0,9999
29524,36932,2025-08-24,0,0,9999
29529,36936,2025-11-10,0,1,1476
29529,36937,2021-10-26,0,0,9999
29537,36946,2023-09-11,0,1,271
29537,36948,2022-12-14,0,0,9999
29547,36962,2020-09-20,0,0,9999
29562,36979,2021-12-22,0,0,9999
29572,36992,2025-01-17,0,0,9999
29577,37000,2022-03-13,0,0,9999
29583,37005,2024-09-09,0,0,9999
29588,37011,2025-06-09,0,0,9999
29595,37019,2021-12-16,0,0,9999
29596,37020,2025-04-20,0,0,9999
29600,37026,2025-06-25,0,0,9999
29612,37035,2023-01-01,0,0,9999
29616,37043,2025-12-11,0,1,257
29616,37045,2025-03-29,0,0,9999
29626,37053,2023-10-26,0,0,9999
29627,37055,2021-05-18,0,0,9999
29628,37057,2025-09-09,0,0,9999
29636,37064,2022-10-25,0,0,9999
29648,37078,2025-04-10,0,0,9999
29650,37080,2024-12-29,0,0,9999
29653,37082,2026-01-08,0,0,9999
29660,37091,2025-11-04,0,0,9999
29665,37096,2023-01-20,0,0,9999
29666,37098,2024-03-20,0,0,9999
29673,37102,2024-12-24,0,0,9999
29679,37106,2025-09-25,0,0,9999
29680,37107,2025-11-26,0,0,9999
29681,37109,2024-03-21,0,0,9999
29688,37121,2023-01-23,0,0,9999
29693,37127,2024-06-05,0,1,44
29693,37129,2024-04-22,0,0,9999
29697,37136,2022-06-12,0,0,9999
29700,37140,2025-08-10,0,0,9999
29710,37148,2025-12-23,0,0,9999
29711,37150,2024-04-20,0,0,9999
29723,37164,2025-01-04,0,0,9999
29733,37176,2023-06-22,0,0,9999
29743,37184,2023-05-06,0,0,9999
29747,37192,2026-01-22,0,0,9999
29761,37211,2026-01-26,0,0,9999
29765,37217,2022-08-31,0,0,9999
29766,37219,2025-06-06,0,0,9999
29772,37223,2025-11-18,0,0,9999
29775,37229,2023-11-25,0,0,9999
29785,37237,2025-09-18,0,0,9999
29787,37239,2026-01-12,0,0,9999
29795,37252,2025-05-17,0,0,9999
29796,37254,2022-08-09,0,0,9999
29801,37257,2025-02-22,0,1,1119
29801,37258,2022-01-30,0,0,9999
29809,37264,2023-01-20,0,0,9999
29810,37265,2026-01-29,0,1,305
29810,37266,2025-03-30,0,0,9999
29813,37270,2021-12-24,0,0,9999
29813,37271,2024-09-20,0,1,1001
29816,37276,2023-11-02,0,0,9999
29819,37280,2025-03-02,0,0,9999
29834,37299,2025-07-16,0,0,9999
29836,37303,2021-02-10,0,0,9999
29836,37304,2022-08-02,0,1,538
29851,37316,2025-05-04,0,0,9999
29862,37328,2025-08-26,0,0,9999
29866,37332,2022-06-05,0,0,9999
29870,37335,2024-04-11,0,0,9999
29877,37342,2024-10-12,0,0,9999
29883,37350,2024-11-07,0,0,9999
29890,37358,2025-07-04,0,0,9999
29892,37359,2023-11-27,1,0,9999
29892,37360,2023-12-24,0,1,27
29892,37361,2025-02-10,0,2,414
29898,37366,2024-05-03,0,0,9999
29913,37380,2024-05-10,0,0,9999
29923,37390,2025-04-06,0,0,9999
29925,37391,2025-09-30,0,0,9999
29927,37393,2022-04-20,0,0,9999
29936,37402,2023-11-08,0,0,9999
29939,37408,2024-10-11,0,0,9999
29956,37433,2021-07-01,0,0,9999
29956,37434,2023-01-07,0,1,555
29958,37438,2023-01-06,0,0,9999
29961,37441,2025-12-14,0,0,9999
29972,37452,2025-10-23,0,1,1055
29972,37453,2022-12-03,0,0,9999
29980,37465,2023-12-28,0,0,9999
29981,37466,2023-10-10,0,0,9999
29983,37467,2020-08-19,0,0,9999
29988,37471,2022-10-25,0,0,9999
29989,37475,2022-02-19,0,0,9999
29991,37477,2025-08-13,0,1,1199
29991,37479,2022-05-02,0,0,9999
30003,37497,2025-12-06,0,0,9999
30005,37499,2024-04-25,0,0,9999
30008,37503,2020-01-24,0,0,9999
30011,37506,2022-03-13,0,0,9999
30018,37516,2024-06-16,0,0,9999
30020,37517,2020-07-24,0,0,9999
30038,37545,2024-02-23,0,0,9999
30041,37549,2026-01-29,0,0,9999
30044,37551,2024-01-28,0,0,9999
30045,37552,2021-09-23,0,0,9999
30048,37559,2026-01-05,0,2,22
30048,37560,2025-10-05,0,0,9999
30048,37562,2025-12-14,1,1,70
30049,37563,2024-08-02,0,0,9999
30052,37566,2025-07-31,0,0,9999
30079,37591,2024-01-29,0,0,9999
30090,37603,2023-06-11,0,0,9999
30106,37618,2023-11-14,0,0,9999
30115,37626,2025-12-31,0,0,9999
30119,37631,2025-12-08,0,0,9999
30125,37637,2020-03-03,0,0,9999
30144,37654,2026-01-29,0,0,9999
30148,37659,2021-08-16,0,0,9999
30158,37670,2023-01-27,0,0,9999
30166,37676,2025-11-03,0,0,9999
30167,37679,2025-12-11,0,0,9999
30179,37694,2025-01-15,0,0,9999
30180,37696,2022-12-11,0,0,9999
30184,37700,2026-01-30,0,0,9999
30188,37703,2025-03-22,0,0,9999
30210,37722,2019-12-20,0,0,9999
30223,37739,2023-02-03,0,0,9999
30240,37760,2025-12-01,0,0,9999
30241,37761,2022-12-13,0,0,9999
30243,37764,2023-09-07,0,1,22
30243,37765,2023-08-16,1,0,9999
30257,37786,2025-12-24,0,0,9999
30259,37789,2026-01-11,0,0,9999
30260,37791,2024-12-02,0,0,9999
30266,37797,2024-12-01,0,0,9999
30271,37801,2024-04-23,0,0,9999
30272,37802,2026-01-30,0,0,9999
30272,37803,2026-01-30,0,0,9999
30274,37804,2026-01-11,0,0,9999
30275,37807,2025-11-08,0,0,9999
30279,37813,2020-12-02,0,0,9999
30287,37821,2021-11-11,0,0,9999
30312,37842,2023-02-05,0,0,9999
30318,37850,2025-07-09,0,0,9999
30318,37851,2025-08-28,0,1,50
30335,37867,2024-12-29,0,0,9999
30338,37871,2023-05-12,0,1,28
30338,37872,2023-04-14,1,0,9999
30339,37873,2023-08-10,0,0,9999
30341,37878,2025-01-18,0,0,9999
30341,37879,2025-04-27,0,1,99
30345,37884,2025-05-24,0,0,9999
30354,37896,2021-12-16,0,0,9999
30360,37901,2024-04-11,0,0,9999
30362,37905,2024-04-30,0,0,9999
30364,37909,2021-05-25,0,0,9999
30365,37910,2025-08-07,0,1,72
30365,37912,2025-05-27,0,0,9999
30376,37924,2024-07-22,0,0,9999
30376,37925,2025-06-26,0,1,339
30379,37931,2024-07-01,0,0,9999
30390,37940,2026-01-27,0,0,9999
30391,37941,2024-08-09,0,0,9999
30400,37952,2024-07-24,0,0,9999
30404,37956,2024-05-02,0,0,9999
30405,37957,2021-06-15,0,0,9999
30406,37961,2025-10-01,0,0,9999
30411,37967,2026-01-29,0,0,9999
30416,37975,2022-09-21,0,0,9999
30421,37981,2023-03-16,0,0,9999
30422,37982,2025-10-29,0,0,9999
30441,38011,2021-09-02,0,0,9999
30456,38030,2023-09-22,0,0,9999
30456,38031,2024-10-21,0,1,395
30464,38048,2025-08-22,0,0,9999
30465,38050,2025-09-03,0,0,9999
30478,38065,2023-10-05,0,0,9999
30494,38087,2023-01-30,0,0,9999
30494,38088,2025-06-10,0,1,862
30495,38089,2020-03-04,0,0,9999
30518,38115,2019-03-10,0,0,9999
30523,38119,2024-11-29,0,0,9999
30528,38131,2023-08-03,0,0,9999
30530,38136,2020-05-29,0,0,9999
30531,38137,2026-01-30,0,0,9999
30531,38138,2026-01-30,0,0,9999
30534,38140,2024-05-12,0,0,9999
30536,38144,2023-03-09,0,0,9999
30553,38162,2021-09-13,0,0,9999
30553,38163,2023-01-13,0,1,487
30585,38206,2025-12-15,0,0,9999
30589,38214,2021-09-03,0,0,9999
30596,38225,2024-04-22,0,0,9999
30619,38253,2024-12-02,0,0,9999
30624,38257,2026-01-12,0,0,9999
30629,38261,2024-09-08,0,0,9999
30637,38274,2025-04-07,0,0,9999
30649,38289,2024-09-07,0,0,9999
30650,38291,2022-06-06,0,0,9999
30671,38319,2022-11-15,0,0,9999
30674,38323,2020-11-07,0,0,9999
30677,38326,2024-12-13,0,0,9999
30680,38329,2025-02-16,0,0,9999
30683,38334,2025-03-11,0,0,9999
30686,38339,2019-09-09,0,0,9999
30689,38343,2025-07-04,0,0,9999
30720,38388,2023-11-20,0,0,9999
30720,38390,2024-11-27,0,1,373
30729,38401,2022-12-15,0,0,9999
30747,38422,2024-09-22,0,0,9999
30753,38424,2025-01-08,0,0,9999
30754,38428,2025-03-10,0,0,9999
30782,38454,2022-08-01,0,1,627
30782,38456,2020-11-12,0,0,9999
30809,38492,2024-03-06,0,0,9999
30813,38495,2025-05-05,0,0,9999
30817,38500,2025-05-26,0,0,9999
30823,38507,2025-06-01,0,0,9999
30827,38513,2024-05-13,0,0,9999
30828,38516,2026-01-08,0,0,9999
30830,38519,2025-07-10,0,0,9999
30852,38552,2021-06-25,0,0,9999
30882,38584,2022-05-04,0,0,9999
30883,38588,2024-10-28,0,0,9999
30889,38599,2025-02-09,0,0,9999
30891,38603,2026-01-17,0,0,9999
30899,38611,2024-11-24,0,0,9999
30900,38613,2026-01-25,0,0,9999
30909,38630,2021-09-23,0,0,9999
30911,38633,2025-02-26,0,0,9999
30924,38650,2025-12-31,0,0,9999
30928,38657,2026-01-30,0,0,9999
30930,38659,2023-07-14,0,0,9999
30936,38663,2023-06-07,0,0,9999
30949,38676,2022-08-07,0,0,9999
30955,38682,2022-04-28,0,0,9999
30956,38685,2019-06-27,0,0,9999
30957,38686,2022-08-06,0,0,9999
30974,38705,2023-09-24,0,0,9999
30998,38727,2023-03-09,0,0,9999
31000,38729,2026-01-30,0,0,9999
31002,38730,2026-01-13,0,0,9999
31006,38735,2023-02-27,0,1,420
31006,38736,2022-01-03,0,0,9999
31006,38737,2023-08-24,0,2,178
31009,38739,2022-09-08,0,0,9999
31021,38758,2019-10-01,0,0,9999
31062,38811,2025-05-11,0,0,9999
31064,38818,2023-08-17,0,0,9999
31071,38823,2022-01-31,0,0,9999
31081,38834,2025-06-06,0,0,9999
31081,38835,2025-12-27,0,1,204
31090,38844,2023-08-17,0,0,9999
31091,38846,2024-04-12,0,0,9999
31096,38851,2024-11-27,0,0,9999
31103,38856,2021-07-05,0,0,9999
31111,38864,2025-02-05,0,0,9999
31114,38867,2024-12-15,0,0,9999
31116,38868,2022-02-19,0,0,9999
31117,38870,2019-11-06,0,0,9999
31118,38871,2023-11-03,0,0,9999
31146,38895,2025-04-23,0,0,9999
31178,38932,2024-05-03,0,0,9999
31192,38957,2025-07-28,0,0,9999
31198,38965,2022-11-20,0,0,9999
31208,38975,2025-01-26,0,0,9999
31211,38979,2024-10-10,0,0,9999
31212,38984,2025-04-09,0,0,9999
31217,38991,2021-12-05,0,0,9999
31218,38994,2022-08-20,0,0,9999
31222,38999,2025-05-25,0,0,9999
31224,39003,2020-07-22,0,0,9999
31229,39008,2022-09-13,0,0,9999
31243,39023,2022-03-20,0,0,9999
31250,39028,2025-12-18,0,0,9999
31257,39036,2025-10-05,0,1,58
31257,39038,2025-08-08,0,0,9999
31266,39049,2025-05-07,0,0,9999
31270,39051,2025-12-25,0,0,9999
31276,39060,2025-03-14,0,0,9999
31287,39073,2024-07-29,0,0,9999
31288,39074,2023-01-02,0,1,1226
31288,39076,2019-08-25,0,0,9999
31289,39077,2024-01-26,0,0,9999
31292,39081,2024-02-26,0,0,9999
31295,39085,2024-03-25,0,0,9999
31331,39135,2024-08-15,0,0,9999
31334,39139,2023-07-12,0,0,9999
31337,39143,2023-04-29,0,0,9999
31343,39151,2025-01-25,0,0,9999
31350,39160,2024-06-28,0,0,9999
31350,39161,2025-03-02,0,1,247
31354,39165,2025-06-29,0,0,9999
31356,39167,2024-12-25,0,0,9999
31371,39185,2024-06-23,0,0,9999
31379,39195,2024-06-19,0,0,9999
31380,39196,2025-12-28,0,0,9999
31382,39199,2025-04-10,0,0,9999
31402,39219,2024-07-04,0,0,9999
31404,39220,2021-09-07,0,0,9999
31410,39224,2021-06-29,0,0,9999
31422,39239,2024-07-17,0,0,9999
31438,39256,2024-10-25,0,0,9999
31447,39266,2021-11-14,1,0,9999
31447,39267,2021-11-28,0,1,14
31455,39275,2021-11-01,0,0,9999
31464,39285,2023-02-03,0,0,9999
31467,39288,2022-02-09,0,0,9999
31467,39289,2022-12-24,0,1,318
31472,39293,2025-06-14,0,0,9999
31476,39300,2024-06-06,0,0,9999
31483,39306,2023-12-30,0,0,9999
31523,39351,2023-06-30,0,0,9999
31533,39361,2022-06-29,0,1,142
31533,39362,2022-02-07,0,0,9999
31533,39363,2023-12-14,0,2,533
31552,39385,2023-03-26,0,0,9999
31555,39387,2024-07-06,0,0,9999
31555,39388,2025-09-27,0,1,448
31575,39404,2025-11-12,0,0,9999
31579,39406,2024-09-07,0,0,9999
31585,39410,2024-12-23,0,0,9999
31588,39415,2024-06-06,0,0,9999
31591,39419,2023-10-16,0,0,9999
31597,39427,2025-12-08,0,0,9999
31598,39430,2023-10-28,0,0,9999
31603,39435,2025-12-28,0,0,9999
31605,39437,2024-04-09,0,0,9999
31611,39446,2025-06-26,0,0,9999
31614,39448,2025-09-09,0,0,9999
31619,39453,2024-02-02,0,0,9999
31623,39458,2024-02-25,0,0,9999
31624,39461,2024-12-22,0,0,9999
31632,39473,2022-04-11,0,0,9999
31633,39476,2023-09-18,0,0,9999
31634,39478,2025-05-09,0,0,9999
31654,39503,2026-01-03,0,0,9999
31658,39506,2021-11-22,0,0,9999
31662,39510,2025-10-06,0,0,9999
31668,39518,2024-08-30,0,0,9999
31675,39529,2025-03-27,0,0,9999
31675,39530,2025-11-23,0,1,241
31688,39547,2025-04-11,0,0,9999
31693,39554,2025-03-03,0,1,88
31693,39555,2024-12-05,0,0,9999
31698,39561,2024-12-27,0,0,9999
31701,39564,2025-08-04,0,0,9999
31718,39585,2025-12-29,0,0,9999
31725,39593,2024-03-24,0,0,9999
31727,39597,2021-01-27,0,0,9999
31738,39604,2025-12-25,0,0,9999
31739,39606,2025-10-22,0,0,9999
31746,39617,2024-11-21,0,0,9999
31756,39632,2022-11-13,0,0,9999
31756,39633,2023-10-23,0,1,344
31770,39650,2023-09-24,0,0,9999
31772,39653,2025-05-21,0,0,9999
31789,39676,2025-08-30,0,1,367
31789,39677,2024-08-28,0,0,9999
31798,39689,2025-08-08,0,0,9999
31800,39692,2026-01-29,0,0,9999
31820,39719,2024-02-06,0,0,9999
31830,39729,2023-10-12,0,0,9999
31835,39738,2022-03-29,0,0,9999
31836,39740,2025-01-02,0,0,9999
31837,39741,2022-10-04,0,0,9999
31847,39754,2023-09-09,0,0,9999
31853,39762,2021-11-05,0,0,9999
31855,39765,2023-09-16,0,0,9999
31862,39773,2024-03-15,0,0,9999
31868,39778,2022-08-03,0,1,808
31868,39779,2020-05-17,0,0,9999
31872,39784,2025-08-24,0,0,9999
31888,39803,2025-03-15,0,0,9999
31890,39806,2020-03-21,0,0,9999
31903,39817,2022-02-04,0,0,9999
31906,39822,2025-03-15,0,0,9999
31914,39830,2025-12-22,0,1,38
31914,39831,2025-11-14,0,0,9999
31916,39836,2025-11-03,0,0,9999
31933,39850,2025-05-05,0,0,9999
31935,39855,2024-09-11,0,0,9999
31936,39857,2022-11-18,0,0,9999
31948,39873,2024-07-08,0,0,9999
31962,39886,2025-06-06,0,1,323
31962,39887,2024-07-18,0,0,9999
31963,39891,2021-07-15,0,0,9999
31967,39895,2025-02-12,0,0,9999
31974,39902,2025-10-19,0,0,9999
31990,39919,2026-01-03,0,0,9999
32002,39940,2024-02-23,0,0,9999
32006,39946,2026-01-28,0,0,9999
32012,39952,2025-12-11,0,0,9999
32018,39964,2024-02-04,0,0,9999
32021,39966,2025-05-07,0,0,9999
32027,39972,2025-11-22,0,0,9999
32030,39979,2023-12-28,0,1,383
32030,39980,2022-12-10,0,0,9999
32040,39997,2025-08-22,0,0,9999
32043,40000,2025-10-13,0,0,9999
32044,40001,2025-09-15,0,0,9999
32045,40003,2025-07-19,0,1,7
32045,40004,2025-07-12,1,0,9999
32045,40005,2025-12-05,0,2,139
32050,40015,2024-08-19,0,0,9999
32051,40016,2025-07-30,0,0,9999
32058,40024,2023-03-26,0,0,9999
32069,40033,2026-01-30,0,0,9999
32071,40039,2025-05-10,0,0,9999
32080,40052,2025-07-30,0,0,9999
32086,40060,2022-05-08,0,1,583
32086,40061,2025-05-21,0,2,1109
32086,40062,2020-10-02,0,0,9999
32088,40064,2025-07-27,0,0,9999
32092,40070,2025-10-31,0,0,9999
32093,40074,2023-08-08,0,0,9999
32094,40075,2024-12-13,0,1,328
32094,40077,2024-01-20,0,0,9999
32097,40083,2023-07-19,0,0,9999
32100,40087,2023-12-10,0,0,9999
32101,40089,2019-12-13,0,0,9999
32122,40114,2021-11-22,0,0,9999
32125,40117,2024-12-07,0,0,9999
32126,40118,2023-12-06,0,0,9999
32138,40131,2022-12-07,0,0,9999
32148,40143,2026-01-29,0,0,9999
32154,40152,2019-04-12,0,0,9999
32163,40160,2025-01-24,0,0,9999
32166,40167,2021-07-05,0,0,9999
32170,40174,2023-04-30,0,0,9999
32183,40184,2024-11-08,0,0,9999
32186,40187,2025-01-21,0,0,9999
32187,40188,2025-04-18,0,0,9999
32200,40197,2023-06-04,0,0,9999
32202,40200,2021-02-22,0,0,9999
32202,40201,2026-01-24,0,1,1797
32203,40202,2026-01-06,0,0,9999
32205,40204,2022-05-30,0,0,9999
32208,40209,2023-12-18,0,0,9999
32209,40210,2025-08-14,0,0,9999
32218,40221,2021-05-14,0,0,9999
32229,40229,2023-01-06,0,0,9999
32232,40234,2025-08-20,0,0,9999
32239,40241,2022-10-06,0,0,9999
32253,40256,2025-04-04,0,0,9999
32254,40257,2025-03-29,0,0,9999
32254,40258,2025-09-27,0,1,182
32266,40276,2025-01-16,0,0,9999
32274,40292,2022-03-18,0,0,9999
32279,40296,2025-09-14,0,0,9999
32287,40306,2025-07-31,0,0,9999
32301,40325,2026-01-11,0,0,9999
32305,40330,2024-07-16,0,0,9999
32316,40345,2025-10-31,0,0,9999
32320,40350,2025-11-28,0,0,9999
32322,40352,2024-04-20,0,0,9999
32325,40357,2025-02-23,0,0,9999
32327,40359,2024-07-29,0,0,9999
32330,40364,2021-03-02,0,0,9999
32335,40370,2025-08-05,0,0,9999
32335,40371,2025-09-21,0,1,47
32346,40380,2025-07-26,0,0,9999
32355,40391,2024-06-21,0,0,9999
32365,40401,2023-09-26,0,0,9999
32365,40402,2025-04-06,0,1,558
32367,40405,2020-02-28,0,0,9999
32369,40408,2025-11-03,0,0,9999
32374,40418,2025-06-03,0,0,9999
32387,40429,2025-01-28,0,0,9999
32391,40434,2025-10-31,0,0,9999
32391,40436,2025-12-25,0,1,55
32397,40444,2024-09-08,0,0,9999
32404,40451,2024-11-26,0,0,9999
32413,40468,2024-08-13,0,0,9999
32416,40472,2025-05-09,0,0,9999
32416,40474,2025-11-07,0,1,182
32420,40476,2024-12-16,0,0,9999
32423,40479,2025-02-26,0,0,9999
32423,40480,2026-01-10,0,1,318
32425,40482,2023-11-01,0,1,210
32425,40484,2023-04-05,0,0,9999
32429,40491,2025-08-10,0,0,9999
32430,40494,2023-02-22,0,0,9999
32434,40502,2025-11-20,0,0,9999
32441,40510,2022-09-12,0,0,9999
32446,40515,2025-08-17,0,0,9999
32456,40528,2021-11-14,0,0,9999
32458,40530,2024-11-23,0,0,9999
32460,40531,2024-09-21,0,0,9999
32466,40539,2023-08-23,0,0,9999
32476,40550,2020-03-27,0,0,9999
32478,40553,2023-06-03,0,0,9999
32480,40555,2026-01-30,0,0,9999
32488,40563,2025-09-06,0,0,9999
32493,40570,2025-11-11,0,0,9999
32494,40573,2025-06-15,0,0,9999
32499,40579,2026-01-27,0,0,9999
32503,40583,2021-09-13,0,0,9999
32505,40586,2024-06-23,0,0,9999
32512,40595,2025-04-17,0,0,9999
32512,40597,2025-08-25,0,1,130
32513,40598,2025-08-31,0,0,9999
32515,40602,2025-01-23,0,1,301
32515,40604,2024-03-28,0,0,9999
32523,40612,2025-12-26,0,0,9999
32525,40615,2022-04-25,0,0,9999
32526,40618,2025-12-28,0,0,9999
32530,40622,2026-01-10,0,0,9999
32547,40649,2024-08-12,0,0,9999
32564,40670,2025-12-17,0,0,9999
32572,40680,2021-12-20,0,0,9999
32580,40694,2024-11-12,0,0,9999
32580,40695,2025-07-25,0,1,255
32602,40721,2023-09-03,0,0,9999
32604,40724,2025-03-18,0,0,9999
32612,40731,2020-05-23,0,0,9999
32617,40736,2021-11-20,0,0,9999
32618,40737,2023-12-18,0,0,9999
32637,40755,2025-11-28,0,0,9999
32654,40783,2025-05-11,0,0,9999
32657,40788,2024-05-24,0,0,9999
32665,40798,2025-10-05,0,0,9999
32687,40816,2022-11-16,0,0,9999
32694,40827,2025-02-21,0,0,9999
32707,40839,2025-11-20,0,0,9999
32714,40846,2024-03-29,0,0,9999
32718,40854,2025-12-08,0,0,9999
32726,40864,2019-09-05,0,0,9999
32728,40868,2025-08-19,0,0,9999
32728,40870,2025-11-18,0,1,91
32733,40876,2021-12-19,0,0,9999
32739,40883,2025-06-26,0,0,9999
32745,40889,2025-02-08,0,0,9999
32748,40891,2022-03-10,0,0,9999
32749,40892,2026-01-30,0,0,9999
32754,40897,2024-08-24,0,0,9999
32754,40898,2025-03-19,0,1,207
32759,40905,2021-07-21,0,0,9999
32763,40912,2022-10-19,0,0,9999
32769,40921,2025-08-26,0,1,797
32769,40922,2023-06-21,0,0,9999
32771,40923,2024-08-13,0,0,9999
32773,40930,2021-11-23,0,0,9999
32790,40947,2021-11-27,0,0,9999
32791,40948,2024-08-10,0,0,9999
32794,40952,2025-06-21,0,0,9999
32797,40955,2024-01-23,0,0,9999
32799,40957,2025-10-21,0,0,9999
32800,40958,2024-05-11,0,0,9999
32802,40961,2024-03-30,0,0,9999
32813,40975,2025-04-21,0,0,9999
32816,40978,2022-06-22,0,0,9999
32832,41000,2022-11-04,0,0,9999
32836,41007,2025-09-25,0,0,9999
32839,41012,2026-01-11,0,0,9999
32842,41013,2025-04-11,0,0,9999
32844,41016,2025-12-06,0,0,9999
32844,41017,2026-01-13,0,1,38
32852,41027,2022-11-25,0,0,9999
32861,41037,2025-11-01,0,0,9999
32865,41043,2020-11-06,0,0,9999
32865,41044,2021-10-24,0,1,352
32867,41048,2023-09-06,0,0,9999
32871,41052,2025-09-23,0,0,9999
32875,41055,2025-04-29,0,0,9999
32877,41056,2026-01-21,0,0,9999
32883,41061,2021-12-24,0,0,9999
32883,41062,2025-12-30,0,1,1467
32888,41069,2021-03-09,0,0,9999
32897,41079,2024-01-16,0,0,9999
32898,41080,2021-12-24,0,0,9999
32899,41082,2022-12-08,0,1,679
32899,41083,2021-01-28,0,0,9999
32904,41089,2023-11-18,0,0,9999
32908,41092,2023-08-02,0,0,9999
32916,41103,2021-09-19,0,0,9999
32920,41108,2021-03-10,0,0,9999
32930,41120,2025-08-22,0,0,9999
32936,41125,2024-01-15,0,0,9999
32944,41135,2024-12-14,0,0,9999
32953,41142,2024-10-30,0,0,9999
32956,41144,2023-06-02,0,0,9999
32959,41152,2021-12-24,0,0,9999
32964,41157,2025-03-06,0,1,511
32964,41158,2023-10-12,0,0,9999
32977,41172,2025-10-18,0,0,9999
32980,41176,2024-03-27,0,0,9999
32990,41185,2025-04-13,0,1,45
32990,41186,2025-02-27,0,0,9999
33002,41201,2024-06-23,0,0,9999
33004,41202,2024-02-22,0,0,9999
33008,41207,2023-02-20,0,0,9999
33017,41218,2026-01-28,0,0,9999
33022,41223,2025-10-01,0,0,9999
33026,41233,2025-08-06,0,0,9999
33027,41234,2020-12-05,0,0,9999
33028,41238,2025-02-07,0,0,9999
33038,41249,2024-02-10,0,0,9999
33049,41260,2025-04-14,0,0,9999
33050,41262,2024-07-22,0,0,9999
33053,41271,2024-08-05,0,0,9999
33059,41277,2026-01-26,0,0,9999
33060,41278,2022-12-22,0,0,9999
33061,41282,2025-03-12,0,0,9999
33067,41287,2021-05-10,0,0,9999
33072,41293,2024-03-25,0,0,9999
33074,41296,2026-01-26,0,0,9999
33079,41302,2025-06-26,0,0,9999
33079,41303,2025-08-17,0,1,52
33080,41305,2024-09-27,0,1,230
33080,41306,2024-02-10,0,0,9999
33080,41307,2025-11-26,0,2,425
33087,41319,2022-05-18,0,0,9999
33089,41320,2023-09-25,0,0,9999
33090,41322,2023-01-27,0,0,9999
33090,41323,2023-12-24,0,1,331
33091,41324,2024-12-03,0,0,9999
33098,41337,2024-02-24,0,0,9999
33098,41339,2025-10-25,0,2,69
33098,41340,2025-08-17,0,1,540
33107,41352,2026-01-30,0,0,9999
33107,41353,2026-01-30,0,0,9999
33110,41357,2021-07-12,0,0,9999
33117,41363,2020-10-29,0,0,9999
33122,41372,2025-03-09,0,0,9999
33152,41410,2022-11-01,0,0,9999
33154,41415,2023-06-28,0,0,9999
33159,41420,2025-05-19,0,0,9999
33161,41422,2023-02-17,0,0,9999
33166,41426,2025-08-07,0,0,9999
33167,41427,2021-05-29,0,0,9999
33167,41428,2025-09-16,0,1,1571
33176,41438,2025-11-23,0,0,9999
33181,41442,2024-10-20,0,0,9999
33183,41445,2022-08-23,0,0,9999
33187,41451,2024-06-09,0,0,9999
33190,41458,2025-03-12,0,1,1240
33190,41459,2021-10-19,0,0,9999
33193,41463,2025-11-11,0,0,9999
33194,41464,2025-07-27,0,0,9999
33197,41467,2022-01-08,0,0,9999
33199,41468,2025-08-02,0,0,9999
33200,41469,2020-04-16,0,0,9999
33209,41480,2026-01-23,0,0,9999
33220,41495,2025-09-17,0,0,9999
33228,41508,2026-01-23,0,0,9999
33233,41511,2023-12-13,0,0,9999
33238,41517,2022-11-24,0,0,9999
33258,41542,2024-12-17,0,0,9999
33260,41548,2023-04-22,0,0,9999
33261,41550,2023-01-29,0,0,9999
33263,41555,2025-05-20,0,0,9999
33277,41568,2021-06-05,0,0,9999
33290,41583,2022-06-22,0,1,367
33290,41585,2021-06-20,0,0,9999
33292,41589,2025-07-06,0,0,9999
33297,41593,2026-01-28,0,0,9999
33314,41608,2023-12-07,0,0,9999
33315,41609,2022-02-05,0,0,9999
33331,41631,2025-10-08,0,0,9999
33393,41708,2024-05-05,0,0,9999
33398,41715,2024-06-13,0,0,9999
33405,41721,2025-09-05,0,0,9999
33411,41728,2025-04-01,0,0,9999
33413,41731,2026-01-06,0,0,9999
33427,41745,2025-12-30,0,0,9999
33447,41769,2025-10-02,0,1,51
33447,41770,2025-08-12,0,0,9999
33452,41775,2025-11-04,0,0,9999
33457,41778,2023-05-22,0,0,9999
33476,41796,2023-04-04,0,0,9999
33482,41800,2025-01-03,0,0,9999
33487,41806,2024-12-24,0,0,9999
33506,41830,2024-11-13,0,0,9999
33529,41858,2025-05-03,0,0,9999
33529,41859,2025-07-08,0,1,66
33531,41861,2020-12-10,0,0,9999
33541,41869,2025-09-02,0,0,9999
33543,41872,2025-10-10,0,0,9999
33546,41876,2022-05-14,0,0,9999
33551,41879,2025-12-29,0,0,9999
33561,41892,2019-05-27,0,0,9999
33566,41897,2026-01-22,0,0,9999
33569,41901,2025-07-24,0,0,9999
33584,41919,2025-03-16,0,0,9999
33589,41925,2023-08-02,0,0,9999
33591,41927,2026-01-02,0,0,9999
33597,41934,2025-11-09,0,0,9999
33600,41937,2025-07-25,0,0,9999
33601,41938,2025-02-21,0,0,9999
33608,41948,2024-07-27,0,0,9999
33612,41951,2025-06-28,0,0,9999
33613,41952,2025-11-18,0,0,9999
33622,41961,2024-01-28,0,0,9999
33632,41975,2019-12-19,0,0,9999
33655,42011,2025-06-08,0,0,9999
33658,42017,2024-07-16,0,0,9999
33663,42024,2025-06-14,0,0,9999
33675,42034,2025-05-24,0,0,9999
33694,42057,2022-09-08,0,0,9999
33701,42070,2022-02-13,0,0,9999
33708,42077,2021-09-19,0,0,9999
33712,42081,2021-10-07,0,0,9999
33735,42107,2025-03-21,0,0,9999
33736,42108,2025-06-09,0,0,9999
33755,42123,2021-03-10,0,0,9999
33760,42129,2022-07-24,0,0,9999
33762,42130,2023-10-06,0,0,9999
33768,42140,2021-01-11,0,0,9999
33779,42152,2023-12-25,0,0,9999
33794,42167,2025-04-26,0,0,9999
33799,42172,2024-04-21,0,0,9999
33809,42180,2024-07-02,0,0,9999
33815,42190,2022-05-19,0,0,9999
33844,42224,2020-03-05,0,0,9999
33849,42231,2025-01-21,0,0,9999
33851,42233,2023-01-06,0,0,9999
33864,42241,2023-06-08,0,1,57
33864,42242,2023-04-12,0,0,9999
33865,42246,2023-04-09,0,0,9999
33869,42251,2021-04-18,0,0,9999
33879,42265,2026-01-15,0,0,9999
33884,42271,2020-11-19,0,0,9999
33886,42275,2026-01-24,0,0,9999
33901,42300,2025-02-26,0,0,9999
33903,42303,2024-05-13,0,0,9999
33915,42321,2025-11-04,0,0,9999
33916,42322,2025-08-14,0,0,9999
33922,42330,2024-12-25,0,0,9999
33925,42332,2025-03-19,0,0,9999
33929,42341,2025-02-03,0,0,9999
33931,42346,2024-09-17,0,0,9999
33940,42359,2021-04-16,0,0,9999
33942,42362,2025-04-21,1,0,9999
33942,42363,2025-04-22,0,1,1
33950,42376,2025-07-13,0,0,9999
33951,42377,2024-12-08,0,1,247
33951,42378,2024-04-05,0,0,9999
33965,42401,2025-08-27,0,0,9999
33970,42405,2025-07-08,0,0,9999
33978,42415,2025-09-14,0,0,9999
33980,42416,2025-09-08,0,0,9999
33981,42418,2023-01-06,0,0,9999
33986,42423,2023-04-17,0,0,9999
33994,42431,2025-04-27,0,0,9999
34017,42460,2026-01-07,0,0,9999
34018,42461,2025-06-01,0,0,9999
34022,42464,2021-07-03,0,0,9999
34030,42476,2022-12-05,0,0,9999
34043,42492,2024-11-17,0,0,9999
34050,42500,2019-09-16,0,0,9999
34052,42502,2019-11-08,0,0,9999
34052,42503,2023-03-03,0,1,1211
34052,42504,2025-01-05,0,2,674
34062,42515,2023-04-12,0,0,9999
34065,42520,2024-03-02,0,0,9999
34087,42547,2022-06-12,0,0,9999
34091,42555,2025-10-10,0,0,9999
34096,42559,2022-11-05,0,0,9999
34102,42562,2024-10-03,0,0,9999
34108,42572,2025-07-10,0,0,9999
34112,42578,2023-06-22,0,0,9999
34117,42582,2024-11-27,0,0,9999
34122,42588,2025-08-12,0,0,9999
34137,42612,2025-08-17,0,0,9999
34142,42622,2024-04-25,0,0,9999
34145,42625,2024-10-20,0,0,9999
34168,42656,2020-07-06,0,0,9999
34169,42658,2026-01-25,0,0,9999
34176,42671,2025-02-11,0,0,9999
34182,42678,2026-01-28,0,0,9999
34183,42679,2024-07-10,0,0,9999
34186,42684,2025-02-28,0,0,9999
34199,42700,2025-11-13,0,0,9999
34202,42703,2023-08-05,0,1,901
34202,42704,2021-02-15,0,0,9999
34208,42711,2025-07-25,0,0,9999
34209,42714,2026-01-21,0,0,9999
34210,42716,2025-08-04,0,0,9999
34212,42721,2022-11-18,0,0,9999
34214,42723,2025-03-11,0,0,9999
34217,42728,2024-08-28,0,0,9999
34220,42734,2021-07-27,0,0,9999
34232,42748,2025-11-29,0,0,9999
34244,42761,2025-12-24,1,0,9999
34244,42762,2026-01-02,0,1,9
34247,42766,2026-01-03,0,0,9999
34272,42795,2022-04-12,0,0,9999
34279,42805,2021-11-26,0,0,9999
34280,42806,2023-07-29,0,0,9999
34281,42807,2025-08-02,0,0,9999
34281,42808,2025-11-17,0,1,107
34287,42817,2026-01-12,0,0,9999
34288,42818,2023-08-23,0,0,9999
34324,42864,2021-09-07,0,0,9999
34324,42865,2025-06-25,0,1,1387
34330,42867,2024-08-14,0,0,9999
34333,42871,2024-07-02,0,0,9999
34334,42872,2025-04-05,0,0,9999
34341,42881,2023-02-05,0,0,9999
34369,42913,2025-03-27,0,0,9999
34372,42918,2025-11-26,1,0,9999
34372,42919,2025-12-03,0,1,7
34374,42920,2025-11-09,0,1,1076
34374,42922,2022-11-29,0,0,9999
34377,42927,2025-04-26,0,0,9999
34385,42935,2025-10-02,0,0,9999
34387,42938,2024-02-24,0,0,9999
34388,42940,2022-09-04,0,0,9999
34402,42959,2023-04-26,0,0,9999
34413,42969,2022-04-19,0,0,9999
34447,43007,2021-08-09,0,0,9999
34447,43009,2022-11-06,0,1,454
34448,43010,2026-01-30,0,0,9999
34448,43011,2026-01-30,0,0,9999
34449,43012,2025-02-09,0,0,9999
34453,43016,2021-11-29,0,0,9999
34475,43040,2024-03-02,0,0,9999
34478,43043,2025-09-20,0,0,9999
34489,43056,2021-01-29,0,0,9999
34490,43057,2022-04-02,0,0,9999
34491,43058,2025-10-31,0,0,9999
34496,43064,2023-06-29,0,0,9999
34508,43076,2024-09-08,0,0,9999
34515,43086,2023-06-25,0,0,9999
34520,43095,2026-01-16,0,0,9999
34540,43125,2022-08-02,0,0,9999
34543,43129,2021-05-13,0,1,68
34543,43130,2021-03-06,0,0,9999
34553,43140,2023-06-25,0,0,9999
34558,43144,2026-01-10,0,0,9999
34560,43146,2025-03-07,0,0,9999
34567,43151,2024-02-10,0,0,9999
34569,43153,2024-12-30,0,0,9999
34577,43161,2020-05-03,0,0,9999
34592,43182,2022-07-05,0,0,9999
34602,43191,2023-03-22,0,0,9999
34603,43192,2026-01-26,0,0,9999
34616,43205,2025-03-06,0,0,9999
34624,43213,2025-12-25,0,0,9999
34627,43217,2025-11-10,0,0,9999
34631,43226,2023-01-14,0,1,44
34631,43227,2022-12-01,0,0,9999
34632,43228,2021-04-17,0,0,9999
34636,43232,2026-01-28,0,0,9999
34642,43240,2025-04-09,0,0,9999
34645,43243,2024-04-15,0,0,9999
34645,43245,2025-11-24,0,1,588
34648,43248,2024-12-21,0,0,9999
34661,43262,2022-12-16,0,0,9999
34665,43267,2022-06-30,0,0,9999
34669,43270,2025-11-21,0,1,542
34669,43271,2024-05-28,0,0,9999
34672,43273,2024-03-10,0,0,9999
34680,43281,2022-09-07,0,0,9999
34681,43282,2025-07-22,0,0,9999
34721,43330,2024-07-05,0,0,9999
34728,43333,2025-09-27,0,0,9999
34734,43341,2023-02-02,0,0,9999
34739,43346,2023-11-22,0,0,9999
34740,43348,2022-06-13,0,0,9999
34749,43360,2025-03-15,0,0,9999
34765,43385,2021-06-30,0,0,9999
34773,43391,2024-12-15,0,0,9999
34778,43399,2026-01-02,0,0,9999
34780,43401,2025-09-05,0,0,9999
34829,43451,2022-01-27,0,0,9999
34834,43457,2024-12-15,0,0,9999
34842,43463,2024-07-27,0,0,9999
34844,43466,2026-01-30,0,0,9999
34854,43477,2025-12-20,0,0,9999
34859,43484,2025-01-14,0,0,9999
34867,43492,2025-11-26,0,1,171
34867,43493,2025-06-08,0,0,9999
34876,43503,2024-09-07,0,0,9999
34879,43508,2023-05-30,0,0,9999
34882,43512,2026-01-23,0,0,9999
34883,43514,2022-08-11,0,1,25
34883,43516,2022-07-17,1,0,9999
34887,43518,2023-07-28,0,0,9999
34887,43519,2025-08-27,0,1,761
34889,43523,2022-11-19,0,0,9999
34903,43541,2024-09-24,0,0,9999
34912,43550,2025-06-12,0,0,9999
34913,43551,2025-02-12,0,0,9999
34918,43554,2025-06-23,0,1,51
34918,43555,2025-05-03,0,0,9999
34923,43562,2024-11-28,0,2,161
34923,43563,2024-06-20,0,1,62
34923,43564,2024-04-19,0,0,9999
34923,43565,2025-06-11,0,3,195
34926,43568,2025-11-20,0,0,9999
34927,43569,2025-10-21,0,0,9999
34933,43577,2024-08-25,0,0,9999
34935,43579,2024-10-09,0,0,9999
34950,43600,2021-05-05,0,0,9999
34954,43610,2020-05-26,0,0,9999
34957,43615,2024-07-20,0,1,47
34957,43616,2024-06-03,0,0,9999
34959,43617,2021-02-23,0,0,9999
34961,43623,2025-09-20,0,0,9999
34968,43634,2022-10-10,0,0,9999
34973,43638,2025-11-18,0,0,9999
34975,43644,2024-02-22,0,0,9999
34975,43645,2024-05-24,0,1,92
34992,43666,2021-12-08,0,0,9999
34992,43667,2024-06-23,0,1,928
35005,43686,2022-04-05,0,0,9999
35006,43687,2024-07-21,0,0,9999
35013,43700,2023-12-02,0,0,9999
35017,43706,2022-10-15,0,0,9999
35026,43718,2021-03-17,0,0,9999
35028,43722,2025-07-16,0,0,9999
35036,43733,2024-07-19,0,0,9999
35061,43756,2025-03-20,0,0,9999
35071,43766,2021-07-31,0,0,9999
35078,43774,2023-05-17,0,0,9999
35098,43804,2023-12-06,0,0,9999
35100,43809,2025-07-20,0,0,9999
35104,43816,2025-10-10,0,0,9999
35104,43817,2025-11-22,0,1,43
35104,43819,2026-01-14,0,2,53
35105,43820,2023-04-01,0,0,9999
35114,43829,2024-09-01,0,0,9999
35116,43832,2025-12-20,0,0,9999
35138,43860,2023-10-09,0,0,9999
35150,43876,2024-11-23,0,0,9999
35160,43887,2025-11-26,0,0,9999
35179,43908,2025-11-20,0,0,9999
35185,43915,2024-02-02,0,0,9999
35197,43936,2021-11-09,0,0,9999
35201,43937,2025-12-27,0,0,9999
35202,43938,2023-09-06,0,0,9999
35203,43942,2025-07-15,0,0,9999
35208,43945,2025-10-26,0,0,9999
35213,43947,2025-06-18,0,0,9999
35214,43948,2025-07-27,0,0,9999
35218,43954,2025-06-14,0,0,9999
35236,43973,2025-11-01,0,0,9999
35251,43992,2023-10-09,0,0,9999
35277,44022,2025-07-02,0,0,9999
35280,44026,2024-06-03,0,0,9999
35294,44044,2022-12-17,0,0,9999
35296,44046,2023-01-10,0,0,9999
35303,44056,2025-03-27,0,0,9999
35303,44057,2025-10-06,0,1,193
35308,44070,2023-12-29,0,0,9999
35311,44072,2021-10-30,0,0,9999
35315,44076,2025-09-30,0,0,9999
35320,44083,2026-01-27,0,1,1
35320,44084,2026-01-26,1,0,9999
35321,44085,2022-01-30,0,0,9999
35335,44097,2024-03-23,0,0,9999
35342,44109,2022-09-27,0,0,9999
35352,44127,2025-09-02,0,0,9999
35353,44128,2022-07-23,0,0,9999
35370,44142,2021-04-25,0,0,9999
35386,44158,2021-07-22,0,0,9999
35392,44164,2024-10-22,0,0,9999
35393,44166,2025-01-24,0,0,9999
35398,44169,2025-12-21,0,0,9999
35400,44171,2025-11-24,0,0,9999
35407,44181,2023-11-02,0,0,9999
35420,44200,2026-01-12,0,0,9999
35427,44209,2025-08-13,0,0,9999
35429,44212,2024-07-10,0,1,595
35429,44213,2022-11-23,0,0,9999
35434,44218,2023-12-05,0,0,9999
35436,44220,2020-02-13,0,0,9999
35448,44238,2025-10-22,0,0,9999
35456,44248,2024-12-18,0,0,9999
35463,44257,2024-10-30,0,0,9999
35485,44285,2025-11-01,0,0,9999
35499,44300,2023-06-16,0,1,225
35499,44301,2022-11-03,0,0,9999
35500,44303,2025-09-23,0,0,9999
35512,44320,2025-05-09,0,0,9999
35513,44325,2024-05-04,0,0,9999
35514,44327,2024-09-30,0,0,9999
35519,44332,2024-12-11,0,0,9999
35521,44333,2021-03-12,0,0,9999
35538,44350,2026-01-30,0,0,9999
35539,44354,2024-06-01,0,0,9999
35543,44361,2024-01-21,0,0,9999
35547,44365,2025-02-24,0,0,9999
35552,44373,2025-10-20,0,0,9999
35567,44391,2025-08-27,0,0,9999
35571,44394,2024-10-22,0,0,9999
35574,44398,2026-01-20,0,0,9999
35595,44417,2024-03-02,0,0,9999
35619,44450,2024-12-08,0,0,9999
35639,44478,2025-08-23,0,0,9999
35663,44509,2024-05-07,0,0,9999
35674,44519,2021-11-08,0,0,9999
35687,44532,2023-01-07,0,0,9999
35701,44551,2025-06-25,0,0,9999
35715,44562,2025-12-22,0,0,9999
35722,44570,2022-07-29,0,0,9999
35722,44571,2024-03-22,0,2,487
35722,44573,2022-11-21,0,1,115
35747,44598,2023-06-11,0,0,9999
35747,44600,2024-10-16,0,1,493
35755,44607,2026-01-04,0,0,9999
35758,44613,2025-08-10,0,0,9999
35760,44615,2024-03-12,0,0,9999
35762,44616,2022-07-07,0,0,9999
35764,44620,2021-06-24,0,1,373
35764,44621,2020-06-16,0,0,9999
35780,44638,2026-01-10,0,0,9999
35782,44642,2024-12-14,0,0,9999
35783,44645,2025-09-07,0,1,147
35783,44646,2025-04-13,0,0,9999
35786,44650,2023-08-11,0,0,9999
35787,44651,2023-01-20,0,0,9999
35792,44658,2025-12-19,0,0,9999
35796,44663,2025-03-29,0,0,9999
35799,44666,2024-01-31,0,0,9999
35801,44668,2025-10-25,0,0,9999
35802,44671,2024-03-22,0,0,9999
35804,44674,2023-04-30,0,0,9999
35819,44685,2024-05-27,0,0,9999
35828,44695,2025-05-09,0,0,9999
35829,44696,2025-11-04,0,0,9999
35849,44722,2020-01-23,0,0,9999
35863,44740,2025-10-16,0,0,9999
35879,44767,2023-03-02,0,0,9999
35889,44785,2023-07-23,0,0,9999
35896,44791,2025-12-08,0,1,81
35896,44792,2025-09-18,0,0,9999
35898,44795,2025-03-20,0,0,9999
35910,44815,2026-01-08,0,0,9999
35914,44819,2023-08-16,0,0,9999
35919,44824,2025-05-23,0,0,9999
35925,44832,2024-07-02,0,0,9999
35929,44838,2024-05-15,0,0,9999
35932,44840,2019-02-24,0,0,9999
35934,44844,2022-01-27,0,0,9999
35947,44854,2022-04-18,0,0,9999
35951,44860,2026-01-08,0,0,9999
35983,44896,2022-11-02,0,0,9999
35984,44897,2025-08-08,0,0,9999
35987,44901,2025-10-26,0,0,9999
35995,44914,2021-07-19,0,0,9999
36001,44924,2024-07-28,0,0,9999
36005,44928,2020-02-29,0,0,9999
36012,44937,2025-11-14,0,0,9999
36017,44944,2024-06-24,0,0,9999
36021,44947,2024-05-27,0,0,9999
36022,44948,2025-11-02,0,0,9999
36030,44963,2026-01-30,0,0,9999
36046,44986,2025-08-28,0,0,9999
36051,44992,2025-11-12,0,0,9999
36054,44995,2025-06-03,0,0,9999
36057,45000,2024-12-20,0,0,9999
36061,45008,2023-03-02,0,0,9999
36062,45011,2021-01-12,0,0,9999
36074,45023,2025-07-09,0,1,1028
36074,45024,2022-09-15,0,0,9999
36077,45030,2025-05-16,0,0,9999
36079,45031,2025-08-29,0,0,9999
36082,45032,2025-03-25,0,0,9999
36084,45034,2025-12-26,0,0,9999
36087,45036,2025-11-25,0,0,9999
36097,45056,2024-05-21,0,0,9999
36102,45061,2022-07-21,0,0,9999
36102,45062,2023-11-05,0,1,472
36106,45068,2025-01-16,0,0,9999
36114,45072,2021-03-13,0,0,9999
36115,45073,2024-06-09,0,0,9999
36148,45113,2024-07-20,0,0,9999
36149,45114,2025-08-03,0,0,9999
36152,45119,2025-01-06,0,0,9999
36154,45124,2025-08-28,0,0,9999
36158,45128,2025-10-24,0,0,9999
36180,45151,2020-01-03,0,0,9999
36184,45154,2026-01-19,0,0,9999
36186,45157,2026-01-28,0,0,9999
36187,45159,2025-12-12,0,0,9999
36191,45165,2025-12-01,0,0,9999
36193,45168,2026-01-28,0,0,9999
36209,45183,2019-09-05,0,0,9999
36211,45186,2023-01-12,0,0,9999
36211,45188,2024-03-30,0,1,443
36216,45197,2025-12-25,0,0,9999
36255,45239,2021-05-23,0,0,9999
36256,45240,2025-07-27,0,0,9999
36263,45252,2022-07-25,0,0,9999
36305,45303,2024-06-13,0,0,9999
36306,45305,2023-05-08,0,0,9999
36308,45309,2025-10-02,0,0,9999
36309,45310,2026-01-11,0,0,9999
36310,45312,2024-03-01,0,0,9999
36331,45336,2025-05-29,0,0,9999
36336,45349,2025-11-08,0,0,9999
36341,45356,2023-08-25,0,0,9999
36356,45374,2025-09-09,0,0,9999
36363,45384,2023-09-20,0,0,9999
36366,45390,2026-01-11,0,0,9999
36371,45398,2024-07-22,0,0,9999
36372,45399,2024-08-07,0,0,9999
36377,45404,2025-11-01,0,0,9999
36379,45406,2025-10-15,0,0,9999
36382,45409,2025-11-07,0,1,412
36382,45411,2024-09-21,0,0,9999
36385,45415,2025-08-13,0,0,9999
36385,45416,2025-11-12,0,1,91
36392,45424,2020-04-16,0,0,9999
36392,45425,2025-09-30,0,1,1993
36408,45445,2023-03-17,0,0,9999
36412,45449,2025-02-01,0,0,9999
36418,45454,2024-10-08,0,1,1633
36418,45456,2020-04-19,0,0,9999
36433,45470,2024-12-16,0,0,9999
36438,45476,2025-10-29,0,0,9999
36440,45480,2023-07-28,0,0,9999
36454,45497,2024-02-29,0,0,9999
36466,45511,2025-05-27,0,0,9999
36466,45512,2025-07-10,0,1,44
36469,45517,2024-02-02,0,0,9999
36472,45519,2024-04-02,0,0,9999
36491,45541,2024-11-16,0,0,9999
36499,45548,2025-02-21,1,1,408
36499,45549,2025-02-23,0,2,2
36499,45551,2024-01-10,0,0,9999
36500,45552,2025-09-20,0,0,9999
36506,45558,2024-12-12,0,0,9999
36515,45566,2020-11-17,0,0,9999
36536,45589,2025-03-28,0,0,9999
36544,45599,2025-12-15,0,0,9999
36554,45605,2023-04-14,0,0,9999
36555,45606,2024-10-05,0,0,9999
36571,45633,2024-03-09,0,0,9999
36583,45645,2023-06-12,0,0,9999
36594,45666,2026-01-05,0,0,9999
36595,45667,2024-05-14,0,0,9999
36597,45668,2025-02-12,0,0,9999
36599,45671,2023-10-10,0,0,9999
36607,45680,2026-01-29,1,0,9999
36607,45681,2026-01-30,0,1,1
36608,45682,2026-01-05,0,0,9999
36612,45689,2021-05-04,0,0,9999
36618,45697,2023-10-30,0,0,9999
36630,45708,2024-02-18,0,0,9999
36632,45710,2023-07-10,0,0,9999
36651,45731,2025-03-19,0,0,9999
36655,45735,2024-04-16,0,0,9999
36657,45738,2021-11-11,0,0,9999
36662,45742,2025-10-30,0,0,9999
36663,45743,2025-04-14,0,0,9999
36667,45749,2025-06-07,0,0,9999
36672,45755,2020-09-26,0,0,9999
36686,45770,2024-02-06,0,0,9999
36710,45804,2025-07-19,0,0,9999
36711,45806,2020-07-18,0,0,9999
36711,45808,2025-12-24,0,1,1985
36714,45810,2024-10-17,0,0,9999
36716,45811,2025-04-18,0,0,9999
36723,45819,2025-11-09,0,0,9999
36743,45836,2023-09-25,0,0,9999
36762,45867,2024-01-18,0,0,9999
36764,45868,2024-05-26,0,0,9999
36785,45890,2024-04-30,0,0,9999
36786,45891,2024-10-09,0,0,9999
36801,45904,2025-04-12,0,1,149
36801,45905,2024-11-14,0,0,9999
36808,45918,2022-12-18,0,0,9999
36813,45929,2022-09-18,0,0,9999
36819,45938,2021-05-25,0,0,9999
36831,45952,2023-05-19,0,0,9999
36841,45965,2024-09-20,0,0,9999
36845,45969,2025-08-10,0,0,9999
36853,45978,2025-10-27,0,1,916
36853,45979,2023-04-25,0,0,9999
36856,45982,2024-07-20,0,0,9999
36877,46012,2024-04-02,0,1,1027
36877,46013,2021-06-10,0,0,9999
36885,46020,2025-05-31,0,0,9999
36896,46033,2023-12-21,0,0,9999
36898,46037,2022-02-23,0,0,9999
36899,46039,2025-01-31,0,0,9999
36942,46084,2023-01-30,0,0,9999
36951,46098,2024-09-23,0,0,9999
36951,46099,2024-11-24,0,1,62
36955,46106,2023-01-24,0,0,9999
36956,46109,2024-05-14,0,0,9999
36965,46122,2022-09-13,0,0,9999
36966,46124,2023-03-23,0,0,9999
36989,46162,2023-03-04,0,0,9999
36991,46164,2025-09-03,0,0,9999
36991,46165,2025-11-27,0,1,85
36993,46169,2025-02-02,0,0,9999
36995,46174,2025-11-17,0,0,9999
37004,46186,2024-10-21,0,0,9999
37006,46189,2025-09-14,0,0,9999
37022,46209,2023-03-28,0,0,9999
37027,46215,2025-10-04,0,1,53
37027,46217,2025-08-12,0,0,9999
37028,46218,2025-10-27,0,1,90
37028,46219,2025-07-29,0,0,9999
37030,46222,2024-09-26,0,0,9999
37038,46232,2025-01-06,0,0,9999
37038,46233,2025-12-16,0,1,344
37040,46238,2025-01-18,0,0,9999
37042,46244,2026-01-16,0,1,311
37042,46245,2025-03-11,0,0,9999
37043,46247,2026-01-29,0,0,9999
37054,46263,2026-01-25,0,0,9999
37057,46269,2023-11-18,0,0,9999
37059,46275,2025-11-26,0,0,9999
37060,46280,2025-03-06,0,0,9999
37067,46289,2025-01-26,0,0,9999
37074,46303,2025-05-13,0,0,9999
37080,46314,2024-10-11,0,0,9999
37081,46317,2021-10-09,0,0,9999
37083,46319,2024-02-16,0,1,161
37083,46320,2023-09-08,0,0,9999
37117,46362,2025-07-04,0,0,9999
37123,46370,2026-01-08,0,0,9999
37128,46374,2025-07-22,0,0,9999
37134,46382,2026-01-29,0,0,9999
37136,46384,2025-05-01,0,2,507
37136,46385,2023-03-18,0,0,9999
37136,46387,2023-12-11,0,1,268
37143,46402,2025-11-20,0,0,9999
37154,46411,2025-11-04,0,0,9999
37167,46426,2023-01-15,0,0,9999
37172,46432,2025-12-16,0,0,9999
37178,46439,2026-01-29,0,0,9999
37179,46440,2024-03-22,0,0,9999
37193,46453,2023-07-01,0,0,9999
37194,46454,2019-04-21,0,0,9999
37194,46455,2025-04-03,0,1,2174
37206,46471,2025-11-13,0,0,9999
37215,46479,2023-04-18,0,0,9999
37224,46490,2025-04-19,0,0,9999
37225,46495,2026-01-27,0,0,9999
37228,46500,2025-05-14,0,0,9999
37236,46510,2026-01-17,0,0,9999
37247,46522,2024-08-07,0,0,9999
37248,46523,2025-08-24,0,0,9999
37256,46536,2025-12-06,0,0,9999
37268,46546,2022-03-27,0,0,9999
37268,46547,2025-07-19,0,1,1210
37285,46572,2025-12-19,0,0,9999
37305,46594,2024-06-27,0,0,9999
37311,46597,2021-10-22,0,0,9999
37332,46622,2025-06-09,0,0,9999
37335,46628,2023-08-14,0,0,9999
37341,46635,2025-11-30,0,0,9999
37352,46648,2023-03-07,0,0,9999
37354,46650,2023-08-09,0,0,9999
37357,46654,2024-11-18,0,1,283
37357,46655,2024-02-09,0,0,9999
37365,46666,2024-09-21,1,0,9999
37365,46667,2025-10-25,0,2,390
37365,46668,2024-09-30,0,1,9
37368,46672,2023-06-26,0,0,9999
37382,46688,2024-06-05,0,0,9999
37382,46689,2024-12-23,0,1,201
37392,46701,2025-05-17,0,0,9999
37435,46758,2024-09-14,0,0,9999
37440,46764,2025-01-31,0,0,9999
37443,46768,2022-06-22,0,0,9999
37446,46774,2023-09-17,0,0,9999
37451,46783,2024-05-25,0,0,9999
37466,46801,2025-05-31,0,0,9999
37467,46803,2025-02-27,0,0,9999
37467,46806,2025-04-17,0,1,49
37468,46807,2021-06-13,0,0,9999
37469,46808,2021-01-07,0,0,9999
37471,46810,2025-08-11,0,0,9999
37477,46815,2026-01-20,0,0,9999
37478,46819,2019-12-10,0,0,9999
37482,46825,2023-04-15,0,0,9999
37494,46840,2025-12-23,0,0,9999
37497,46843,2025-01-08,0,0,9999
37499,46846,2025-07-23,0,1,7
37499,46848,2025-09-19,0,2,58
37499,46849,2025-07-16,1,0,9999
37511,46855,2023-06-16,0,0,9999
37529,46877,2025-07-18,0,0,9999
37533,46882,2022-07-09,0,0,9999
37535,46884,2025-07-06,0,0,9999
37535,46885,2025-09-04,0,1,60
37538,46887,2025-12-22,0,0,9999
37541,46891,2025-08-11,0,0,9999
37542,46892,2022-02-13,0,0,9999
37544,46894,2025-07-08,0,0,9999
37555,46909,2023-11-02,0,0,9999
37558,46918,2023-11-25,0,0,9999
37561,46924,2020-07-02,0,0,9999
37562,46925,2025-01-31,0,0,9999
37564,46929,2024-04-21,0,0,9999
37572,46936,2025-07-16,0,0,9999
37581,46950,2025-04-13,0,0,9999
37595,46965,2024-07-31,0,0,9999
37608,46982,2024-01-30,0,0,9999
37612,46988,2022-03-03,0,0,9999
37620,46998,2025-12-20,0,0,9999
37670,47048,2025-11-16,0,0,9999
37676,47057,2022-08-24,0,0,9999
37680,47066,2024-09-22,0,0,9999
37686,47074,2025-07-02,0,0,9999
37693,47080,2025-05-06,0,0,9999
37705,47089,2024-03-04,0,1,67
37705,47090,2023-12-28,0,0,9999
37711,47097,2025-11-07,0,0,9999
37718,47109,2026-01-21,0,0,9999
37722,47116,2022-05-10,0,0,9999
37732,47123,2025-01-09,0,0,9999
37740,47131,2025-01-17,0,0,9999
37744,47134,2025-05-12,0,0,9999
37747,47141,2024-08-23,0,0,9999
37753,47148,2024-11-11,0,0,9999
37761,47159,2025-05-07,0,1,953
37761,47160,2022-09-27,0,0,9999
37764,47163,2022-01-12,0,0,9999
37764,47164,2022-08-22,0,1,222
37776,47183,2022-08-17,0,0,9999
37783,47188,2022-09-12,0,0,9999
37785,47192,2024-01-07,0,0,9999
37785,47193,2025-08-09,0,1,580
37788,47195,2025-01-05,0,0,9999
37797,47204,2025-10-04,0,0,9999
37799,47208,2021-05-09,0,0,9999
37800,47209,2026-01-30,0,0,9999
37804,47214,2025-03-13,0,0,9999
37812,47222,2025-01-15,0,0,9999
37817,47227,2024-12-30,0,3,717
37817,47228,2022-09-23,0,1,1035
37817,47229,2023-01-13,0,2,112
37817,47230,2019-11-23,0,0,9999
37820,47233,2020-11-21,0,0,9999
37822,47236,2023-07-29,0,0,9999
37826,47240,2025-12-23,0,0,9999
37836,47253,2024-04-17,0,0,9999
37843,47259,2022-06-17,0,0,9999
37846,47263,2022-05-10,0,0,9999
37850,47265,2025-10-13,0,0,9999
37859,47281,2025-04-30,0,0,9999
37868,47298,2019-12-08,0,0,9999
37870,47304,2025-11-23,0,0,9999
37876,47312,2025-01-31,0,0,9999
37888,47328,2025-11-08,0,0,9999
37913,47355,2023-01-08,0,0,9999
37914,47356,2021-10-31,0,0,9999
37920,47361,2026-01-19,0,0,9999
37922,47362,2022-01-09,0,0,9999
37928,47373,2023-02-04,0,0,9999
37928,47374,2024-10-26,0,1,630
37933,47380,2022-08-29,0,1,241
37933,47383,2021-12-31,0,0,9999
37934,47386,2024-01-06,0,0,9999
37950,47405,2026-01-12,0,0,9999
37951,47407,2026-01-30,0,0,9999
37966,47426,2022-03-25,0,0,9999
37966,47427,2022-10-13,0,1,202
37975,47436,2025-10-20,0,0,9999
37978,47440,2022-10-03,0,0,9999
37990,47455,2023-12-25,0,0,9999
37996,47465,2025-11-24,0,0,9999
38011,47486,2026-01-30,0,0,9999
38016,47491,2023-06-16,0,0,9999
38036,47513,2019-01-25,0,0,9999
38038,47515,2025-07-28,0,0,9999
38042,47521,2020-07-22,0,0,9999
38047,47529,2025-11-28,0,0,9999
38061,47548,2024-08-14,0,0,9999
38062,47552,2025-03-13,0,0,9999
38063,47553,2025-02-14,0,1,849
38063,47554,2022-10-19,0,0,9999
38088,47572,2024-10-18,0,0,9999
38100,47581,2023-01-28,0,0,9999
38108,47590,2025-12-30,0,0,9999
38121,47602,2021-12-10,1,0,9999
38121,47603,2022-01-02,0,1,23
38135,47621,2022-12-08,0,0,9999
38141,47630,2025-03-20,0,0,9999
38147,47640,2025-08-03,0,0,9999
38148,47641,2024-02-12,0,1,121
38148,47642,2023-10-14,0,0,9999
38151,47644,2025-08-07,0,0,9999
38153,47647,2023-02-04,0,0,9999
38165,47658,2025-11-05,0,0,9999
38169,47663,2024-08-09,0,1,514
38169,47665,2023-03-14,0,0,9999
38182,47681,2025-10-11,0,0,9999
38190,47692,2021-08-04,0,0,9999
38195,47699,2023-08-10,0,0,9999
38196,47700,2024-11-28,0,0,9999
38201,47707,2024-03-07,0,0,9999
38202,47709,2025-12-10,0,0,9999
38203,47711,2025-04-04,0,0,9999
38222,47726,2025-01-08,0,0,9999
38224,47729,2022-12-10,0,0,9999
38232,47735,2025-05-01,0,0,9999
38233,47736,2025-09-26,0,0,9999
38238,47747,2020-11-07,0,0,9999
38239,47749,2025-08-12,0,0,9999
38244,47757,2022-11-17,0,0,9999
38249,47763,2021-11-27,0,0,9999
38251,47766,2023-06-02,0,0,9999
38251,47767,2023-09-04,0,1,94
38265,47785,2024-05-22,0,0,9999
38267,47787,2025-11-21,0,0,9999
38273,47792,2025-09-17,0,0,9999
38293,47818,2019-11-14,0,0,9999
38295,47821,2020-02-24,0,0,9999
38305,47837,2022-09-29,0,0,9999
38308,47839,2025-12-04,0,0,9999
38316,47846,2025-10-03,0,0,9999
38320,47855,2023-02-08,0,0,9999
38322,47856,2025-07-26,0,0,9999
38327,47859,2022-10-19,0,0,9999
38332,47863,2025-09-20,0,0,9999
38338,47868,2025-12-14,0,0,9999
38348,47882,2022-06-14,0,0,9999
38355,47889,2023-04-13,0,1,281
38355,47890,2022-07-06,0,0,9999
38356,47891,2025-07-31,0,0,9999
38358,47893,2020-11-14,0,0,9999
38359,47894,2025-07-22,0,0,9999
38371,47905,2025-05-29,0,0,9999
38374,47907,2026-01-29,0,0,9999
38377,47913,2025-06-04,0,0,9999
38381,47919,2024-10-15,0,0,9999
38385,47926,2024-12-08,0,0,9999
38386,47928,2025-11-24,0,0,9999
38402,47944,2025-09-27,0,0,9999
38413,47957,2025-11-10,1,0,9999
38413,47958,2025-11-13,0,1,3
38416,47961,2026-01-27,0,0,9999
38429,47976,2023-10-30,0,0,9999
38432,47978,2022-06-06,0,0,9999
38433,47981,2024-04-14,0,0,9999
38440,47995,2022-08-18,0,0,9999
38443,48001,2024-09-13,0,0,9999
38449,48010,2021-05-07,0,0,9999
38450,48011,2025-11-13,0,0,9999
38451,48012,2024-11-28,0,0,9999
38453,48013,2025-01-19,0,0,9999
38457,48023,2024-03-20,0,0,9999
38461,48027,2022-04-11,1,0,9999
38461,48028,2022-04-12,0,1,1
38462,48030,2024-12-03,0,0,9999
38463,48031,2023-03-19,0,0,9999
38470,48038,2025-08-08,0,0,9999
38477,48043,2025-12-20,0,0,9999
38501,48075,2023-11-30,0,0,9999
38506,48081,2024-11-02,0,0,9999
38508,48085,2026-01-21,0,0,9999
38522,48101,2025-07-29,0,1,1796
38522,48102,2020-08-28,0,0,9999
38549,48131,2024-02-19,0,0,9999
38550,48132,2023-11-23,0,0,9999
38555,48138,2024-09-20,0,0,9999
38556,48139,2026-01-16,0,1,388
38556,48140,2024-12-24,0,0,9999
38578,48166,2024-07-20,0,0,9999
38583,48171,2025-12-13,0,0,9999
38587,48177,2024-06-03,1,0,9999
38587,48178,2024-07-02,0,1,29
38591,48181,2023-10-05,0,0,9999
38598,48195,2023-11-27,0,0,9999
38605,48206,2021-09-23,0,0,9999
38610,48212,2025-11-11,0,0,9999
38624,48235,2022-01-01,0,0,9999
38626,48237,2025-08-24,0,0,9999
38632,48247,2025-06-04,0,0,9999
38642,48257,2025-12-30,0,0,9999
38647,48269,2022-07-10,0,0,9999
38655,48282,2026-01-25,0,0,9999
38664,48290,2022-10-28,0,0,9999
38669,48296,2025-11-12,0,0,9999
38686,48312,2020-05-03,0,0,9999
38686,48313,2020-07-09,0,1,67
38687,48314,2022-07-11,0,0,9999
38698,48330,2025-11-16,0,0,9999
38703,48335,2024-09-23,0,0,9999
38703,48336,2025-06-08,0,1,258
38706,48340,2024-09-11,0,0,9999
38707,48341,2025-07-28,0,0,9999
38709,48342,2025-08-09,0,0,9999
38710,48343,2025-10-13,0,0,9999
38729,48363,2025-01-28,0,0,9999
38733,48366,2025-06-02,0,0,9999
38736,48375,2025-10-04,0,0,9999
38740,48381,2025-06-06,0,0,9999
38742,48383,2025-02-15,0,0,9999
38753,48393,2024-05-10,0,0,9999
38759,48404,2022-11-06,0,0,9999
38759,48405,2023-03-09,0,1,123
38765,48412,2024-04-20,0,0,9999
38773,48423,2025-12-15,0,0,9999
38781,48432,2023-02-23,0,0,9999
38783,48435,2024-11-19,0,0,9999
38788,48441,2025-10-28,0,2,143
38788,48443,2023-11-12,0,0,9999
38788,48444,2025-06-07,0,1,573
38791,48448,2025-04-09,0,0,9999
38801,48463,2026-01-12,0,0,9999
38804,48468,2026-01-23,1,0,9999
38804,48470,2026-01-29,0,1,6
38823,48488,2024-01-23,0,0,9999
38829,48493,2025-11-12,0,0,9999
38835,48499,2025-03-10,0,0,9999
38837,48501,2025-05-11,0,0,9999
38840,48505,2024-10-19,0,0,9999
38845,48511,2024-10-13,0,0,9999
38871,48536,2025-02-14,0,1,37
38871,48537,2025-01-08,0,0,9999
38872,48539,2025-09-17,0,0,9999
38879,48547,2025-12-26,0,0,9999
38885,48555,2026-01-27,0,0,9999
38887,48558,2025-04-21,0,0,9999
38887,48559,2026-01-01,0,1,255
38892,48564,2025-12-04,0,0,9999
38896,48569,2024-02-11,0,0,9999
38901,48576,2024-08-07,0,0,9999
38910,48582,2026-01-27,0,0,9999
38916,48587,2024-09-12,0,0,9999
38916,48589,2025-08-29,0,1,351
38923,48600,2025-05-03,0,0,9999
38949,48632,2025-06-19,0,0,9999
38950,48633,2020-11-03,0,0,9999
38968,48658,2025-05-24,0,0,9999
38974,48664,2025-04-01,0,0,9999
38980,48673,2025-10-30,0,0,9999
38988,48681,2025-12-03,0,0,9999
38993,48688,2025-07-05,0,0,9999
38994,48689,2025-05-08,0,0,9999
39013,48711,2025-09-20,0,0,9999
39016,48716,2025-03-29,0,0,9999
39017,48717,2020-02-01,0,0,9999
39020,48719,2023-05-29,0,0,9999
39028,48731,2024-03-24,0,0,9999
39037,48745,2024-08-27,0,0,9999
39048,48757,2023-12-07,0,0,9999
39062,48772,2024-02-29,0,0,9999
39073,48788,2025-11-18,0,0,9999
39074,48790,2020-08-28,0,0,9999
39075,48792,2024-04-13,0,0,9999
39080,48799,2025-08-31,0,1,139
39080,48801,2025-04-14,0,0,9999
39108,48832,2021-07-09,0,0,9999
39109,48833,2025-12-15,0,0,9999
39115,48839,2025-02-28,0,0,9999
39120,48851,2022-12-16,0,0,9999
39121,48852,2025-12-17,0,0,9999
39131,48861,2024-07-08,0,0,9999
39141,48875,2020-01-07,0,0,9999
39144,48879,2025-03-13,0,0,9999
39147,48881,2026-01-30,0,0,9999
39151,48887,2023-07-04,0,0,9999
39165,48903,2026-01-30,0,1,4
39165,48904,2026-01-26,1,0,9999
39167,48906,2025-09-10,0,0,9999
39171,48911,2025-03-28,0,0,9999
39172,48912,2025-09-02,0,1,494
39172,48913,2024-04-26,0,0,9999
39178,48922,2022-07-18,0,0,9999
39180,48924,2026-01-30,0,0,9999
39181,48925,2026-01-14,0,0,9999
39182,48926,2025-01-18,0,0,9999
39187,48934,2021-09-11,0,0,9999
39212,48962,2025-06-12,0,0,9999
39215,48968,2025-12-28,0,1,289
39215,48969,2025-03-14,0,0,9999
39216,48971,2024-10-23,0,0,9999
39218,48974,2025-08-27,0,0,9999
39221,48977,2023-11-12,0,0,9999
39226,48983,2024-01-20,0,0,9999
39226,48984,2025-09-04,0,2,397
39226,48986,2024-08-03,0,1,196
39237,49001,2025-07-25,0,0,9999
39240,49004,2023-06-22,0,0,9999
39244,49012,2020-06-05,0,0,9999
39245,49014,2024-12-05,0,0,9999
39246,49015,2024-08-16,0,0,9999
39250,49020,2021-07-12,0,0,9999
39250,49021,2024-08-05,0,1,1120
39254,49026,2021-12-17,0,0,9999
39259,49035,2022-11-08,0,0,9999
39278,49053,2024-02-02,0,0,9999
39288,49068,2025-03-21,0,0,9999
39295,49080,2026-01-29,0,0,9999
39299,49089,2023-09-22,0,0,9999
39308,49101,2025-02-09,0,0,9999
39312,49108,2024-12-29,0,0,9999
39332,49127,2023-05-14,0,0,9999
39349,49147,2022-01-21,0,0,9999
39363,49167,2025-04-02,0,0,9999
39365,49168,2025-02-23,0,0,9999
39375,49179,2024-06-04,0,0,9999
39383,49187,2022-07-08,0,0,9999
39393,49201,2025-05-01,0,0,9999
39400,49217,2025-11-11,0,0,9999
39401,49218,2024-03-06,0,0,9999
39417,49242,2022-08-23,0,0,9999
39417,49245,2022-10-10,0,1,48
39422,49253,2024-07-09,0,0,9999
39424,49257,2023-04-21,0,0,9999
39427,49259,2025-10-28,0,0,9999
39449,49284,2025-07-20,0,0,9999
39452,49288,2026-01-21,0,0,9999
39453,49289,2025-08-22,0,1,716
39453,49290,2023-09-06,0,0,9999
39458,49297,2021-07-30,0,0,9999
39475,49320,2025-01-08,0,0,9999
39484,49330,2025-09-26,0,0,9999
39488,49335,2025-12-12,0,0,9999
39491,49338,2026-01-05,0,0,9999
39496,49342,2025-12-08,0,0,9999
39507,49354,2026-01-19,0,0,9999
39519,49367,2025-07-07,0,0,9999
39522,49373,2025-11-21,0,0,9999
39539,49393,2023-05-17,0,0,9999
39556,49412,2026-01-30,0,0,9999
39559,49415,2025-12-16,0,1,13
39559,49417,2025-12-03,1,0,9999
39574,49434,2025-05-12,0,0,9999
39575,49435,2025-09-01,0,0,9999
39576,49436,2022-09-28,0,0,9999
39580,49442,2024-05-22,0,0,9999
39582,49444,2023-09-07,0,0,9999
39583,49445,2022-10-31,0,0,9999
39596,49461,2023-03-30,0,0,9999
39605,49474,2025-07-25,0,0,9999
39606,49475,2026-01-14,0,0,9999
39621,49497,2025-01-02,0,0,9999
39634,49516,2024-11-25,0,0,9999
39638,49517,2025-03-20,0,0,9999
39653,49536,2025-02-07,0,0,9999
39657,49543,2024-11-28,0,0,9999
39677,49561,2025-12-02,0,0,9999
39680,49564,2025-10-29,0,1,8
39680,49566,2026-01-17,0,2,80
39680,49567,2025-10-21,1,0,9999
39688,49579,2024-08-20,0,0,9999
39696,49589,2025-11-28,0,0,9999
39698,49591,2024-06-12,0,0,9999
39709,49603,2025-07-21,0,0,9999
39711,49604,2025-05-29,0,0,9999
39731,49625,2025-12-09,0,0,9999
39738,49636,2024-12-27,0,0,9999
39739,49637,2026-01-09,0,0,9999
39761,49662,2024-06-30,0,0,9999
39764,49668,2025-01-22,0,0,9999
39764,49669,2025-04-24,0,1,92
39771,49680,2023-08-10,0,0,9999
39773,49682,2023-09-07,0,1,3
39773,49683,2023-09-04,1,0,9999
39773,49684,2025-04-29,0,3,116
39773,49685,2025-01-03,0,2,484
39776,49688,2025-07-21,0,0,9999
39786,49698,2025-09-15,0,0,9999
39805,49725,2024-09-27,0,0,9999
39815,49742,2020-06-22,0,0,9999
39834,49761,2023-06-13,0,0,9999
39850,49787,2023-07-08,0,0,9999
39853,49789,2020-11-02,0,0,9999
39861,49800,2025-06-30,0,0,9999
39878,49822,2025-02-06,0,0,9999
39881,49825,2023-12-19,0,0,9999
39905,49856,2026-01-30,0,0,9999
39913,49864,2025-01-29,0,0,9999
39915,49869,2021-09-24,0,0,9999
39917,49871,2025-10-21,0,0,9999
39929,49883,2022-12-01,0,0,9999
39933,49888,2025-11-20,0,0,9999
39951,49910,2024-04-19,0,0,9999
39952,49912,2022-09-06,0,0,9999
39954,49914,2024-04-17,0,0,9999
39966,49928,2025-09-04,0,0,9999
39968,49930,2023-02-28,0,0,9999
39972,49934,2025-12-05,0,0,9999
39979,49941,2025-01-08,0,0,9999
39989,49952,2023-09-17,0,0,9999
39990,49953,2023-07-06,0,0,9999
39999,49960,2020-01-09,0,0,9999
40002,49963,2025-09-25,0,0,9999
40016,49977,2023-07-07,0,0,9999
40024,49983,2025-08-27,0,0,9999
40038,49997,2025-12-09,0,0,9999
40045,50006,2026-01-30,0,0,9999
40046,50010,2022-12-01,0,0,9999
40047,50012,2026-01-16,0,0,9999
40051,50019,2023-05-12,0,0,9999
40051,50021,2025-03-04,0,1,662
40058,50029,2022-02-24,0,0,9999
40061,50033,2025-06-24,0,0,9999
40067,50041,2023-01-31,0,0,9999
40076,50048,2025-03-25,1,0,9999
40076,50049,2025-04-19,0,1,25
40077,50050,2025-08-02,0,1,188
40077,50051,2025-01-26,0,0,9999
40087,50063,2021-08-23,0,0,9999
40090,50069,2025-06-07,0,0,9999
40129,50110,2021-03-27,0,0,9999
40143,50126,2025-06-21,0,0,9999
40144,50129,2024-03-28,0,0,9999
40147,50133,2024-07-06,0,0,9999
40150,50140,2025-04-28,0,0,9999
40150,50141,2026-01-02,0,1,249
40151,50142,2025-11-24,0,0,9999
40153,50143,2025-01-13,0,0,9999
40155,50147,2022-03-25,0,0,9999
40162,50156,2025-05-04,0,0,9999
40168,50159,2024-12-05,0,0,9999
40178,50171,2025-08-18,0,0,9999
40181,50174,2023-09-03,0,1,37
40181,50175,2023-07-28,0,0,9999
40184,50181,2026-01-28,0,0,9999
40189,50191,2024-03-20,0,0,9999
40189,50192,2025-03-24,1,1,369
40189,50194,2025-03-30,0,2,6
40190,50195,2024-08-10,0,0,9999
40199,50203,2025-02-02,0,0,9999
40214,50223,2024-08-20,0,0,9999
40214,50224,2024-10-22,0,1,63
40217,50228,2023-11-22,0,0,9999
40219,50234,2023-06-22,0,0,9999
40221,50238,2025-12-31,0,0,9999
40240,50253,2024-01-13,0,0,9999
40254,50271,2024-08-15,0,0,9999
40265,50286,2024-07-04,0,0,9999
40266,50287,2022-11-05,0,0,9999
40287,50315,2025-08-18,0,0,9999
40288,50316,2024-08-16,0,0,9999
40288,50317,2024-12-08,0,1,114
40298,50329,2026-01-27,0,0,9999
40309,50343,2021-12-03,0,0,9999
40310,50345,2023-02-03,0,0,9999
40318,50356,2025-08-09,0,0,9999
40321,50358,2025-08-31,0,1,363
40321,50359,2024-09-02,0,0,9999
40324,50362,2023-01-30,0,0,9999
40329,50367,2025-11-29,0,0,9999
40330,50369,2023-12-02,0,0,9999
40342,50382,2025-06-16,0,0,9999
40344,50385,2023-10-26,0,0,9999
40357,50407,2024-09-15,0,0,9999
40358,50410,2025-01-28,0,0,9999
40361,50417,2025-11-20,0,0,9999
40364,50420,2024-04-01,0,0,9999
40372,50427,2025-09-07,0,2,617
40372,50428,2023-08-24,0,0,9999
40372,50430,2023-12-30,0,1,128
40379,50433,2021-10-13,0,0,9999
40398,50460,2026-01-13,0,0,9999
40401,50464,2024-12-01,0,0,9999
40416,50476,2024-09-17,0,0,9999
40447,50520,2025-07-09,0,0,9999
40461,50535,2026-01-16,0,0,9999
40476,50552,2024-09-25,0,1,730
40476,50553,2022-09-26,0,0,9999
40485,50565,2025-08-30,0,0,9999
40494,50573,2025-09-21,0,0,9999
40503,50582,2025-04-13,0,0,9999
40505,50585,2024-08-15,0,0,9999
40508,50588,2025-12-24,0,0,9999
40510,50591,2025-02-07,0,0,9999
40514,50599,2025-05-22,0,0,9999
40539,50625,2024-05-19,0,0,9999
40553,50643,2025-12-05,0,0,9999
40567,50659,2023-09-28,0,0,9999
40569,50662,2024-06-25,0,0,9999
40575,50670,2025-10-10,0,0,9999
40579,50676,2024-01-19,0,0,9999
40581,50679,2023-12-01,0,0,9999
40585,50683,2024-01-10,0,0,9999
40593,50691,2025-08-22,0,0,9999
40594,50695,2024-01-26,0,0,9999
40596,50698,2020-05-31,0,0,9999
40598,50699,2021-05-27,0,0,9999
40605,50706,2024-12-19,0,0,9999
40606,50708,2023-06-03,0,0,9999
40613,50716,2024-12-16,0,0,9999
40620,50725,2024-01-03,0,0,9999
40631,50740,2021-07-12,0,0,9999
40637,50749,2026-01-19,0,0,9999
40666,50781,2024-05-12,0,0,9999
40718,50837,2022-11-24,0,0,9999
40724,50852,2022-09-27,0,0,9999
40728,50862,2025-07-25,0,0,9999
40739,50873,2024-01-01,0,0,9999
40748,50881,2024-03-15,0,0,9999
40752,50884,2022-12-22,0,0,9999
40759,50890,2025-08-09,0,0,9999
40760,50893,2024-08-06,0,0,9999
40769,50901,2024-09-13,0,0,9999
40770,50903,2024-03-14,0,0,9999
40781,50914,2026-01-26,0,0,9999
40783,50915,2021-07-21,0,0,9999
40807,50937,2025-05-16,0,0,9999
40809,50938,2025-07-10,0,0,9999
40818,50947,2022-02-22,0,0,9999
40824,50951,2024-07-29,0,0,9999
40828,50959,2022-02-10,0,0,9999
40838,50971,2025-06-12,0,0,9999
40845,50975,2025-08-30,0,0,9999
40849,50976,2020-11-03,0,0,9999
40856,50986,2022-07-20,0,0,9999
40859,50988,2021-12-26,0,0,9999
40859,50991,2024-10-18,0,1,1027
40864,50997,2025-12-14,0,1,70
40864,50998,2025-10-05,0,0,9999
40865,50999,2023-11-09,0,0,9999
40886,51017,2025-04-24,0,0,9999
40890,51022,2025-12-11,0,0,9999
40893,51025,2023-03-14,0,0,9999
40900,51034,2025-11-05,0,0,9999
40918,51050,2025-10-13,0,0,9999
40923,51056,2023-09-28,0,0,9999
40930,51062,2025-11-19,0,0,9999
40935,51067,2024-01-04,0,0,9999
40935,51069,2025-08-09,0,1,583
40939,51072,2025-01-11,0,0,9999
40945,51076,2026-01-30,0,0,9999
40946,51079,2025-12-22,0,1,124
40946,51080,2025-08-20,0,0,9999
40946,51082,2026-01-29,0,2,38
40948,51085,2023-12-01,0,0,9999
40952,51089,2024-11-27,0,0,9999
40960,51099,2025-07-26,0,0,9999
40964,51102,2024-10-09,0,0,9999
40968,51104,2025-05-29,0,0,9999
40977,51118,2024-03-15,0,0,9999
40984,51129,2023-08-24,0,0,9999
40986,51133,2025-07-19,0,0,9999
40990,51136,2019-12-22,0,0,9999
41003,51153,2025-10-19,0,0,9999
41006,51156,2022-09-10,0,0,9999
41022,51179,2022-03-20,0,0,9999
41029,51191,2025-08-02,0,0,9999
41040,51202,2021-04-18,0,0,9999
41043,51205,2024-03-31,0,0,9999
41054,51219,2022-03-17,0,1,192
41054,51220,2021-09-06,0,0,9999
41056,51223,2022-06-06,0,0,9999
41056,51224,2023-06-12,0,1,371
41056,51225,2023-11-20,0,2,161
41059,51230,2025-08-29,0,0,9999
41065,51237,2025-01-24,0,0,9999
41067,51238,2025-10-23,0,0,9999
41069,51240,2025-11-25,0,0,9999
41077,51248,2023-06-17,0,0,9999
41103,51288,2022-10-20,0,0,9999
41104,51292,2022-04-29,0,0,9999
41105,51295,2021-08-09,0,0,9999
41110,51299,2026-01-13,0,0,9999
41114,51303,2021-10-07,0,0,9999
41118,51308,2023-03-01,0,0,9999
41123,51313,2024-01-25,0,0,9999
41160,51362,2024-03-01,0,0,9999
41163,51365,2025-09-10,0,0,9999
41171,51376,2024-01-26,0,1,1552
41171,51377,2019-10-27,0,0,9999
41173,51383,2026-01-03,0,0,9999
41175,51387,2026-01-30,0,0,9999
41175,51388,2026-01-30,0,0,9999
41190,51411,2023-05-09,0,0,9999
41197,51419,2025-01-24,0,0,9999
41198,51420,2026-01-25,0,0,9999
41201,51426,2023-07-23,0,0,9999
41219,51441,2021-03-30,0,0,9999
41226,51447,2023-06-21,0,0,9999
41245,51464,2025-06-08,0,0,9999
41246,51467,2024-03-20,0,0,9999
41252,51473,2023-04-27,0,0,9999
41258,51478,2020-11-04,0,0,9999
41268,51486,2025-09-14,0,0,9999
41274,51498,2024-10-28,0,0,9999
41283,51509,2026-01-28,0,0,9999
41287,51514,2022-07-05,0,0,9999
41287,51515,2026-01-13,0,1,1288
41291,51523,2025-08-21,0,0,9999
41293,51525,2025-05-18,0,1,822
41293,51526,2023-02-16,0,0,9999
41295,51528,2021-02-28,0,0,9999
41297,51532,2026-01-25,0,0,9999
41303,51540,2025-05-06,0,0,9999
41305,51543,2021-03-22,0,0,9999
41307,51546,2025-12-11,0,0,9999
41312,51551,2025-08-21,0,0,9999
41326,51573,2021-01-04,0,0,9999
41330,51578,2023-02-05,0,0,9999
41331,51580,2025-02-15,0,0,9999
41338,51586,2025-07-14,0,0,9999
41338,51589,2026-01-19,0,1,189
41409,51662,2025-11-24,0,0,9999
41412,51666,2025-05-30,0,2,127
41412,51667,2025-01-23,0,1,69
41412,51668,2024-11-15,0,0,9999
41423,51686,2025-08-16,0,1,647
41423,51688,2023-11-08,0,0,9999
41424,51689,2024-06-28,0,0,9999
41434,51704,2024-11-10,0,0,9999
41452,51729,2025-12-30,0,0,9999
41470,51746,2025-12-19,0,0,9999
41474,51755,2023-11-22,0,0,9999
41475,51757,2025-12-16,0,0,9999
41476,51758,2026-01-27,0,2,507
41476,51759,2024-09-07,0,1,231
41476,51760,2024-01-20,0,0,9999
41482,51771,2022-01-22,0,0,9999
41484,51775,2024-08-27,0,0,9999
41490,51780,2021-06-06,0,0,9999
41506,51795,2024-02-24,0,0,9999
41514,51805,2025-12-14,0,0,9999
41522,51817,2025-12-20,0,0,9999
41526,51821,2024-07-27,0,0,9999
41535,51834,2024-12-31,0,0,9999
41549,51852,2021-04-01,0,0,9999
41549,51853,2022-07-03,0,1,458
41551,51856,2023-06-06,0,0,9999
41563,51871,2025-08-14,0,0,9999
41574,51882,2024-01-30,0,0,9999
41585,51897,2024-02-07,0,0,9999
41592,51910,2024-01-17,0,0,9999
41595,51913,2025-11-30,0,0,9999
41597,51915,2026-01-02,0,0,9999
41607,51931,2023-03-13,0,0,9999
41610,51933,2023-08-21,0,0,9999
41613,51936,2023-01-03,0,0,9999
41614,51939,2025-12-02,0,0,9999
41622,51955,2022-12-22,0,0,9999
41626,51961,2022-12-17,0,0,9999
41628,51963,2025-08-14,0,0,9999
41642,51988,2025-07-24,0,0,9999
41644,51992,2024-08-04,0,0,9999
41648,51998,2024-12-18,0,1,449
41648,51999,2023-09-26,0,0,9999
41648,52000,2025-10-30,0,2,316
41649,52002,2023-10-24,0,0,9999
41655,52010,2025-07-31,0,0,9999
41658,52013,2025-08-13,0,0,9999
41669,52030,2023-05-13,0,0,9999
41678,52044,2025-07-06,0,0,9999
41700,52074,2021-10-30,0,1,2
41700,52076,2021-10-28,1,0,9999
41703,52081,2025-10-15,0,0,9999
41705,52085,2023-05-04,0,0,9999
41708,52088,2025-02-11,0,0,9999
41708,52090,2025-09-17,0,1,218
41709,52093,2025-11-08,0,0,9999
41710,52095,2025-07-19,0,0,9999
41712,52098,2022-06-08,0,0,9999
41718,52103,2025-03-03,0,0,9999
41728,52117,2025-06-24,0,0,9999
41738,52131,2020-02-18,0,0,9999
41744,52139,2024-09-14,0,0,9999
41754,52151,2023-10-05,0,0,9999
41762,52161,2023-12-18,0,0,9999
41781,52181,2025-09-16,0,0,9999
41783,52183,2025-07-03,0,0,9999
41794,52202,2025-09-10,0,0,9999
41795,52203,2024-08-01,0,0,9999
41797,52204,2024-01-20,0,0,9999
41803,52213,2021-01-23,0,0,9999
41804,52214,2025-11-27,0,0,9999
41818,52232,2022-12-31,0,0,9999
41823,52237,2025-09-24,0,0,9999
41830,52244,2025-11-18,0,0,9999
41831,52245,2025-06-25,0,0,9999
41834,52248,2024-03-31,0,0,9999
41837,52250,2024-09-20,0,1,50
41837,52251,2024-08-01,0,0,9999
41838,52252,2026-01-28,0,0,9999
41842,52255,2025-03-15,0,0,9999
41857,52281,2023-12-08,0,0,9999
41868,52293,2025-08-29,0,0,9999
41876,52303,2025-04-05,0,0,9999
41884,52311,2024-06-29,0,0,9999
41887,52313,2021-01-04,0,0,9999
41898,52323,2025-04-05,0,0,9999
41903,52335,2021-10-04,0,0,9999
41906,52338,2021-10-03,0,0,9999
41915,52347,2025-10-13,0,0,9999
41920,52354,2025-03-17,0,0,9999
41929,52369,2024-12-05,0,0,9999
41942,52385,2021-07-21,0,0,9999
41943,52386,2021-10-01,0,0,9999
41951,52397,2022-05-01,0,0,9999
41957,52403,2020-07-04,0,0,9999
41961,52407,2025-08-02,0,0,9999
41971,52420,2024-02-10,0,0,9999
42012,52464,2020-12-16,0,0,9999
42018,52471,2026-01-04,0,0,9999
42019,52472,2022-05-18,0,0,9999
42020,52475,2026-01-29,0,0,9999
42021,52477,2024-11-15,0,0,9999
42023,52481,2023-12-01,0,0,9999
42035,52491,2021-09-22,0,0,9999
42047,52511,2023-05-02,0,0,9999
42080,52549,2024-09-22,0,0,9999
42081,52553,2022-08-28,0,0,9999
42085,52560,2025-12-03,0,0,9999
42110,52584,2025-09-15,0,0,9999
42117,52595,2025-07-03,0,1,294
42117,52596,2024-09-12,0,0,9999
42121,52600,2024-02-22,0,0,9999
42123,52601,2025-09-14,0,2,730
42123,52603,2023-09-15,0,1,391
42123,52604,2022-08-20,0,0,9999
42147,52634,2024-12-29,0,0,9999
42164,52656,2022-05-29,0,0,9999
42175,52670,2019-07-14,0,0,9999
42181,52673,2025-07-11,0,0,9999
42209,52704,2024-09-30,0,0,9999
42222,52720,2025-06-10,0,0,9999
42237,52738,2024-09-16,0,0,9999
42251,52749,2024-06-30,0,0,9999
42269,52777,2025-07-16,0,1,7
42269,52778,2025-07-09,1,0,9999
42273,52782,2022-06-17,0,0,9999
42279,52787,2024-09-22,0,0,9999
42291,52803,2024-03-14,0,0,9999
42294,52806,2020-05-20,0,0,9999
42302,52818,2021-01-12,0,0,9999
42304,52822,2021-02-01,0,0,9999
42311,52830,2022-08-08,0,0,9999
42311,52832,2025-09-09,0,1,1128
42319,52845,2022-03-09,0,0,9999
42321,52848,2023-04-27,0,0,9999
42323,52849,2025-11-09,0,0,9999
42325,52854,2023-04-01,0,0,9999
42327,52858,2024-08-16,0,0,9999
42330,52860,2025-10-19,0,0,9999
42333,52864,2025-03-30,0,0,9999
42343,52875,2025-05-22,0,0,9999
42344,52877,2022-04-30,0,0,9999
42344,52878,2022-07-20,0,1,81
42350,52886,2022-08-25,0,0,9999
42352,52891,2021-03-05,0,0,9999
42352,52893,2024-06-24,0,1,1207
42366,52908,2023-04-26,0,0,9999
42366,52909,2024-01-17,0,1,266
42368,52910,2026-01-26,0,0,9999
42369,52913,2024-08-02,0,0,9999
42372,52918,2024-04-13,0,0,9999
42380,52927,2025-03-31,0,0,9999
42404,52958,2021-08-21,0,0,9999
42408,52963,2025-09-12,0,0,9999
42410,52964,2026-01-10,0,1,589
42410,52965,2024-05-31,0,0,9999
42417,52973,2026-01-19,0,0,9999
42424,52982,2021-10-05,0,0,9999
42424,52983,2023-12-30,0,1,816
42432,52994,2022-06-13,0,0,9999
42434,52998,2025-02-27,0,0,9999
42434,52999,2025-04-09,0,1,41
42435,53001,2026-01-01,0,0,9999
42443,53017,2025-05-20,0,0,9999
42452,53028,2025-08-12,0,0,9999
42460,53034,2020-04-21,0,0,9999
42460,53035,2021-06-11,0,1,416
42470,53054,2025-09-29,0,0,9999
42481,53063,2025-05-02,0,0,9999
42486,53071,2023-09-19,0,0,9999
42487,53074,2025-01-21,0,0,9999
42497,53087,2025-09-09,0,0,9999
42502,53091,2023-07-26,0,1,298
42502,53092,2022-10-01,0,0,9999
42512,53107,2023-11-01,0,0,9999
42516,53113,2024-11-02,0,0,9999
42522,53123,2026-01-07,0,0,9999
42526,53128,2023-01-12,0,0,9999
42527,53129,2024-04-28,0,0,9999
42534,53142,2026-01-27,0,0,9999
42535,53144,2025-12-25,0,0,9999
42536,53145,2024-10-18,0,0,9999
42540,53149,2026-01-17,0,0,9999
42545,53153,2026-01-18,0,0,9999
42553,53166,2025-02-20,0,0,9999
42555,53168,2026-01-17,0,0,9999
42562,53176,2021-03-03,0,0,9999
42564,53178,2024-08-21,0,0,9999
42566,53181,2019-10-20,0,0,9999
42569,53183,2024-08-03,0,0,9999
42592,53206,2025-12-06,0,0,9999
42606,53223,2024-04-28,0,0,9999
42607,53224,2025-06-09,0,0,9999
42609,53226,2025-11-30,0,0,9999
42610,53228,2023-02-07,0,0,9999
42613,53235,2025-12-20,0,0,9999
42642,53262,2023-12-09,0,0,9999
42658,53284,2024-11-18,0,0,9999
42666,53298,2024-10-06,0,0,9999
42667,53299,2026-01-29,0,0,9999
42671,53304,2025-01-06,0,0,9999
42672,53305,2024-03-03,0,1,122
42672,53307,2023-11-02,0,0,9999
42673,53309,2025-09-26,0,1,566
42673,53310,2024-03-09,0,0,9999
42678,53315,2025-04-06,0,0,9999
42679,53316,2021-12-23,0,0,9999
42687,53326,2022-11-29,1,0,9999
42687,53327,2022-12-29,0,1,30
42687,53328,2023-01-30,0,2,32
42689,53333,2025-09-11,0,0,9999
42717,53373,2021-12-06,0,0,9999
42718,53374,2022-10-03,0,0,9999
42720,53375,2024-02-22,0,0,9999
42722,53377,2022-06-20,0,0,9999
42735,53390,2026-01-27,0,0,9999
42737,53394,2023-01-29,0,0,9999
42741,53397,2023-01-17,0,0,9999
42746,53404,2025-09-30,0,0,9999
42747,53405,2025-09-15,0,0,9999
42760,53423,2025-02-12,0,0,9999
42761,53424,2022-08-26,0,0,9999
42764,53428,2024-10-08,0,1,7
42764,53430,2024-10-01,1,0,9999
42772,53440,2021-11-11,0,0,9999
42791,53467,2024-12-18,0,0,9999
42794,53469,2025-08-20,0,0,9999
42820,53500,2026-01-05,0,0,9999
42824,53504,2025-12-09,0,0,9999
42831,53511,2023-01-16,0,1,528
42831,53512,2021-08-06,0,0,9999
42843,53528,2023-04-16,0,0,9999
42846,53531,2021-09-04,0,0,9999
42847,53533,2023-01-26,0,0,9999
42850,53536,2023-08-17,0,0,9999
42851,53539,2022-11-03,0,0,9999
42851,53540,2022-12-10,0,1,37
42854,53544,2023-04-06,0,0,9999
42856,53546,2025-10-03,0,1,395
42856,53547,2024-09-03,0,0,9999
42861,53552,2021-09-09,0,0,9999
42866,53561,2021-10-27,0,0,9999
42871,53567,2021-10-17,0,0,9999
42872,53568,2025-09-18,0,0,9999
42873,53570,2020-05-21,0,0,9999
42882,53584,2025-02-18,0,0,9999
42887,53590,2023-03-18,0,0,9999
42888,53592,2024-06-28,0,0,9999
42895,53601,2025-04-01,0,0,9999
42896,53602,2025-11-16,0,0,9999
42899,53604,2021-12-22,0,0,9999
42903,53608,2025-11-18,0,0,9999
42913,53618,2022-12-15,0,0,9999
42915,53620,2020-10-14,0,0,9999
42920,53622,2026-01-26,0,0,9999
42921,53625,2024-07-31,0,0,9999
42930,53630,2024-03-31,0,0,9999
42941,53646,2022-07-05,0,0,9999
42942,53650,2019-05-06,0,0,9999
42945,53654,2024-05-17,0,0,9999
42949,53658,2025-11-07,0,0,9999
42957,53668,2025-11-30,0,0,9999
42959,53670,2023-07-01,0,0,9999
42967,53679,2026-01-02,0,0,9999
42969,53681,2025-07-11,0,1,296
42969,53682,2024-09-18,0,0,9999
42970,53684,2025-11-11,0,0,9999
42973,53686,2026-01-30,0,0,9999
42980,53698,2023-09-19,0,0,9999
42980,53699,2024-09-16,0,1,363
42981,53701,2025-08-08,0,0,9999
42986,53708,2026-01-20,0,0,9999
42997,53721,2024-11-17,0,0,9999
43022,53747,2024-08-14,0,0,9999
43024,53750,2026-01-28,0,1,1
43024,53752,2026-01-27,1,0,9999
43032,53764,2024-03-17,0,0,9999
43040,53774,2023-08-16,0,0,9999
43043,53778,2025-09-05,0,0,9999
43058,53797,2025-09-16,0,0,9999
43073,53817,2023-09-07,0,0,9999
43080,53828,2024-08-26,0,0,9999
43084,53833,2020-01-30,0,0,9999
43086,53835,2023-04-09,0,0,9999
43087,53837,2024-04-16,0,0,9999
43088,53839,2025-05-04,0,1,104
43088,53840,2025-01-20,0,0,9999
43107,53858,2021-11-28,0,0,9999
43124,53876,2024-02-08,0,0,9999
43128,53878,2026-01-15,0,0,9999
43139,53890,2025-07-02,0,0,9999
43147,53904,2025-10-06,0,0,9999
43151,53909,2023-05-24,0,0,9999
43160,53918,2021-04-14,0,0,9999
43163,53921,2024-02-20,0,0,9999
43182,53943,2021-06-20,0,0,9999
43188,53948,2026-01-29,0,0,9999
43190,53949,2024-03-07,0,0,9999
43193,53955,2024-09-08,0,0,9999
43193,53956,2024-12-21,0,1,104
43197,53961,2024-01-28,0,0,9999
43213,53973,2025-08-27,0,0,9999
43220,53983,2025-06-18,0,0,9999
43221,53984,2024-03-31,0,0,9999
43224,53988,2025-11-01,0,0,9999
43234,54003,2021-08-21,0,0,9999
43279,54064,2025-01-19,0,0,9999
43282,54067,2025-03-20,0,0,9999
43284,54070,2025-06-28,0,0,9999
43292,54080,2025-09-26,0,0,9999
43293,54082,2024-12-07,0,0,9999
43294,54085,2025-08-18,0,0,9999
43294,54086,2026-01-12,0,1,147
43298,54089,2026-01-02,0,0,9999
43303,54097,2026-01-18,0,0,9999
43305,54101,2025-09-21,0,0,9999
43334,54140,2022-05-22,0,0,9999
43334,54141,2023-05-10,0,1,353
43335,54145,2025-04-19,0,0,9999
43337,54148,2024-11-22,0,0,9999
43337,54149,2025-03-07,0,1,105
43344,54158,2024-06-05,0,0,9999
43346,54162,2025-02-08,0,0,9999
43361,54181,2022-11-03,0,0,9999
43370,54189,2023-01-05,0,0,9999
43372,54191,2024-08-26,0,0,9999
43381,54200,2024-11-06,0,0,9999
43381,54201,2025-12-18,0,1,407
43388,54206,2025-02-17,0,0,9999
43390,54208,2024-08-23,0,0,9999
43391,54210,2025-02-24,0,0,9999
43397,54219,2022-09-29,0,0,9999
43412,54239,2026-01-27,0,0,9999
43417,54244,2025-12-12,0,0,9999
43423,54251,2025-05-22,0,0,9999
43425,54254,2026-01-19,0,0,9999
43429,54260,2024-12-27,0,0,9999
43443,54271,2024-09-24,0,0,9999
43443,54272,2025-08-26,0,2,92
43443,54274,2025-05-26,0,1,244
43448,54280,2024-07-23,0,0,9999
43450,54283,2025-08-23,0,0,9999
43457,54289,2021-08-31,0,0,9999
43460,54296,2021-06-04,0,0,9999
43463,54300,2025-10-01,0,0,9999
43467,54303,2023-07-20,0,0,9999
43468,54304,2026-01-30,0,0,9999
43471,54308,2025-12-12,0,0,9999
43475,54312,2023-02-14,0,0,9999
43476,54313,2023-05-12,0,0,9999
43484,54320,2024-12-03,0,0,9999
43488,54325,2024-10-31,0,0,9999
43495,54335,2025-03-04,0,0,9999
43497,54338,2024-06-02,0,0,9999
43499,54340,2025-11-30,0,0,9999
43500,54341,2026-01-30,0,0,9999
43500,54342,2026-01-30,0,0,9999
43501,54346,2025-10-14,0,0,9999
43503,54348,2023-10-16,0,0,9999
43516,54366,2025-03-18,0,0,9999
43518,54369,2023-07-19,0,0,9999
43530,54385,2024-10-21,0,0,9999
43533,54389,2021-12-03,0,0,9999
43536,54392,2025-07-18,0,0,9999
43540,54395,2023-07-05,0,0,9999
43541,54397,2022-06-17,0,0,9999
43550,54410,2023-04-15,0,0,9999
43555,54415,2024-09-15,0,0,9999
43560,54420,2024-05-08,0,0,9999
43568,54426,2026-01-29,0,0,9999
43583,54439,2025-07-21,0,0,9999
43609,54467,2025-05-22,0,0,9999
43612,54470,2022-12-25,0,0,9999
43612,54472,2025-04-22,0,1,849
43623,54487,2025-08-04,0,0,9999
43627,54493,2022-08-28,0,0,9999
43640,54506,2023-10-20,0,0,9999
43642,54510,2020-10-25,0,0,9999
43648,54516,2025-10-06,0,0,9999
43650,54518,2025-03-07,0,0,9999
43652,54520,2023-09-22,0,0,9999
43695,54580,2024-07-27,0,0,9999
43707,54600,2022-10-12,0,0,9999
43719,54622,2022-07-16,0,0,9999
43732,54636,2023-11-12,0,0,9999
43740,54645,2025-10-29,0,0,9999
43741,54650,2025-03-12,0,0,9999
43744,54653,2022-05-11,0,0,9999
43747,54659,2024-01-15,0,0,9999
43747,54660,2024-04-03,0,1,79
43751,54663,2026-01-16,0,1,1352
43751,54664,2022-05-05,0,0,9999
43762,54681,2025-06-03,0,0,9999
43767,54687,2022-09-11,0,0,9999
43771,54692,2025-04-27,0,0,9999
43786,54711,2025-11-01,0,0,9999
43788,54712,2025-09-27,0,0,9999
43796,54722,2021-10-08,0,0,9999
43801,54733,2025-01-01,0,0,9999
43803,54734,2025-12-01,0,0,9999
43826,54762,2024-09-07,0,0,9999
43827,54764,2023-02-02,0,0,9999
43828,54765,2025-08-26,0,0,9999
43829,54766,2025-02-22,0,0,9999
43843,54782,2025-01-03,0,0,9999
43851,54793,2025-12-07,0,0,9999
43854,54799,2019-11-20,0,0,9999
43862,54810,2025-02-26,0,0,9999
43867,54817,2024-03-02,0,0,9999
43872,54823,2025-03-07,0,0,9999
43894,54847,2025-11-04,0,1,97
43894,54849,2025-07-30,0,0,9999
43900,54855,2026-01-04,0,0,9999
43907,54862,2021-11-29,0,0,9999
43910,54870,2019-11-27,0,0,9999
43913,54873,2025-09-29,0,0,9999
43914,54875,2025-11-01,0,0,9999
43916,54877,2026-01-04,0,0,9999
43940,54909,2023-05-05,0,0,9999
43942,54911,2024-04-27,0,0,9999
43943,54912,2022-06-11,0,0,9999
43960,54935,2024-09-27,0,1,316
43960,54937,2023-11-16,0,0,9999
43980,54958,2025-05-10,0,0,9999
43999,54979,2025-06-26,0,0,9999
44009,54992,2025-08-08,0,0,9999
44016,54996,2022-02-19,0,0,9999
44016,54997,2022-07-20,0,1,151
44030,55014,2026-01-22,0,0,9999
44038,55020,2025-10-28,0,0,9999
44040,55023,2023-12-22,0,0,9999
44043,55030,2023-07-12,0,0,9999
44044,55031,2025-04-16,0,0,9999
44059,55052,2025-12-07,1,0,9999
44059,55053,2026-01-04,0,1,28
44069,55067,2024-11-25,0,0,9999
44074,55074,2024-08-12,0,0,9999
44081,55085,2022-07-09,0,0,9999
44085,55093,2026-01-30,0,0,9999
44086,55094,2025-07-27,0,0,9999
44088,55097,2022-08-25,0,0,9999
44089,55099,2020-11-30,0,0,9999
44091,55103,2024-03-24,0,1,1019
44091,55104,2021-06-09,0,0,9999
44102,55115,2023-06-19,0,0,9999
44104,55118,2025-07-19,0,0,9999
44106,55122,2023-12-30,0,0,9999
44108,55128,2026-01-21,0,0,9999
44111,55130,2025-12-19,0,0,9999
44116,55139,2024-04-15,0,0,9999
44116,55140,2026-01-13,0,1,638
44128,55160,2025-08-14,0,0,9999
44129,55161,2025-02-28,0,0,9999
44134,55165,2025-03-08,0,0,9999
44142,55174,2023-06-19,0,0,9999
44159,55190,2023-10-04,0,0,9999
44161,55196,2023-07-13,0,0,9999
44168,55203,2023-11-29,0,0,9999
44168,55204,2025-03-05,0,1,462
44178,55220,2021-07-31,0,0,9999
44179,55223,2023-05-23,0,0,9999
44187,55232,2025-10-25,0,0,9999
44199,55249,2024-12-31,0,0,9999
44209,55266,2024-07-30,0,0,9999
44214,55271,2025-05-07,0,0,9999
44216,55274,2026-01-06,0,0,9999
44217,55275,2024-07-02,0,0,9999
44221,55282,2025-05-12,0,0,9999
44223,55288,2022-09-12,0,0,9999
44226,55292,2024-07-09,0,0,9999
44228,55293,2021-11-24,0,0,9999
44245,55312,2025-11-29,0,0,9999
44246,55313,2021-03-25,0,1,183
44246,55315,2020-09-23,0,0,9999
44248,55317,2022-03-25,0,0,9999
44248,55318,2023-11-16,0,1,601
44254,55324,2023-02-24,0,0,9999
44259,55327,2025-10-09,0,0,9999
44261,55332,2022-08-19,0,0,9999
44266,55338,2025-05-13,0,1,559
44266,55339,2023-11-01,0,0,9999
44278,55350,2026-01-28,0,0,9999
44288,55361,2024-11-12,0,0,9999
44296,55371,2023-09-03,0,0,9999
44302,55382,2021-11-24,0,0,9999
44305,55386,2025-03-31,0,0,9999
44324,55407,2024-05-27,0,0,9999
44325,55408,2025-07-23,0,0,9999
44327,55410,2026-01-24,0,0,9999
44329,55412,2020-01-23,0,0,9999
44339,55426,2026-01-02,0,0,9999
44345,55434,2023-06-17,0,0,9999
44347,55440,2024-05-31,0,0,9999
44357,55455,2023-04-08,0,0,9999
44370,55463,2025-06-21,0,0,9999
44372,55468,2021-03-06,0,0,9999
44374,55470,2024-12-12,0,0,9999
44375,55472,2023-11-06,0,0,9999
44387,55488,2024-06-21,0,0,9999
44387,55489,2024-09-19,0,1,90
44394,55495,2023-09-01,0,0,9999
44402,55503,2024-05-03,0,0,9999
44412,55514,2025-12-23,0,0,9999
44413,55515,2025-02-11,0,0,9999
44436,55538,2023-02-18,0,0,9999
44448,55555,2024-10-10,0,1,426
44448,55556,2023-08-11,0,0,9999
44464,55571,2020-06-14,0,0,9999
44472,55577,2026-01-24,0,1,99
44472,55578,2025-10-17,0,0,9999
44483,55592,2023-03-12,0,0,9999
44483,55593,2024-10-28,0,1,596
44485,55596,2023-07-27,0,0,9999
44489,55601,2023-03-03,0,0,9999
44493,55605,2022-10-28,0,0,9999
44496,55608,2024-07-21,0,1,122
44496,55609,2024-03-21,0,0,9999
44521,55636,2024-06-28,0,0,9999
44521,55637,2025-05-15,0,1,321
44522,55639,2025-08-06,0,0,9999
44552,55674,2023-08-04,0,0,9999
44554,55675,2023-01-13,0,0,9999
44564,55685,2025-03-17,0,0,9999
44573,55699,2024-11-26,0,0,9999
44578,55701,2025-06-07,0,0,9999
44587,55710,2020-04-05,0,0,9999
44590,55713,2024-11-27,0,0,9999
44599,55727,2024-06-26,0,0,9999
44604,55730,2025-11-13,0,0,9999
44607,55733,2022-04-13,0,0,9999
44609,55735,2025-10-15,0,0,9999
44617,55747,2020-10-28,0,0,9999
44620,55750,2025-10-11,0,0,9999
44624,55757,2021-12-29,0,0,9999
44631,55767,2024-05-15,0,0,9999
44640,55778,2025-06-07,0,0,9999
44643,55780,2024-12-24,0,1,430
44643,55782,2023-10-21,0,0,9999
44645,55784,2022-11-24,0,0,9999
44653,55792,2021-04-18,0,0,9999
44665,55802,2024-08-07,0,0,9999
44671,55809,2024-09-14,0,0,9999
44716,55866,2023-07-03,0,0,9999
44736,55896,2024-08-12,0,0,9999
44742,55902,2025-11-27,0,0,9999
44747,55909,2025-10-20,0,0,9999
44752,55913,2023-07-26,0,0,9999
44758,55919,2021-02-14,0,0,9999
44759,55920,2024-01-14,0,0,9999
44788,55956,2025-03-28,0,0,9999
44789,55958,2023-12-11,0,0,9999
44793,55961,2022-07-14,0,0,9999
44793,55963,2023-07-03,0,1,354
44800,55972,2025-03-26,0,0,9999
44803,55975,2021-03-21,0,0,9999
44811,55989,2025-04-17,0,0,9999
44834,56018,2025-02-23,0,0,9999
44835,56020,2024-12-01,0,0,9999
44837,56022,2025-06-02,0,0,9999
44850,56033,2024-12-21,0,0,9999
44862,56053,2025-05-22,0,0,9999
44865,56056,2025-12-24,0,0,9999
44868,56058,2025-07-02,0,0,9999
44872,56064,2025-04-09,0,0,9999
44874,56065,2025-06-04,0,0,9999
44875,56067,2023-09-02,0,0,9999
44901,56095,2025-12-30,0,0,9999
44906,56102,2025-07-13,0,0,9999
44907,56103,2022-05-01,0,0,9999
44920,56121,2025-04-23,0,0,9999
44920,56123,2025-08-28,0,1,127
44923,56131,2025-12-14,0,0,9999
44926,56136,2024-10-07,0,0,9999
44927,56137,2025-12-16,0,0,9999
44939,56148,2022-11-20,0,0,9999
44942,56153,2025-06-21,0,0,9999
44943,56154,2025-10-28,0,0,9999
44947,56157,2025-10-30,0,1,650
44947,56158,2024-01-19,0,0,9999
44950,56162,2025-05-19,0,0,9999
44950,56163,2025-10-19,0,1,153
44951,56165,2022-01-31,0,0,9999
44956,56170,2025-07-14,0,0,9999
44962,56177,2025-05-28,0,0,9999
44973,56185,2024-11-13,0,0,9999
44984,56208,2022-09-15,0,0,9999
44985,56209,2021-02-07,0,0,9999
45004,56234,2022-10-10,0,0,9999
45016,56246,2025-12-12,0,1,93
45016,56247,2025-09-10,0,0,9999
45019,56253,2022-08-02,0,0,9999
45019,56254,2025-06-19,0,1,1052
45021,56259,2023-11-05,0,0,9999
45023,56261,2022-06-03,0,0,9999
45041,56287,2024-04-02,0,0,9999
45042,56291,2024-02-28,0,0,9999
45051,56296,2025-09-17,0,0,9999
45053,56299,2019-09-06,0,0,9999
45061,56313,2026-01-30,0,0,9999
45066,56315,2024-05-24,0,0,9999
45074,56328,2024-07-08,0,0,9999
45081,56339,2025-08-18,0,0,9999
45086,56343,2025-06-27,0,0,9999
45087,56344,2025-10-10,0,0,9999
45091,56353,2026-01-09,0,0,9999
45098,56361,2025-10-26,0,0,9999
45101,56363,2023-02-02,0,0,9999
45110,56372,2025-01-17,0,0,9999
45117,56381,2025-08-05,0,0,9999
45119,56382,2022-07-31,0,0,9999
45127,56389,2022-06-16,0,0,9999
45128,56394,2021-05-21,0,0,9999
45130,56396,2025-03-20,0,0,9999
45135,56401,2025-10-22,0,0,9999
45138,56407,2019-11-09,0,0,9999
45144,56411,2025-12-13,0,1,142
45144,56412,2025-07-24,0,0,9999
45148,56417,2023-09-24,0,0,9999
45153,56423,2024-04-10,0,0,9999
45156,56427,2025-09-13,0,0,9999
45157,56428,2025-10-27,0,0,9999
45175,56450,2024-06-09,0,0,9999
45178,56452,2025-10-04,0,0,9999
45218,56496,2025-04-01,0,0,9999
45220,56497,2021-09-13,0,0,9999
45223,56500,2023-12-31,0,0,9999
45229,56506,2025-02-12,0,1,710
45229,56508,2023-03-05,0,0,9999
45239,56519,2024-10-13,0,0,9999
45243,56523,2025-08-20,0,0,9999
45245,56526,2019-06-02,0,0,9999
45250,56533,2024-10-13,0,0,9999
45252,56535,2023-06-04,0,0,9999
45257,56543,2026-01-17,0,0,9999
45268,56552,2025-02-23,0,0,9999
45279,56569,2023-05-28,0,0,9999
45281,56571,2025-11-06,0,0,9999
45283,56575,2025-10-06,0,0,9999
45284,56577,2025-11-14,0,0,9999
45288,56580,2024-05-01,0,2,17
45288,56581,2024-04-14,1,1,259
45288,56582,2023-07-30,0,0,9999
45299,56595,2024-09-08,0,0,9999
45304,56601,2025-06-21,0,0,9999
45306,56604,2021-03-08,0,0,9999
45312,56613,2026-01-29,0,0,9999
45320,56621,2026-01-30,0,0,9999
45331,56633,2025-12-06,0,0,9999
45334,56637,2026-01-29,0,0,9999
45338,56641,2024-03-02,0,0,9999
45356,56663,2025-12-19,0,0,9999
45367,56676,2025-12-04,0,0,9999
45370,56683,2025-11-01,0,0,9999
45371,56684,2023-10-01,0,0,9999
45376,56689,2024-04-17,0,0,9999
45387,56694,2024-09-25,0,0,9999
45393,56702,2022-10-11,0,0,9999
45408,56717,2021-08-28,0,0,9999
45409,56718,2023-02-12,0,0,9999
45412,56724,2024-06-25,0,0,9999
45417,56726,2019-12-28,0,0,9999
45420,56727,2025-04-28,0,1,72
45420,56728,2025-02-15,0,0,9999
45421,56729,2024-11-20,0,0,9999
45424,56733,2023-07-09,0,0,9999
45431,56741,2025-09-12,0,0,9999
45447,56761,2025-06-10,0,0,9999
45455,56772,2024-04-15,0,0,9999
45460,56778,2022-10-19,0,0,9999
45472,56802,2025-05-29,0,0,9999
45476,56814,2025-01-22,0,0,9999
45483,56820,2025-09-17,0,0,9999
45498,56834,2022-02-16,0,0,9999
45504,56841,2022-03-31,0,0,9999
45505,56842,2022-12-15,0,0,9999
45515,56860,2026-01-28,0,0,9999
45521,56869,2023-12-30,0,0,9999
45525,56875,2023-08-19,0,0,9999
45533,56888,2020-02-05,0,0,9999
45536,56893,2025-11-17,0,0,9999
45539,56897,2024-06-24,0,0,9999
45545,56902,2022-10-06,0,0,9999
45545,56903,2025-09-22,0,1,1082
45553,56911,2025-09-17,0,0,9999
45558,56919,2024-07-14,0,0,9999
45570,56931,2025-02-28,0,0,9999
45576,56944,2020-07-11,0,0,9999
45577,56945,2023-12-27,0,0,9999
45594,56964,2022-08-06,0,0,9999
45595,56966,2025-06-30,0,0,9999
45602,56975,2023-04-02,0,0,9999
45619,57001,2025-07-29,0,0,9999
45625,57005,2025-03-02,0,0,9999
45627,57006,2026-01-25,0,1,3
45627,57007,2026-01-22,1,0,9999
45632,57015,2025-06-01,0,0,9999
45633,57016,2023-07-22,0,0,9999
45643,57024,2020-12-11,0,0,9999
45644,57027,2025-09-16,0,0,9999
45647,57032,2025-04-01,0,0,9999
45650,57036,2025-07-27,0,0,9999
45680,57069,2023-10-13,0,0,9999
45688,57075,2024-08-17,0,0,9999
45691,57080,2020-08-04,0,0,9999
45703,57094,2024-08-04,0,0,9999
45706,57097,2023-04-19,0,0,9999
45709,57100,2023-11-04,0,0,9999
45711,57104,2025-12-22,0,0,9999
45714,57106,2023-07-06,0,0,9999
45717,57111,2025-10-26,0,0,9999
45723,57115,2022-08-30,0,0,9999
45723,57116,2024-07-29,0,1,699
45723,57117,2024-09-06,0,2,39
45724,57119,2025-03-03,0,0,9999
45728,57122,2025-03-23,0,0,9999
45730,57124,2022-03-19,0,0,9999
45735,57130,2024-05-14,0,0,9999
45752,57153,2024-09-01,0,0,9999
45769,57175,2023-03-07,0,0,9999
45774,57180,2023-03-30,0,0,9999
45777,57183,2021-05-02,0,0,9999
45778,57185,2024-03-31,0,0,9999
45783,57189,2022-01-28,0,0,9999
45796,57200,2023-11-21,0,0,9999
45802,57207,2025-10-22,0,0,9999
45821,57228,2025-03-04,0,0,9999
45840,57252,2026-01-03,0,0,9999
45844,57256,2025-07-28,0,1,531
45844,57257,2024-02-13,0,0,9999
45849,57265,2023-11-29,0,0,9999
45857,57275,2025-04-16,0,0,9999
45858,57276,2024-09-17,0,0,9999
45866,57287,2024-06-14,0,0,9999
45873,57293,2023-03-04,0,1,285
45873,57294,2022-05-23,0,0,9999
45882,57301,2025-07-14,0,0,9999
45883,57304,2023-11-28,0,0,9999
45887,57307,2021-05-03,0,0,9999
45900,57320,2022-02-27,0,0,9999
45905,57324,2025-06-15,0,0,9999
45925,57360,2025-09-27,0,0,9999
45926,57363,2025-09-29,0,0,9999
45931,57370,2024-11-04,0,0,9999
45937,57378,2023-08-08,0,0,9999
45937,57379,2025-09-04,0,1,758
45941,57391,2024-10-21,0,0,9999
45951,57407,2023-12-13,0,0,9999
45967,57435,2022-08-21,0,0,9999
45976,57443,2022-08-15,0,0,9999
45981,57449,2024-03-20,0,0,9999
45997,57473,2026-01-30,0,0,9999
45998,57477,2024-02-12,0,0,9999
46000,57482,2024-07-07,0,0,9999
46002,57484,2020-08-10,0,0,9999
46004,57487,2025-07-01,0,0,9999
46008,57490,2025-01-26,0,0,9999
46012,57492,2026-01-24,0,0,9999
46013,57494,2025-08-22,0,0,9999
46016,57497,2026-01-11,0,0,9999
46017,57498,2025-07-03,0,0,9999
46034,57514,2024-06-22,0,0,9999
46035,57516,2025-06-11,0,0,9999
46045,57532,2025-03-28,0,0,9999
46074,57564,2021-10-02,0,0,9999
46091,57581,2022-02-25,0,0,9999
46093,57583,2025-03-01,0,0,9999
46107,57601,2019-11-30,0,0,9999
46111,57604,2021-09-08,0,0,9999
46112,57605,2024-12-29,0,0,9999
46114,57608,2024-08-09,0,0,9999
46118,57616,2023-07-03,0,0,9999
46119,57620,2022-09-02,0,0,9999
46127,57633,2026-01-29,0,0,9999
46130,57637,2023-01-12,0,0,9999
46136,57640,2022-05-03,0,0,9999
46139,57644,2025-03-28,0,0,9999
46139,57645,2025-08-05,0,1,130
46145,57650,2025-06-27,0,0,9999
46170,57684,2025-09-16,0,0,9999
46181,57697,2024-04-08,0,0,9999
46184,57701,2025-11-30,0,0,9999
46192,57714,2023-11-12,1,0,9999
46192,57715,2023-11-20,0,1,8
46192,57717,2024-01-13,0,2,54
46197,57721,2024-08-26,0,0,9999
46203,57727,2025-12-12,0,0,9999
46204,57729,2024-04-06,0,0,9999
46213,57738,2023-03-22,0,0,9999
46213,57739,2024-11-19,0,1,608
46218,57745,2023-08-25,0,0,9999
46232,57767,2023-10-09,0,0,9999
46233,57768,2021-12-24,0,0,9999
46260,57811,2026-01-06,0,0,9999
46267,57820,2026-01-30,0,0,9999
46277,57830,2025-06-07,0,1,1874
46277,57831,2020-04-20,0,0,9999
46294,57848,2019-08-07,0,0,9999
46295,57849,2025-05-02,0,0,9999
46303,57856,2025-07-29,0,0,9999
46309,57868,2026-01-29,0,0,9999
46315,57874,2023-12-29,0,0,9999
46322,57881,2024-10-26,0,0,9999
46329,57887,2020-11-23,0,0,9999
46347,57909,2025-07-30,0,0,9999
46350,57914,2025-11-21,0,0,9999
46355,57924,2024-09-11,0,0,9999
46356,57925,2025-03-25,0,0,9999
46371,57941,2025-06-27,0,1,26
46371,57942,2025-06-01,1,0,9999
46395,57974,2024-06-05,0,1,352
46395,57975,2023-06-19,0,0,9999
46407,57986,2022-11-17,0,0,9999
46409,57990,2021-03-03,0,0,9999
46414,57996,2025-08-23,0,0,9999
46418,58006,2024-03-22,0,0,9999
46418,58007,2025-07-12,0,1,477
46423,58011,2024-01-14,0,0,9999
46425,58015,2025-01-08,0,0,9999
46431,58023,2025-01-06,0,0,9999
46446,58041,2025-01-19,0,0,9999
46447,58042,2024-05-15,0,0,9999
46447,58043,2025-10-01,0,1,504
46454,58052,2024-09-07,0,0,9999
46475,58074,2025-10-02,0,1,961
46475,58075,2023-02-14,0,0,9999
46486,58090,2023-05-12,0,0,9999
46491,58093,2024-04-09,0,0,9999
46498,58102,2025-03-04,0,0,9999
46515,58126,2025-06-16,0,0,9999
46521,58130,2025-04-17,0,0,9999
46527,58134,2021-11-24,0,0,9999
46532,58142,2023-01-07,0,0,9999
46551,58163,2023-11-03,0,0,9999
46553,58165,2026-01-30,0,0,9999
46560,58173,2026-01-30,0,0,9999
46581,58200,2025-11-16,0,0,9999
46582,58202,2025-11-09,0,0,9999
46583,58205,2025-04-29,0,0,9999
46592,58216,2021-10-12,0,0,9999
46597,58224,2024-12-10,0,1,164
46597,58225,2024-06-29,0,0,9999
46607,58239,2021-12-02,0,0,9999
46613,58244,2021-12-16,0,0,9999
46614,58248,2022-01-02,0,0,9999
46615,58249,2025-09-21,0,0,9999
46617,58253,2024-12-28,0,1,243
46617,58254,2024-04-29,0,0,9999
46620,58258,2022-12-12,0,0,9999
46627,58266,2025-05-26,0,0,9999
46631,58271,2024-02-18,0,1,1211
46631,58272,2020-10-25,0,0,9999
46638,58283,2023-05-16,0,0,9999
46642,58288,2024-10-21,0,0,9999
46668,58315,2026-01-14,0,0,9999
46670,58319,2021-03-28,0,0,9999
46673,58322,2025-11-14,0,0,9999
46678,58329,2025-08-10,0,1,210
46678,58330,2025-01-12,0,0,9999
46682,58337,2024-06-23,0,0,9999
46682,58338,2024-07-28,0,1,35
46691,58347,2025-03-05,0,0,9999
46699,58354,2024-08-11,0,0,9999
46702,58360,2025-10-19,0,0,9999
46708,58368,2024-10-10,0,0,9999
46710,58370,2024-06-26,0,0,9999
46712,58372,2025-08-10,0,0,9999
46713,58374,2025-11-11,0,0,9999
46725,58394,2025-01-26,0,0,9999
46746,58414,2026-01-24,0,0,9999
46750,58417,2021-12-19,0,0,9999
46758,58428,2024-12-08,0,0,9999
46761,58433,2025-01-29,0,0,9999
46771,58442,2024-04-07,0,0,9999
46781,58454,2025-08-17,0,0,9999
46786,58462,2026-01-15,0,0,9999
46799,58474,2026-01-03,0,1,61
46799,58476,2025-11-03,0,0,9999
46801,58477,2023-03-01,0,0,9999
46822,58500,2024-07-03,0,0,9999
46824,58502,2025-03-29,0,0,9999
46829,58510,2025-09-17,0,0,9999
46829,58511,2026-01-21,0,1,126
46830,58512,2025-09-30,0,0,9999
46831,58514,2026-01-20,0,0,9999
46843,58524,2025-03-23,0,0,9999
46848,58530,2023-09-20,0,0,9999
46852,58535,2021-11-12,0,0,9999
46855,58536,2024-07-12,0,0,9999
46860,58544,2025-05-01,0,0,9999
46861,58547,2026-01-07,0,0,9999
46865,58551,2022-12-20,0,0,9999
46870,58564,2022-11-10,0,0,9999
46889,58587,2021-07-15,0,0,9999
46896,58595,2025-06-06,0,0,9999
46899,58598,2025-06-23,0,0,9999
46912,58606,2019-09-19,0,0,9999
46913,58607,2025-09-28,0,0,9999
46914,58608,2020-06-06,0,0,9999
46915,58609,2023-02-06,0,1,210
46915,58610,2022-07-11,0,0,9999
46916,58611,2025-11-13,0,0,9999
46921,58616,2026-01-28,0,1,14
46921,58617,2026-01-14,1,0,9999
46924,58619,2025-12-29,0,0,9999
46932,58627,2023-08-27,0,1,1202
46932,58629,2020-05-12,0,0,9999
46935,58633,2025-06-10,0,0,9999
46937,58634,2023-04-28,0,0,9999
46944,58640,2023-10-13,0,0,9999
46952,58647,2021-03-23,0,0,9999
46953,58648,2024-08-21,0,0,9999
46955,58654,2024-12-12,0,0,9999
46962,58661,2021-08-29,0,0,9999
46964,58663,2021-08-25,0,0,9999
46967,58664,2025-06-22,0,0,9999
46970,58673,2024-02-24,0,0,9999
46972,58675,2025-03-12,0,1,807
46972,58676,2022-12-26,0,0,9999
46975,58680,2024-05-10,0,0,9999
46978,58685,2023-07-26,0,0,9999
46979,58688,2020-07-29,0,0,9999
46979,58690,2024-12-12,0,1,1597
46980,58691,2025-11-13,0,0,9999
46991,58704,2025-04-25,0,0,9999
47001,58714,2025-08-27,0,0,9999
47008,58725,2026-01-26,0,0,9999
47009,58726,2023-12-30,0,0,9999
47022,58738,2024-11-05,0,0,9999
47026,58743,2022-12-13,0,0,9999
47028,58745,2026-01-21,0,0,9999
47033,58751,2024-08-04,0,0,9999
47042,58759,2025-09-15,0,0,9999
47048,58769,2024-10-01,0,0,9999
47050,58775,2025-10-20,0,0,9999
47067,58790,2025-04-29,0,0,9999
47073,58801,2025-04-18,0,0,9999
47078,58809,2023-07-18,0,0,9999
47078,58810,2024-02-01,0,1,198
47086,58823,2025-10-05,0,0,9999
47094,58840,2022-11-22,0,0,9999
47103,58852,2025-07-22,0,1,1001
47103,58853,2022-10-25,0,0,9999
47117,58865,2025-08-07,0,0,9999
47143,58891,2024-05-19,0,0,9999
47157,58902,2023-07-18,0,0,9999
47160,58905,2025-06-12,0,0,9999
47161,58908,2024-11-01,0,0,9999
47169,58919,2020-10-19,0,0,9999
47175,58928,2024-07-02,0,0,9999
47189,58944,2021-07-08,0,0,9999
47201,58960,2025-06-13,0,0,9999
47203,58963,2025-09-29,0,0,9999
47225,58990,2024-04-21,0,0,9999
47247,59022,2020-03-22,0,0,9999
47257,59044,2025-05-08,0,0,9999
47263,59052,2022-04-27,0,0,9999
47265,59055,2025-12-11,0,0,9999
47279,59071,2025-08-25,0,0,9999
47280,59074,2023-04-09,0,0,9999
47285,59079,2026-01-28,0,0,9999
47300,59102,2024-12-23,0,0,9999
47301,59103,2020-08-06,0,0,9999
47301,59104,2024-01-05,0,1,1247
47311,59116,2026-01-06,0,0,9999
47316,59121,2022-09-21,0,0,9999
47328,59133,2021-04-18,0,0,9999
47337,59148,2023-04-09,0,1,473
47337,59149,2021-12-22,0,0,9999
47347,59163,2025-09-22,0,0,9999
47349,59165,2022-04-23,0,0,9999
47350,59166,2023-01-01,0,0,9999
47355,59174,2025-12-30,0,0,9999
47371,59187,2025-07-14,0,0,9999
47372,59191,2022-04-14,0,0,9999
47388,59214,2024-02-15,0,0,9999
47398,59227,2025-03-16,0,0,9999
47409,59242,2025-01-07,0,0,9999
47412,59244,2025-12-27,0,0,9999
47413,59245,2019-07-12,0,0,9999
47413,59246,2026-01-30,0,2,106
47413,59248,2025-10-16,0,1,2288
47421,59260,2026-01-07,0,0,9999
47425,59266,2024-06-01,0,0,9999
47431,59274,2024-03-05,0,0,9999
47461,59306,2024-08-06,0,0,9999
47464,59311,2025-06-19,0,0,9999
47480,59330,2025-04-12,0,0,9999
47482,59332,2021-10-27,0,0,9999
47485,59340,2022-06-30,0,0,9999
47494,59353,2022-11-15,0,0,9999
47505,59368,2026-01-30,0,0,9999
47544,59413,2025-11-28,0,0,9999
47545,59417,2025-05-27,0,0,9999
47556,59429,2025-02-19,0,1,779
47556,59430,2023-01-02,0,0,9999
47557,59433,2022-10-05,0,0,9999
47573,59451,2025-09-16,0,0,9999
47581,59460,2021-04-01,0,0,9999
47591,59470,2023-01-07,0,0,9999
47593,59472,2021-08-30,0,0,9999
47595,59477,2025-05-31,0,0,9999
47599,59486,2023-01-25,0,0,9999
47602,59490,2025-02-11,0,0,9999
47604,59492,2024-04-13,0,0,9999
47611,59509,2026-01-26,0,0,9999
47613,59511,2026-01-30,0,0,9999
47623,59521,2025-01-10,0,0,9999
47624,59523,2023-03-06,0,0,9999
47626,59525,2022-05-06,0,0,9999
47633,59533,2025-12-18,0,0,9999
47647,59552,2025-12-05,0,0,9999
47650,59556,2025-05-28,0,0,9999
47651,59559,2025-03-03,0,0,9999
47654,59562,2025-07-27,0,0,9999
47654,59563,2025-10-15,0,1,80
47658,59564,2023-07-27,0,0,9999
47660,59566,2023-09-22,0,0,9999
47662,59570,2025-10-07,0,0,9999
47667,59579,2020-04-04,0,0,9999
47670,59584,2025-10-18,0,0,9999
47673,59587,2025-12-11,0,0,9999
47682,59594,2023-02-23,0,0,9999
47693,59606,2025-03-06,0,0,9999
47708,59619,2022-09-01,0,0,9999
47710,59626,2025-11-27,0,0,9999
47727,59648,2025-10-05,0,0,9999
47735,59658,2024-08-30,0,0,9999
47738,59661,2023-03-24,0,0,9999
47741,59664,2025-03-23,0,0,9999
47749,59669,2024-06-01,0,0,9999
47763,59684,2025-12-22,0,0,9999
47765,59687,2023-12-28,0,0,9999
47765,59688,2025-03-06,0,1,434
47775,59706,2025-11-07,0,0,9999
47786,59717,2023-03-01,0,0,9999
47805,59738,2025-07-19,0,0,9999
47808,59739,2024-11-12,0,0,9999
47821,59762,2024-07-14,0,0,9999
47825,59765,2025-02-17,0,0,9999
47830,59769,2026-01-18,0,0,9999
47832,59772,2025-11-30,0,0,9999
47846,59784,2022-06-12,0,0,9999
47854,59795,2025-11-17,0,0,9999
47872,59816,2024-09-16,0,0,9999
47876,59822,2021-12-19,0,0,9999
47889,59839,2025-11-15,0,0,9999
47902,59854,2020-05-30,0,0,9999
47902,59855,2021-08-04,0,1,431
47906,59862,2024-03-31,0,0,9999
47931,59894,2024-10-01,0,0,9999
47934,59898,2020-05-14,0,0,9999
47934,59899,2024-05-18,0,1,1465
47938,59902,2023-04-11,0,0,9999
47939,59903,2024-07-27,0,0,9999
47944,59907,2025-07-26,0,0,9999
47955,59918,2025-03-10,0,0,9999
47964,59931,2024-01-12,0,0,9999
47975,59947,2026-01-08,0,0,9999
47992,59970,2022-11-27,0,0,9999
47999,59980,2019-04-07,0,0,9999
48002,59985,2025-10-14,0,0,9999
48007,59993,2025-10-11,0,0,9999
48025,60008,2024-06-09,0,0,9999
48055,60044,2021-09-16,0,0,9999
48061,60050,2023-03-16,0,0,9999
48068,60058,2023-07-28,0,0,9999
48068,60059,2024-03-07,0,1,223
48081,60077,2021-09-12,0,0,9999
48084,60080,2024-07-18,0,0,9999
48090,60086,2024-10-10,0,0,9999
48101,60101,2026-01-29,0,0,9999
48108,60110,2025-05-29,0,0,9999
48109,60111,2025-11-04,0,0,9999
48112,60116,2023-07-23,0,0,9999
48147,60159,2025-12-31,0,1,153
48147,60160,2025-07-31,0,0,9999
48168,60182,2023-12-29,0,0,9999
48185,60198,2021-07-12,0,0,9999
48185,60199,2022-03-14,0,1,245
48191,60212,2021-10-29,0,0,9999
48211,60232,2023-11-23,0,0,9999
48212,60234,2025-09-30,0,0,9999
48235,60255,2022-02-02,0,0,9999
48242,60266,2024-01-13,0,2,85
48242,60267,2021-10-14,0,0,9999
48242,60269,2023-10-20,0,1,736
48247,60277,2022-07-16,0,0,9999
48259,60294,2025-01-27,0,0,9999
48264,60305,2025-10-27,0,0,9999
48272,60312,2021-01-30,0,1,361
48272,60313,2020-02-04,0,0,9999
48274,60315,2020-05-20,0,0,9999
48278,60319,2026-01-06,0,0,9999
48283,60323,2025-06-06,0,0,9999
48287,60326,2025-11-14,0,0,9999
48290,60331,2026-01-06,0,0,9999
48306,60347,2025-05-17,0,0,9999
48307,60348,2024-08-17,0,0,9999
48307,60349,2025-03-13,0,1,208
48308,60352,2021-07-10,0,0,9999
48309,60353,2025-09-04,0,0,9999
48322,60361,2022-03-15,0,0,9999
48329,60376,2025-10-14,0,0,9999
48334,60383,2024-12-13,0,0,9999
48336,60384,2025-09-06,0,0,9999
48338,60386,2024-11-21,0,0,9999
48345,60393,2023-03-11,0,0,9999
48345,60394,2024-12-26,0,2,486
48345,60395,2023-08-28,0,1,170
48346,60396,2025-06-25,0,1,86
48346,60397,2025-03-31,0,0,9999
48347,60398,2025-01-13,0,0,9999
48354,60405,2024-08-21,0,0,9999
48368,60414,2023-09-14,0,0,9999
48369,60416,2022-10-14,0,0,9999
48380,60431,2023-01-22,0,0,9999
48380,60432,2023-09-30,0,1,251
48398,60455,2025-06-02,0,0,9999
48399,60456,2023-11-17,0,0,9999
48405,60463,2024-12-18,0,0,9999
48410,60467,2024-10-11,0,0,9999
48411,60469,2026-01-24,0,0,9999
48428,60490,2025-12-11,0,0,9999
48430,60491,2025-12-12,0,0,9999
48432,60496,2024-04-11,0,0,9999
48432,60497,2025-09-24,0,1,531
48437,60501,2024-12-06,0,0,9999
48445,60511,2026-01-20,0,0,9999
48446,60512,2025-06-26,0,0,9999
48448,60517,2025-07-18,0,0,9999
48451,60520,2025-08-08,0,0,9999
48452,60522,2025-07-21,0,0,9999
48456,60528,2025-06-20,0,0,9999
48458,60530,2025-07-08,0,0,9999
48458,60531,2025-10-30,0,1,114
48466,60538,2023-05-17,0,0,9999
48488,60564,2022-06-24,0,0,9999
48492,60572,2026-01-14,0,0,9999
48494,60577,2023-10-02,0,0,9999
48495,60578,2023-05-09,0,0,9999
48501,60585,2021-10-31,0,0,9999
48526,60622,2024-12-04,0,0,9999
48543,60635,2024-11-26,0,0,9999
48570,60666,2025-03-09,0,0,9999
48579,60676,2026-01-03,0,0,9999
48585,60683,2023-06-11,0,0,9999
48585,60684,2024-12-11,0,1,549
48595,60692,2022-12-27,0,0,9999
48608,60708,2025-11-12,0,0,9999
48610,60711,2023-05-28,0,0,9999
48610,60714,2023-07-06,0,1,39
48624,60726,2022-04-28,0,0,9999
48625,60728,2020-01-13,0,0,9999
48633,60744,2025-04-04,0,0,9999
48638,60751,2022-10-16,0,0,9999
48640,60756,2025-07-25,0,0,9999
48641,60757,2026-01-29,0,0,9999
48645,60766,2025-11-08,0,0,9999
48647,60771,2023-11-17,0,0,9999
48654,60783,2024-10-04,0,0,9999
48664,60795,2024-09-29,0,0,9999
48671,60802,2024-08-18,0,0,9999
48672,60803,2026-01-25,0,0,9999
48678,60810,2024-06-03,0,0,9999
48682,60815,2024-06-24,0,0,9999
48683,60816,2024-06-27,0,0,9999
48688,60823,2026-01-26,0,0,9999
48689,60825,2025-06-19,0,0,9999
48691,60827,2025-10-02,0,0,9999
48726,60863,2022-05-23,0,0,9999
48727,60866,2022-05-10,0,0,9999
48735,60875,2025-10-05,0,0,9999
48737,60876,2023-01-14,0,0,9999
48761,60899,2025-03-31,0,0,9999
48766,60905,2025-04-30,0,1,260
48766,60907,2024-08-13,0,0,9999
48769,60912,2023-07-14,0,0,9999
48777,60918,2025-05-05,0,0,9999
48780,60924,2025-11-13,0,0,9999
48785,60928,2026-01-05,0,0,9999
48792,60938,2023-11-12,0,0,9999
48794,60940,2025-08-10,0,0,9999
48797,60944,2026-01-28,0,0,9999
48801,60949,2023-01-29,0,0,9999
48802,60950,2024-12-11,0,2,291
48802,60952,2023-05-13,0,0,9999
48802,60953,2024-02-24,0,1,287
48804,60955,2022-06-19,0,0,9999
48805,60956,2025-11-29,0,0,9999
48807,60957,2025-03-17,0,0,9999
48811,60958,2025-11-04,0,0,9999
48828,60978,2024-05-02,0,0,9999
48841,61002,2023-09-28,0,0,9999
48844,61008,2022-04-29,0,0,9999
48847,61010,2023-12-09,0,0,9999
48859,61024,2022-03-09,0,1,613
48859,61025,2020-07-04,0,0,9999
48865,61034,2021-08-15,0,0,9999
48868,61038,2024-04-27,0,0,9999
48873,61045,2024-09-28,0,0,9999
48875,61050,2026-01-08,0,0,9999
48894,61074,2020-10-10,0,0,9999
48914,61103,2025-11-10,0,0,9999
48944,61143,2025-08-09,0,0,9999
48948,61151,2024-09-13,0,0,9999
48949,61153,2024-07-08,0,0,9999
48955,61160,2022-01-13,0,0,9999
48960,61168,2025-07-03,0,0,9999
48965,61172,2022-03-15,0,0,9999
48969,61180,2022-08-13,0,0,9999
48971,61182,2025-06-11,0,0,9999
48976,61187,2024-04-16,0,0,9999
48978,61188,2024-11-04,0,0,9999
48979,61191,2025-05-03,0,0,9999
48982,61202,2026-01-29,0,0,9999
48994,61224,2026-01-28,0,0,9999
48998,61227,2025-02-03,0,0,9999
49014,61250,2022-11-05,0,0,9999
49041,61275,2025-12-30,0,0,9999
49051,61285,2024-09-15,0,0,9999
49054,61290,2026-01-28,0,0,9999
49056,61292,2026-01-30,0,0,9999
49072,61303,2021-05-23,0,0,9999
49075,61309,2024-06-24,0,0,9999
49080,61313,2020-01-13,0,0,9999
49081,61315,2023-04-11,0,0,9999
49090,61328,2022-08-10,0,0,9999
49093,61334,2025-09-11,0,2,18
49093,61335,2024-07-28,0,0,9999
49093,61336,2025-08-24,1,1,392
49099,61345,2023-04-10,0,0,9999
49103,61349,2025-02-25,0,0,9999
49138,61392,2024-01-14,0,0,9999
49163,61415,2024-11-23,0,0,9999
49176,61436,2021-11-16,0,0,9999
49181,61442,2023-01-12,0,0,9999
49184,61444,2026-01-30,0,1,4
49184,61445,2026-01-26,1,0,9999
49186,61447,2025-12-28,0,0,9999
49191,61453,2025-01-27,0,0,9999
49195,61457,2024-04-17,0,0,9999
49221,61483,2024-06-17,0,0,9999
49235,61501,2022-09-18,0,0,9999
49258,61524,2023-11-20,0,0,9999
49267,61531,2021-07-03,0,0,9999
49270,61536,2025-06-27,0,0,9999
49270,61537,2026-01-18,0,1,205
49279,61549,2024-10-30,0,0,9999
49282,61551,2026-01-29,0,0,9999
49283,61552,2025-12-24,0,0,9999
49297,61567,2025-09-11,0,0,9999
49304,61579,2025-03-24,0,0,9999
49306,61582,2023-04-25,0,0,9999
49309,61586,2025-03-27,0,0,9999
49310,61588,2021-08-20,0,0,9999
49328,61609,2020-09-09,0,0,9999
49335,61616,2021-11-22,0,0,9999
49340,61622,2024-08-24,0,0,9999
49340,61623,2025-04-13,0,1,232
49355,61648,2025-06-25,0,0,9999
49365,61658,2025-10-05,0,0,9999
49368,61661,2025-02-08,0,0,9999
49368,61662,2025-11-08,0,1,273
49374,61670,2021-06-15,0,0,9999
49377,61673,2026-01-02,0,0,9999
49380,61677,2023-06-20,0,0,9999
49383,61682,2021-07-10,0,0,9999
49389,61691,2024-08-19,0,0,9999
49393,61698,2025-12-04,0,0,9999
49435,61746,2026-01-19,0,1,41
49435,61748,2025-12-09,0,0,9999
49439,61753,2025-11-26,0,0,9999
49440,61756,2023-06-08,0,0,9999
49441,61757,2026-01-10,0,1,9
49441,61758,2026-01-01,1,0,9999
49452,61770,2025-09-10,0,0,9999
49452,61772,2025-12-24,0,1,105
49455,61775,2024-10-29,0,0,9999
49472,61788,2024-10-20,0,0,9999
49477,61796,2025-09-21,0,0,9999
49480,61800,2025-07-16,1,0,9999
49480,61802,2025-07-27,0,1,11
49491,61816,2020-07-25,0,0,9999
49495,61822,2025-08-26,0,0,9999
49496,61826,2025-07-13,0,0,9999
49503,61832,2021-10-09,0,0,9999
49515,61848,2022-07-31,0,0,9999
49517,61851,2024-10-04,0,0,9999
49529,61870,2022-02-07,0,0,9999
49537,61879,2021-12-17,0,0,9999
49541,61886,2019-09-10,0,0,9999
49543,61889,2025-07-02,0,0,9999
49544,61890,2026-01-30,0,0,9999
49550,61897,2026-01-26,0,1,15
49550,61898,2026-01-11,1,0,9999
49553,61903,2024-08-19,0,0,9999
49553,61904,2025-12-07,0,1,475
49561,61911,2023-08-22,0,0,9999
49579,61933,2026-01-02,0,0,9999
49584,61938,2024-11-03,0,0,9999
49589,61943,2025-10-30,0,0,9999
49606,61956,2023-11-19,0,0,9999
49608,61959,2021-02-04,0,0,9999
49609,61960,2022-09-15,0,0,9999
49616,61965,2026-01-29,0,0,9999
49629,61980,2022-03-11,0,0,9999
49631,61982,2025-06-15,0,0,9999
49633,61983,2024-04-14,0,0,9999
49637,61991,2025-09-24,0,0,9999
49640,61995,2025-06-22,0,0,9999
49656,62012,2026-01-26,0,0,9999
49661,62019,2025-10-08,0,0,9999
49665,62026,2020-06-29,0,0,9999
49666,62027,2024-09-29,0,0,9999
49668,62031,2026-01-16,0,0,9999
49676,62039,2024-09-19,0,0,9999
49681,62044,2024-12-14,0,0,9999
49681,62046,2025-02-02,0,1,50
49686,62052,2025-12-08,0,0,9999
49699,62070,2024-05-06,0,0,9999
49700,62072,2024-11-29,0,0,9999
49702,62076,2022-03-09,0,0,9999
49709,62083,2021-06-14,0,0,9999
49710,62086,2020-02-26,0,0,9999
49717,62094,2025-08-17,0,0,9999
49730,62111,2025-08-18,0,0,9999
49734,62116,2021-03-31,0,0,9999
49743,62127,2025-10-15,0,1,1
49743,62128,2025-10-14,1,0,9999
49756,62143,2024-04-16,0,0,9999
49772,62165,2025-07-24,0,0,9999
49775,62170,2025-02-23,0,0,9999
49778,62173,2026-01-29,0,0,9999
49793,62188,2020-05-18,0,0,9999
49809,62205,2022-10-09,0,0,9999
49815,62211,2021-08-15,0,0,9999
49815,62212,2022-11-07,0,1,449
49819,62217,2023-07-21,0,0,9999
49841,62247,2023-03-09,0,0,9999
49841,62248,2025-06-27,0,1,841
49856,62267,2024-12-11,0,0,9999
49869,62279,2021-09-17,0,0,9999
49878,62291,2025-07-21,0,0,9999
49897,62314,2026-01-09,0,0,9999
49917,62336,2026-01-30,0,0,9999
49918,62337,2023-10-01,0,0,9999
49925,62346,2021-06-06,0,0,9999
49938,62366,2025-08-01,0,0,9999
49941,62373,2023-06-12,0,0,9999
49947,62381,2025-09-27,0,0,9999
49949,62382,2026-01-07,0,0,9999
49964,62401,2025-04-11,0,0,9999
49968,62407,2024-05-14,0,0,9999
49968,62408,2024-09-23,0,1,132
49975,62419,2025-07-08,0,0,9999
49993,62436,2025-03-01,0,0,9999
49999,62447,2025-01-11,0,0,9999
49999,62448,2025-11-25,0,2,107
49999,62450,2025-08-10,0,1,211
50006,62456,2024-11-15,0,0,9999
50016,62466,2024-07-02,0,0,9999
50022,62475,2022-10-25,0,0,9999
50025,62479,2025-11-07,0,0,9999
50035,62489,2023-11-07,0,1,120
50035,62490,2023-07-10,0,0,9999
50058,62514,2022-04-20,0,1,328
50058,62516,2021-05-27,0,0,9999
50076,62536,2022-12-28,0,0,9999
50082,62544,2023-07-02,0,0,9999
50091,62553,2021-08-28,0,0,9999
50103,62565,2025-11-04,0,1,57
50103,62567,2025-09-08,0,0,9999
50105,62569,2024-09-22,0,0,9999
50107,62574,2025-11-05,0,0,9999
50118,62587,2025-11-29,0,0,9999
50126,62598,2023-12-14,0,0,9999
50149,62624,2024-09-06,0,0,9999
50153,62631,2025-04-13,0,0,9999
50153,62632,2025-06-26,0,1,74
50163,62644,2026-01-26,0,0,9999
50167,62650,2025-04-06,0,0,9999
50168,62653,2024-01-21,0,0,9999
50175,62663,2025-02-14,0,0,9999
50212,62708,2024-03-06,0,0,9999
50216,62710,2025-02-21,0,0,9999
50220,62713,2023-10-31,0,0,9999
50235,62737,2023-03-04,0,0,9999
50259,62760,2024-06-30,0,0,9999
50260,62763,2022-09-15,0,0,9999
50264,62768,2023-09-11,0,0,9999
50272,62775,2023-01-27,0,0,9999
50295,62798,2023-12-03,0,0,9999
50308,62813,2025-09-07,0,0,9999
50319,62826,2025-08-24,0,0,9999
50324,62831,2023-05-11,0,0,9999
50331,62838,2025-12-09,0,0,9999
50334,62844,2025-06-01,0,0,9999
50340,62854,2025-03-20,0,0,9999
50352,62870,2026-01-21,0,0,9999
50364,62886,2022-09-24,0,0,9999
50371,62892,2025-10-18,0,0,9999
50378,62901,2022-11-02,0,0,9999
50390,62920,2023-10-30,0,0,9999
50392,62922,2020-06-29,0,0,9999
50392,62923,2020-10-11,0,1,104
50400,62929,2026-01-04,0,0,9999
50407,62938,2023-06-26,0,1,305
50407,62941,2022-08-25,0,0,9999
50410,62945,2019-09-01,0,0,9999
50412,62947,2024-05-15,0,0,9999
50422,62958,2025-08-04,0,0,9999
50426,62962,2023-07-26,0,0,9999
50467,63007,2026-01-08,0,0,9999
50469,63010,2022-06-11,0,0,9999
50478,63019,2022-05-07,0,0,9999
50491,63035,2025-04-29,0,0,9999
50492,63038,2025-11-07,0,0,9999
50504,63057,2023-07-14,0,0,9999
50514,63068,2021-10-18,0,0,9999
50522,63078,2022-09-25,0,0,9999
50532,63086,2025-04-20,0,0,9999
50533,63087,2026-01-20,0,0,9999
50537,63097,2021-09-24,1,0,9999
50537,63098,2021-09-30,0,1,6
50539,63102,2024-12-15,0,0,9999
50556,63116,2025-04-25,0,0,9999
50564,63127,2019-11-07,0,0,9999
50564,63128,2021-05-03,0,1,543
50575,63138,2025-01-21,0,0,9999
50579,63142,2026-01-07,0,0,9999
50588,63149,2025-10-05,0,0,9999
50595,63159,2020-10-10,0,0,9999
50602,63165,2025-08-30,0,0,9999
50603,63167,2024-03-28,0,0,9999
50617,63184,2025-10-17,0,0,9999
50632,63203,2024-08-12,0,0,9999
50636,63207,2021-06-17,0,0,9999
50641,63213,2023-09-03,0,0,9999
50641,63215,2024-05-07,0,1,247
50644,63218,2026-01-04,0,0,9999
50656,63235,2026-01-14,1,0,9999
50656,63236,2026-01-30,0,1,16
50687,63273,2025-08-20,0,0,9999
50703,63292,2025-11-03,0,0,9999
50704,63293,2025-01-09,0,0,9999
50718,63308,2019-11-06,0,0,9999
50746,63339,2025-09-02,0,0,9999
50776,63372,2023-10-18,0,0,9999
50776,63374,2025-01-30,0,1,470
50793,63399,2026-01-29,0,0,9999
50800,63406,2023-01-09,0,0,9999
50806,63416,2026-01-31,0,0,9999
50813,63426,2025-10-07,0,0,9999
50824,63436,2022-06-20,0,0,9999
50826,63440,2024-07-17,0,0,9999
50830,63447,2024-01-14,0,0,9999
50836,63456,2025-10-28,0,0,9999
50840,63462,2023-09-13,0,1,193
50840,63464,2023-03-04,0,0,9999
50850,63481,2025-05-24,0,0,9999
50855,63489,2019-12-22,0,0,9999
50858,63492,2022-10-15,0,0,9999
50861,63495,2025-01-13,0,0,9999
50872,63509,2025-12-14,0,0,9999
50883,63523,2023-09-13,0,1,74
50883,63525,2023-07-01,0,0,9999
50892,63533,2025-02-01,0,0,9999
50894,63535,2024-11-06,0,1,833
50894,63536,2022-07-27,0,0,9999
50899,63542,2024-05-14,0,0,9999
50900,63543,2025-02-02,0,0,9999
50907,63552,2024-05-12,0,0,9999
50911,63555,2025-09-10,0,0,9999
50916,63558,2025-04-25,0,0,9999
50921,63566,2025-10-16,0,0,9999
50922,63570,2024-08-26,0,0,9999
50923,63572,2023-12-24,0,0,9999
50926,63577,2023-06-26,0,0,9999
50927,63578,2021-09-06,0,0,9999
50943,63596,2021-11-16,0,0,9999
50944,63598,2025-09-28,0,0,9999
50975,63630,2025-12-18,0,0,9999
50976,63632,2023-07-26,0,0,9999
50992,63657,2023-11-05,0,0,9999
50994,63660,2025-10-19,0,0,9999
50997,63665,2025-07-28,0,0,9999
51000,63669,2022-01-11,0,0,9999
51001,63670,2020-08-08,0,0,9999
51001,63671,2026-01-20,0,1,1991
51002,63673,2024-07-02,0,0,9999
51031,63701,2021-01-18,0,0,9999
51047,63722,2020-09-26,0,0,9999
51049,63726,2024-10-02,0,0,9999
51060,63741,2025-05-24,0,0,9999
51061,63743,2022-10-18,0,0,9999
51066,63750,2023-01-25,0,0,9999
51067,63751,2024-08-19,0,0,9999
51073,63757,2025-09-19,0,0,9999
51084,63765,2025-12-13,0,0,9999
51089,63770,2026-01-25,0,0,9999
51103,63788,2025-09-09,0,0,9999
51109,63797,2025-06-24,0,0,9999
51110,63800,2022-09-16,0,1,258
51110,63801,2022-01-01,0,0,9999
51111,63802,2025-04-07,0,0,9999
51127,63816,2023-01-06,0,0,9999
51129,63821,2025-07-01,1,0,9999
51129,63822,2025-07-17,0,1,16
51129,63823,2025-11-24,0,2,130
51134,63831,2025-07-10,0,0,9999
51140,63840,2025-09-22,0,0,9999
51145,63850,2024-01-03,0,0,9999
51159,63862,2021-12-24,0,0,9999
51161,63867,2025-02-05,0,0,9999
51163,63869,2025-12-02,0,0,9999
51168,63877,2021-06-01,0,0,9999
51178,63891,2023-09-03,0,0,9999
51201,63918,2024-04-02,0,0,9999
51205,63922,2023-07-08,0,0,9999
51208,63926,2024-01-13,0,0,9999
51208,63928,2025-07-27,0,1,561
51209,63933,2026-01-28,0,0,9999
51218,63940,2025-03-01,0,0,9999
51222,63944,2024-03-25,0,0,9999
51235,63958,2025-11-05,0,2,1742
51235,63959,2021-01-28,0,1,5
51235,63961,2021-01-23,1,0,9999
51242,63965,2025-05-20,0,0,9999
51242,63966,2025-07-20,0,1,61
51243,63968,2023-05-22,0,0,9999
51244,63969,2022-05-31,0,0,9999
51246,63973,2020-07-20,0,0,9999
51248,63974,2020-08-15,0,0,9999
51250,63978,2026-01-25,0,0,9999
51253,63981,2022-08-10,0,0,9999
51264,63995,2024-06-26,0,0,9999
51270,64001,2024-11-26,0,0,9999
51271,64003,2021-12-30,0,0,9999
51272,64005,2025-07-25,0,0,9999
51274,64008,2025-10-20,0,0,9999
51280,64020,2023-06-07,0,0,9999
51298,64039,2025-11-16,0,0,9999
51305,64048,2024-10-07,0,0,9999
51306,64049,2025-05-12,0,0,9999
51322,64067,2023-06-28,0,0,9999
51330,64079,2025-04-12,0,0,9999
51331,64081,2024-04-11,0,0,9999
51337,64087,2025-03-03,0,0,9999
51342,64092,2026-01-08,0,0,9999
51344,64093,2023-02-18,0,0,9999
51345,64095,2026-01-15,0,0,9999
51360,64111,2025-03-03,0,0,9999
51361,64112,2022-06-25,0,0,9999
51367,64122,2024-05-12,0,0,9999
51369,64124,2025-02-23,0,0,9999
51372,64129,2025-03-04,0,0,9999
51378,64138,2024-08-21,0,0,9999
51381,64141,2022-08-26,0,0,9999
51382,64144,2025-07-29,0,0,9999
51386,64151,2024-05-08,0,0,9999
51388,64156,2026-01-25,0,0,9999
51394,64163,2025-11-10,0,0,9999
51400,64168,2022-05-28,0,0,9999
51406,64175,2022-09-24,0,0,9999
51415,64183,2025-12-03,0,0,9999
51421,64187,2025-11-28,0,0,9999
51434,64197,2023-02-08,0,0,9999
51436,64201,2026-01-08,0,0,9999
51442,64208,2024-02-12,0,0,9999
51443,64209,2025-10-02,0,3,298
51443,64210,2024-08-06,0,1,412
51443,64211,2023-06-21,0,0,9999
51443,64212,2024-12-08,0,2,124
51444,64214,2021-09-16,0,0,9999
51449,64220,2022-08-16,0,0,9999
51458,64230,2024-06-27,0,0,9999
51470,64245,2022-08-24,0,0,9999
51474,64249,2023-05-28,0,0,9999
51478,64251,2024-07-20,0,0,9999
51479,64252,2025-08-12,0,0,9999
51481,64256,2025-03-31,0,0,9999
51548,64335,2022-06-09,0,0,9999
51562,64350,2024-08-01,0,0,9999
51565,64356,2025-10-04,0,0,9999
51569,64361,2021-07-28,0,0,9999
51572,64363,2023-09-22,0,0,9999
51575,64366,2023-09-24,0,0,9999
51587,64382,2024-03-11,0,0,9999
51595,64395,2024-01-31,0,0,9999
51596,64396,2025-11-03,0,0,9999
51598,64398,2023-05-30,0,0,9999
51614,64415,2019-09-12,0,0,9999
51627,64435,2025-06-19,0,0,9999
51634,64452,2023-12-19,0,0,9999
51659,64480,2023-06-22,0,0,9999
51661,64482,2021-06-30,0,0,9999
51673,64501,2023-10-08,0,0,9999
51678,64508,2025-05-20,0,0,9999
51685,64513,2025-06-14,0,1,42
51685,64514,2025-05-03,0,0,9999
51700,64530,2026-01-30,0,0,9999
51701,64531,2022-03-25,0,0,9999
51709,64539,2024-02-13,0,0,9999
51710,64542,2022-01-13,0,0,9999
51712,64545,2026-01-27,0,0,9999
51713,64546,2025-09-09,0,0,9999
51717,64556,2025-09-16,0,0,9999
51734,64575,2025-03-08,0,0,9999
51740,64582,2025-08-25,0,0,9999
51766,64613,2023-02-19,0,0,9999
51784,64634,2025-07-04,0,0,9999
51798,64655,2022-05-16,0,0,9999
51805,64663,2024-10-07,0,0,9999
51812,64673,2025-08-15,0,0,9999
51814,64674,2025-08-16,0,0,9999
51822,64685,2025-11-17,0,0,9999
51828,64700,2025-09-22,0,0,9999
51851,64721,2024-12-06,0,0,9999
51857,64729,2024-04-06,0,0,9999
51861,64732,2020-05-11,0,0,9999
51870,64742,2023-11-22,0,0,9999
51871,64743,2023-07-23,0,0,9999
51875,64748,2024-08-20,0,1,218
51875,64749,2024-01-15,0,0,9999
51884,64755,2021-01-15,0,0,9999
51884,64756,2023-01-11,0,1,726
51885,64757,2022-06-29,0,0,9999
51890,64761,2023-05-29,0,1,1201
51890,64762,2020-02-13,0,0,9999
51893,64767,2025-01-15,0,0,9999
51896,64773,2025-06-16,0,0,9999
51903,64780,2025-04-24,0,0,9999
51915,64789,2024-01-23,0,0,9999
51929,64806,2024-10-10,0,0,9999
51935,64810,2025-10-24,0,0,9999
51947,64819,2023-02-23,0,0,9999
51956,64829,2024-12-02,0,0,9999
51959,64832,2024-09-24,0,0,9999
51961,64834,2025-03-20,0,1,64
51961,64835,2025-01-15,0,0,9999
51961,64836,2025-07-10,0,2,112
51962,64837,2020-06-01,0,0,9999
51963,64839,2022-03-28,0,0,9999
51969,64847,2025-11-21,0,0,9999
51999,64881,2025-10-22,0,0,9999
52011,64890,2022-06-22,0,0,9999
52012,64894,2025-06-22,0,0,9999
52018,64904,2025-08-03,0,0,9999
52037,64937,2021-12-13,0,0,9999
52044,64947,2024-05-16,0,0,9999
52050,64953,2023-08-08,0,0,9999
52064,64974,2020-06-05,0,0,9999
52066,64976,2022-06-10,0,0,9999
52066,64978,2023-12-30,0,1,568
52081,64995,2024-04-25,0,0,9999
52091,65005,2021-11-22,0,0,9999
52096,65008,2025-12-19,0,0,9999
52098,65012,2025-09-04,0,0,9999
52105,65019,2023-03-24,0,0,9999
52108,65025,2025-12-04,0,0,9999
52114,65035,2026-01-27,0,0,9999
52118,65040,2022-10-13,0,0,9999
52121,65046,2024-08-05,0,0,9999
52138,65071,2025-08-06,0,0,9999
52143,65078,2024-02-23,0,0,9999
52149,65083,2020-08-18,0,0,9999
52150,65086,2023-01-25,0,0,9999
52150,65088,2024-10-28,0,1,642
52152,65091,2024-07-09,0,0,9999
52155,65093,2024-04-12,0,0,9999
52167,65108,2025-10-04,0,0,9999
52172,65114,2024-02-04,0,0,9999
52187,65147,2025-12-22,0,0,9999
52195,65154,2026-01-30,0,1,113
52195,65156,2025-10-09,0,0,9999
52198,65158,2021-11-01,0,0,9999
52198,65161,2024-04-25,0,1,906
52200,65163,2026-01-30,0,0,9999
52200,65165,2026-01-30,0,0,9999
52205,65170,2023-05-19,0,0,9999
52210,65174,2024-12-13,0,0,9999
52213,65178,2025-01-27,0,0,9999
52219,65189,2025-05-11,0,1,30
52219,65190,2025-04-11,1,0,9999
52222,65191,2025-09-11,0,0,9999
52224,65194,2024-12-14,0,0,9999
52228,65198,2024-01-16,0,0,9999
52236,65209,2023-03-13,0,0,9999
52239,65212,2025-08-17,0,1,224
52239,65213,2025-01-05,0,0,9999
52243,65218,2023-05-11,0,0,9999
52244,65220,2023-05-07,0,0,9999
52248,65226,2025-12-12,0,0,9999
52270,65249,2024-09-14,0,0,9999
52275,65253,2025-11-10,0,0,9999
52280,65262,2026-01-25,0,0,9999
52287,65272,2025-12-31,0,0,9999
52288,65274,2025-10-30,0,0,9999
52292,65281,2026-01-29,0,0,9999
52293,65282,2026-01-30,0,0,9999
52305,65297,2025-07-12,0,0,9999
52313,65309,2024-12-11,0,0,9999
52315,65314,2024-04-16,0,1,94
52315,65315,2024-01-13,0,0,9999
52333,65341,2019-08-03,0,0,9999
52339,65348,2022-04-17,0,0,9999
52342,65351,2020-12-09,0,0,9999
52346,65355,2025-03-23,0,0,9999
52347,65358,2021-12-24,0,0,9999
52352,65367,2021-03-06,0,0,9999
52353,65368,2025-06-29,0,0,9999
52355,65370,2025-12-20,0,0,9999
52356,65372,2024-11-07,0,1,2030
52356,65373,2019-04-18,0,0,9999
52358,65379,2024-08-20,0,0,9999
52362,65382,2025-02-23,0,0,9999
52370,65395,2023-01-25,0,0,9999
52382,65410,2023-12-08,0,0,9999
52384,65412,2021-10-04,0,0,9999
52390,65421,2025-04-19,0,0,9999
52395,65425,2026-01-27,0,0,9999
52417,65447,2025-03-12,0,0,9999
52418,65451,2026-01-23,0,0,9999
52419,65452,2025-10-07,0,0,9999
52421,65457,2025-12-23,0,0,9999
52439,65475,2025-01-04,0,0,9999
52459,65501,2023-05-04,0,0,9999
52469,65513,2024-11-27,0,0,9999
52472,65515,2025-06-07,0,0,9999
52474,65518,2023-08-01,0,0,9999
52483,65530,2025-05-13,0,0,9999
52484,65531,2026-01-09,0,0,9999
52486,65535,2025-04-02,0,0,9999
52490,65539,2025-08-04,0,0,9999
52490,65540,2025-11-01,0,1,89
52493,65543,2024-10-10,0,0,9999
52503,65554,2026-01-05,1,0,9999
52503,65555,2026-01-11,0,1,6
52504,65556,2025-05-10,0,1,317
52504,65557,2024-06-27,0,0,9999
52506,65558,2026-01-28,0,0,9999
52514,65570,2019-05-17,0,0,9999
52517,65572,2024-12-03,0,0,9999
52524,65582,2025-04-17,0,1,540
52524,65585,2023-10-25,0,0,9999
52525,65586,2023-10-31,0,0,9999
52541,65606,2024-08-29,0,0,9999
52542,65608,2023-12-06,0,0,9999
52551,65622,2022-02-28,0,0,9999
52559,65631,2021-08-28,0,0,9999
52564,65636,2025-02-22,0,0,9999
52564,65637,2025-06-16,0,1,114
52586,65661,2024-11-27,0,0,9999
52590,65665,2025-07-20,0,0,9999
52600,65678,2025-11-28,0,0,9999
52617,65699,2021-09-06,0,0,9999
52629,65712,2025-05-04,0,0,9999
52634,65717,2025-06-03,0,2,325
52634,65718,2024-07-08,1,0,9999
52634,65719,2024-07-13,0,1,5
52640,65728,2021-10-04,0,0,9999
52668,65761,2023-05-25,0,0,9999
52675,65770,2025-08-27,0,0,9999
52689,65789,2024-01-06,0,0,9999
52691,65793,2022-01-02,0,0,9999
52720,65829,2025-12-27,0,0,9999
52729,65837,2026-01-26,0,0,9999
52741,65852,2025-11-09,0,1,152
52741,65853,2025-06-10,0,0,9999
52746,65855,2023-10-27,0,0,9999
52753,65863,2023-07-10,0,0,9999
52773,65886,2024-04-13,0,0,9999
52776,65888,2026-01-28,0,0,9999
52791,65903,2025-05-19,0,0,9999
52803,65917,2021-08-29,0,0,9999
52807,65923,2024-05-13,0,0,9999
52808,65924,2022-03-18,0,0,9999
52809,65925,2024-02-13,0,0,9999
52819,65937,2024-06-26,0,0,9999
52823,65947,2025-09-04,0,0,9999
52824,65949,2025-10-11,0,0,9999
52829,65955,2024-11-08,0,0,9999
52835,65964,2025-10-10,0,0,9999
52840,65971,2026-01-02,0,0,9999
52841,65972,2025-12-27,0,0,9999
52851,65986,2024-07-02,0,0,9999
52861,65997,2023-05-08,0,1,500
52861,65999,2021-12-24,0,0,9999
52874,66019,2025-07-06,0,0,9999
52889,66035,2021-05-23,0,0,9999
52890,66036,2023-07-16,0,0,9999
52892,66039,2023-12-16,0,0,9999
52895,66043,2024-12-06,0,0,9999
52897,66046,2025-09-02,0,1,1065
52897,66047,2022-10-03,0,0,9999
52903,66057,2024-09-15,0,0,9999
52909,66059,2024-12-17,0,0,9999
52910,66060,2024-05-14,0,0,9999
52923,66073,2025-12-08,0,0,9999
52926,66076,2026-01-02,0,0,9999
52928,66077,2023-04-27,0,0,9999
52932,66084,2025-11-29,0,0,9999
52938,66089,2021-01-12,0,0,9999
52940,66092,2025-07-03,0,0,9999
52940,66094,2025-09-08,0,1,67
52944,66099,2025-10-04,0,0,9999
52945,66101,2023-09-06,0,0,9999
52961,66116,2025-05-26,0,0,9999
52962,66118,2024-08-02,0,0,9999
52964,66122,2025-08-28,0,1,961
52964,66123,2023-01-10,0,0,9999
52980,66147,2023-06-18,0,0,9999
52991,66158,2024-07-14,0,0,9999
52998,66171,2025-06-10,0,0,9999
53001,66176,2023-01-31,0,0,9999
53001,66177,2024-12-02,0,1,671
53013,66193,2025-10-25,0,0,9999
53028,66210,2025-03-30,0,0,9999
53030,66211,2023-05-31,0,0,9999
53039,66224,2023-06-23,0,0,9999
53046,66231,2026-01-28,0,0,9999
53061,66254,2024-05-05,0,0,9999
53067,66258,2023-02-25,0,0,9999
53076,66272,2025-10-08,0,0,9999
53078,66273,2023-03-25,0,0,9999
53083,66280,2025-10-07,0,0,9999
53084,66282,2024-03-08,0,0,9999
53088,66285,2020-09-12,0,0,9999
53090,66286,2026-01-30,0,0,9999
53091,66288,2025-12-18,0,0,9999
53092,66289,2024-08-28,0,0,9999
53097,66293,2020-10-12,0,0,9999
53103,66300,2025-06-24,0,0,9999
53107,66307,2025-10-18,0,0,9999
53123,66329,2025-05-07,0,0,9999
53131,66335,2026-01-11,0,0,9999
53135,66342,2023-12-20,0,0,9999
53139,66345,2025-09-08,0,0,9999
53168,66381,2026-01-30,0,0,9999
53175,66392,2025-11-12,0,0,9999
53177,66396,2025-09-27,0,0,9999
53182,66399,2020-09-17,0,0,9999
53189,66405,2020-03-19,0,0,9999
53191,66407,2024-12-13,0,0,9999
53197,66415,2025-09-18,0,0,9999
53209,66429,2025-07-24,0,0,9999
53210,66432,2025-09-25,0,0,9999
53218,66443,2025-12-08,1,0,9999
53218,66444,2025-12-27,0,1,19
53228,66457,2020-12-11,0,0,9999
53231,66459,2026-01-25,0,0,9999
53235,66463,2025-02-24,0,0,9999
53237,66467,2022-03-30,0,0,9999
53243,66474,2024-12-17,0,0,9999
53267,66501,2025-03-30,0,0,9999
53270,66506,2025-12-29,0,0,9999
53276,66517,2024-03-04,0,0,9999
53284,66528,2025-09-20,0,0,9999
53299,66547,2023-01-30,0,0,9999
53300,66550,2021-02-21,0,0,9999
53307,66557,2026-01-01,0,0,9999
53311,66561,2024-09-16,0,0,9999
53313,66566,2024-02-25,0,0,9999
53320,66576,2026-01-27,0,0,9999
53330,66587,2024-09-25,0,0,9999
53342,66597,2024-06-04,0,0,9999
53356,66611,2023-02-26,0,0,9999
53367,66622,2023-07-13,0,0,9999
53371,66629,2024-08-05,0,0,9999
53371,66630,2025-02-08,0,1,187
53380,66639,2024-01-17,0,0,9999
53383,66644,2021-10-05,0,0,9999
53387,66648,2023-08-28,0,1,136
53387,66649,2023-04-14,0,0,9999
53399,66663,2025-12-30,0,1,66
53399,66664,2025-10-25,0,0,9999
53401,66668,2024-07-31,0,0,9999
53407,66676,2025-05-31,0,1,381
53407,66677,2024-05-15,0,0,9999
53409,66679,2024-03-25,0,0,9999
53418,66690,2025-10-10,0,0,9999
53422,66694,2023-03-21,0,0,9999
53430,66707,2025-04-14,0,0,9999
53432,66709,2025-03-26,0,0,9999
53456,66734,2021-03-22,0,0,9999
53458,66735,2022-07-24,0,0,9999
53458,66738,2025-09-27,0,1,1161
53461,66741,2026-01-30,0,0,9999
53466,66752,2022-08-27,0,0,9999
53468,66755,2025-07-03,0,0,9999
53470,66757,2025-04-12,0,0,9999
53484,66768,2024-08-28,0,0,9999
53486,66772,2025-05-19,0,0,9999
53490,66776,2023-10-05,0,0,9999
53494,66783,2025-04-09,0,0,9999
53507,66804,2026-01-17,0,0,9999
53509,66809,2026-01-28,0,0,9999
53514,66815,2025-09-29,0,0,9999
53523,66827,2026-01-25,0,1,25
53523,66829,2025-12-31,1,0,9999
53529,66831,2025-12-06,0,0,9999
53535,66839,2025-08-28,0,0,9999
53539,66842,2025-08-11,0,0,9999
53561,66871,2025-12-28,0,1,18
53561,66872,2025-12-10,1,0,9999
53564,66875,2026-01-30,0,0,9999
53564,66876,2026-01-30,0,0,9999
53572,66885,2025-08-11,0,0,9999
53573,66888,2025-12-10,0,0,9999
53592,66909,2025-12-23,0,0,9999
53596,66913,2025-09-13,0,0,9999
53627,66938,2023-07-22,0,0,9999
53633,66946,2025-05-21,0,1,43
53633,66947,2025-04-08,0,0,9999
53638,66950,2025-12-18,0,2,119
53638,66951,2025-08-21,0,1,118
53638,66952,2025-04-25,0,0,9999
53652,66966,2025-10-12,0,0,9999
53657,66973,2024-04-04,0,0,9999
53663,66982,2022-12-31,0,0,9999
53671,66996,2023-06-03,0,0,9999
53674,66999,2024-11-04,0,0,9999
53689,67018,2025-11-10,0,2,42
53689,67019,2025-09-29,0,1,349
53689,67020,2024-10-15,0,0,9999
53691,67024,2024-07-11,0,0,9999
53703,67038,2025-06-08,0,0,9999
53705,67041,2024-01-03,0,0,9999
53707,67044,2025-10-15,0,0,9999
53717,67051,2025-01-03,0,0,9999
53718,67052,2025-11-01,0,0,9999
53719,67057,2024-01-07,0,1,118
53719,67058,2023-09-11,0,0,9999
53723,67062,2022-04-24,0,0,9999
53726,67066,2024-06-02,0,1,620
53726,67067,2022-09-21,0,0,9999
53727,67069,2025-01-04,0,0,9999
53729,67071,2022-03-23,0,0,9999
53736,67079,2022-04-07,0,0,9999
53751,67098,2024-11-20,0,0,9999
53753,67101,2025-12-21,0,0,9999
53770,67127,2026-01-26,0,0,9999
53773,67130,2024-09-24,0,0,9999
53774,67133,2024-06-17,0,0,9999
53776,67134,2024-08-25,0,0,9999
53783,67145,2025-07-30,0,0,9999
53783,67146,2025-10-19,0,1,81
53792,67161,2025-03-22,0,0,9999
53793,67163,2024-10-12,0,0,9999
53806,67177,2024-12-23,0,0,9999
53810,67180,2023-07-22,0,0,9999
53816,67186,2025-03-01,0,0,9999
53817,67189,2025-08-02,0,0,9999
53822,67198,2024-06-04,0,0,9999
53833,67207,2024-12-14,0,0,9999
53837,67216,2025-07-17,0,0,9999
53857,67235,2024-05-30,0,0,9999
53858,67238,2024-07-26,0,0,9999
53860,67244,2024-09-04,0,0,9999
53862,67249,2023-07-27,0,0,9999
53874,67262,2024-06-07,0,0,9999
53889,67277,2025-09-28,0,0,9999
53892,67281,2022-05-29,0,0,9999
53899,67292,2024-09-11,0,0,9999
53901,67296,2025-06-19,0,0,9999
53906,67304,2024-03-26,0,0,9999
53910,67311,2026-01-23,0,0,9999
53911,67313,2025-04-26,0,0,9999
53922,67328,2024-08-15,0,0,9999
53936,67341,2025-09-18,0,1,1287
53936,67342,2022-03-11,0,0,9999
53952,67373,2020-08-15,0,0,9999
53958,67384,2023-01-21,0,0,9999
53960,67386,2025-02-26,0,1,337
53960,67387,2024-03-26,0,0,9999
53963,67390,2022-02-08,0,0,9999
53967,67394,2025-01-12,0,0,9999
53971,67400,2021-09-01,0,0,9999
53975,67406,2024-08-18,0,0,9999
53983,67413,2026-01-10,0,1,856
53983,67414,2023-09-07,0,0,9999
53984,67415,2025-05-26,0,0,9999
53988,67418,2025-08-06,0,1,1356
53988,67421,2021-11-19,0,0,9999
54001,67436,2022-09-20,0,0,9999
54014,67451,2025-12-13,0,0,9999
54035,67471,2024-05-02,0,1,43
54035,67472,2024-03-20,0,0,9999
54052,67492,2024-05-12,0,0,9999
54056,67497,2025-01-04,0,0,9999
54058,67500,2025-11-05,0,0,9999
54059,67503,2024-04-27,0,0,9999
54065,67509,2025-06-24,0,0,9999
54086,67537,2023-04-08,0,0,9999
54089,67540,2023-05-15,0,0,9999
54090,67542,2025-09-19,0,0,9999
54091,67543,2025-07-26,0,0,9999
54098,67559,2023-02-19,0,0,9999
54099,67561,2022-09-17,0,0,9999
54109,67571,2024-09-28,0,0,9999
54120,67590,2023-12-27,0,0,9999
54121,67591,2026-01-28,0,0,9999
54136,67611,2025-06-27,0,0,9999
54142,67624,2025-03-03,0,0,9999
54148,67629,2020-10-08,0,0,9999
54157,67637,2025-11-07,0,0,9999
54163,67641,2024-05-11,0,0,9999
54170,67648,2024-07-11,0,0,9999
54171,67649,2024-08-22,0,0,9999
54175,67655,2025-12-18,0,0,9999
54178,67660,2024-03-15,0,0,9999
54180,67661,2019-02-19,0,0,9999
54180,67662,2022-04-21,0,1,1157
54200,67686,2025-04-15,0,0,9999
54203,67690,2023-03-10,0,0,9999
54210,67697,2023-07-21,0,0,9999
54212,67702,2022-07-16,0,0,9999
54229,67727,2026-01-18,0,0,9999
54232,67730,2024-11-05,0,0,9999
54232,67731,2025-12-12,0,1,402
54233,67732,2025-07-10,0,1,74
54233,67734,2025-04-27,0,0,9999
54236,67738,2022-07-24,0,0,9999
54237,67740,2025-12-11,0,0,9999
54238,67741,2023-05-23,0,0,9999
54241,67747,2025-03-02,0,0,9999
54253,67764,2025-03-20,0,0,9999
54272,67788,2023-08-14,0,0,9999
54283,67799,2022-12-14,0,0,9999
54289,67806,2025-02-09,0,0,9999
54305,67820,2024-11-03,0,0,9999
54315,67834,2023-05-04,0,0,9999
54328,67842,2021-08-03,0,0,9999
54335,67849,2024-10-04,0,0,9999
54347,67866,2024-08-07,0,0,9999
54354,67877,2022-03-16,0,0,9999
54358,67882,2022-12-14,0,0,9999
54376,67908,2021-12-18,0,0,9999
54384,67923,2023-07-08,0,0,9999
54385,67924,2023-04-19,0,0,9999
54393,67938,2022-12-16,0,0,9999
54393,67939,2024-06-24,0,1,556
54396,67943,2025-04-19,0,0,9999
54401,67950,2026-01-07,0,0,9999
54406,67961,2024-04-10,0,0,9999
54420,67978,2024-01-21,0,0,9999
54423,67983,2022-04-14,0,0,9999
54424,67984,2026-01-07,0,0,9999
54426,67988,2025-11-14,0,0,9999
54429,67992,2025-08-18,0,0,9999
54431,67996,2024-08-05,0,0,9999
54445,68014,2023-04-08,0,0,9999
54446,68015,2020-10-09,0,0,9999
54447,68016,2024-01-27,0,0,9999
54451,68022,2020-01-15,0,0,9999
54456,68029,2022-05-24,0,0,9999
54465,68042,2022-10-23,0,0,9999
54470,68047,2024-11-24,0,0,9999
54475,68061,2022-10-24,0,0,9999
54485,68071,2024-04-23,0,0,9999
54487,68075,2023-11-11,0,0,9999
54494,68085,2023-12-04,0,0,9999
54496,68088,2026-01-28,0,0,9999
54497,68089,2023-06-06,0,0,9999
54497,68090,2024-07-12,0,1,402
54503,68102,2024-08-21,0,0,9999
54509,68111,2022-06-15,0,0,9999
54523,68127,2020-11-16,0,0,9999
54534,68141,2021-10-03,0,0,9999
54535,68142,2022-06-26,0,0,9999
54541,68147,2026-01-12,0,0,9999
54547,68153,2024-12-30,0,0,9999
54555,68162,2025-01-15,0,0,9999
54592,68207,2024-06-02,0,0,9999
54593,68208,2025-08-02,0,0,9999
54600,68213,2022-09-08,0,0,9999
54600,68216,2025-03-02,0,1,906
54604,68222,2024-10-27,0,0,9999
54607,68223,2025-07-14,0,0,9999
54611,68227,2023-04-30,0,0,9999
54612,68228,2022-09-21,0,0,9999
54615,68233,2022-02-22,0,0,9999
54629,68249,2021-11-25,0,0,9999
54629,68250,2023-06-19,0,1,571
54633,68255,2021-02-11,0,0,9999
54642,68265,2025-05-15,0,0,9999
54643,68268,2021-06-26,0,0,9999
54651,68283,2025-08-24,0,0,9999
54654,68285,2023-01-03,0,0,9999
54678,68320,2022-01-26,0,0,9999
54691,68342,2026-01-23,0,0,9999
54692,68343,2019-02-18,0,0,9999
54697,68348,2024-02-08,0,0,9999
54703,68352,2026-01-09,0,0,9999
54704,68354,2025-10-22,0,0,9999
54707,68357,2022-12-29,0,0,9999
54716,68369,2025-10-14,0,0,9999
54732,68388,2025-09-25,0,0,9999
54733,68392,2024-07-06,0,0,9999
54742,68408,2026-01-10,0,0,9999
54751,68419,2025-02-23,0,0,9999
54767,68447,2026-01-28,0,0,9999
54768,68450,2022-10-05,0,0,9999
54782,68463,2026-01-02,0,1,111
54782,68464,2025-09-13,0,0,9999
54784,68468,2021-04-05,0,0,9999
54785,68470,2025-07-27,0,0,9999
54786,68473,2023-08-31,0,0,9999
54797,68488,2025-11-19,0,0,9999
54801,68495,2022-11-19,0,0,9999
54809,68500,2023-07-13,0,0,9999
54811,68503,2025-11-06,0,0,9999
54815,68506,2022-08-26,0,0,9999
54823,68515,2025-03-31,0,0,9999
54831,68521,2024-11-16,0,0,9999
54842,68533,2025-09-29,1,0,9999
54842,68534,2025-10-23,0,1,24
54844,68537,2025-12-03,0,2,1118
54844,68538,2022-11-11,0,1,66
54844,68540,2022-09-06,0,0,9999
54849,68546,2025-05-30,0,0,9999
54856,68558,2024-01-05,0,0,9999
54857,68559,2025-11-09,0,0,9999
54871,68571,2022-04-22,0,0,9999
54877,68576,2023-08-13,0,0,9999
54877,68577,2025-05-11,0,1,637
54880,68579,2025-05-26,0,0,9999
54884,68584,2023-12-22,0,0,9999
54892,68594,2024-05-10,0,0,9999
54910,68614,2022-10-18,0,0,9999
54910,68615,2024-04-30,0,1,560
54917,68624,2024-09-09,0,0,9999
54918,68625,2025-10-01,0,0,9999
54920,68628,2026-01-20,0,0,9999
54923,68630,2023-09-03,0,0,9999
54923,68631,2025-05-30,0,1,635
54943,68649,2022-12-21,0,0,9999
54946,68653,2024-10-31,0,1,1090
54946,68654,2021-11-06,0,0,9999
54959,68673,2025-02-12,0,0,9999
54962,68675,2025-12-04,0,1,17
54962,68676,2025-11-17,1,0,9999
54970,68685,2024-04-09,0,0,9999
54972,68687,2022-01-16,0,0,9999
54984,68710,2025-11-05,0,0,9999
54985,68712,2025-03-25,0,0,9999
54999,68727,2025-04-14,0,0,9999
55005,68731,2024-09-13,0,0,9999
55013,68737,2025-06-28,0,0,9999
55017,68743,2025-06-07,0,0,9999
55018,68745,2021-10-20,0,0,9999
55019,68746,2024-01-02,0,0,9999
55030,68759,2025-07-29,0,0,9999
55041,68778,2025-05-25,0,0,9999
55041,68779,2025-06-26,0,1,32
55048,68793,2024-12-01,0,0,9999
55054,68800,2026-01-26,0,0,9999
55060,68808,2023-05-13,0,0,9999
55079,68832,2024-08-04,0,0,9999
55108,68859,2023-02-12,0,0,9999
55112,68864,2022-08-16,0,0,9999
55115,68866,2025-04-11,0,0,9999
55116,68868,2025-10-12,0,0,9999
55130,68881,2024-03-31,0,0,9999
55133,68883,2025-12-01,0,0,9999
55154,68910,2022-05-02,0,0,9999
55168,68921,2025-10-15,0,0,9999
55172,68929,2024-12-15,1,0,9999
55172,68930,2025-01-07,0,1,23
55193,68951,2025-10-24,0,0,9999
55198,68957,2025-12-19,0,0,9999
55215,68977,2025-03-07,0,0,9999
55215,68979,2026-01-26,0,1,325
55217,68982,2020-12-08,0,0,9999
55219,68984,2024-04-06,0,0,9999
55241,69009,2025-12-24,0,0,9999
55258,69028,2025-11-05,0,0,9999
55259,69029,2024-06-02,0,0,9999
55265,69036,2024-09-17,0,1,1222
55265,69037,2021-05-14,0,0,9999
55269,69041,2023-12-08,0,0,9999
55270,69043,2025-08-10,0,0,9999
55271,69045,2022-01-07,0,0,9999
55274,69051,2025-06-27,0,1,6
55274,69052,2025-06-21,1,0,9999
55278,69056,2025-11-29,0,0,9999
55281,69058,2024-01-15,0,0,9999
55299,69086,2023-03-29,0,0,9999
55300,69088,2023-02-06,0,0,9999
55304,69094,2024-10-05,0,0,9999
55315,69103,2025-03-27,0,0,9999
55316,69105,2024-05-31,0,0,9999
55338,69136,2023-08-20,0,0,9999
55354,69152,2022-07-04,0,0,9999
55365,69166,2024-12-17,0,0,9999
55366,69169,2025-12-31,0,0,9999
55385,69190,2025-05-03,0,0,9999
55387,69194,2024-10-14,0,0,9999
55390,69199,2024-01-10,0,0,9999
55392,69203,2022-05-14,0,0,9999
55400,69211,2025-12-22,0,1,332
55400,69212,2025-01-24,0,0,9999
55406,69224,2024-06-22,0,0,9999
55406,69226,2025-07-03,0,1,376
55414,69242,2025-03-06,0,0,9999
55429,69258,2024-12-09,0,0,9999
55434,69261,2025-09-13,0,0,9999
55436,69263,2025-12-02,0,0,9999
55445,69273,2020-05-29,0,0,9999
55446,69276,2025-08-28,0,0,9999
55450,69283,2025-04-12,0,0,9999
55452,69285,2024-01-22,0,0,9999
55453,69286,2025-12-01,0,0,9999
55454,69287,2026-01-24,0,0,9999
55457,69292,2025-09-28,0,0,9999
55460,69297,2022-09-19,0,0,9999
55478,69321,2025-03-25,0,0,9999
55479,69324,2023-03-28,0,0,9999
55488,69336,2025-04-09,0,0,9999
55491,69338,2023-06-02,0,1,165
55491,69339,2022-12-19,0,0,9999
55500,69348,2022-02-17,0,0,9999
55504,69354,2024-05-12,0,0,9999
55506,69357,2025-05-25,0,0,9999
55512,69363,2023-12-27,0,0,9999
55526,69380,2022-06-16,0,0,9999
55544,69399,2024-07-15,0,0,9999
55552,69409,2021-07-10,0,0,9999
55562,69419,2022-09-23,0,0,9999
55563,69420,2022-01-22,0,0,9999
55566,69422,2024-10-31,0,0,9999
55568,69423,2025-08-23,0,0,9999
55573,69431,2025-07-08,0,0,9999
55574,69433,2025-08-31,0,0,9999
55579,69439,2020-10-08,0,0,9999
55586,69451,2025-10-15,1,0,9999
55586,69452,2025-10-18,0,1,3
55588,69456,2025-03-10,0,0,9999
55595,69464,2024-10-13,0,0,9999
55598,69466,2026-01-11,0,0,9999
55611,69477,2026-01-02,0,0,9999
55620,69486,2025-02-18,0,0,9999
55621,69488,2025-01-03,0,0,9999
55638,69513,2025-08-01,0,0,9999
55643,69519,2025-01-23,0,0,9999
55644,69520,2022-12-20,0,0,9999
55648,69529,2022-10-31,0,0,9999
55650,69534,2024-06-08,0,0,9999
55674,69561,2022-06-12,0,0,9999
55679,69566,2022-11-15,0,0,9999
55683,69570,2025-11-11,0,0,9999
55685,69572,2023-07-25,0,0,9999
55686,69574,2023-05-13,0,0,9999
55688,69577,2023-08-18,0,0,9999
55689,69578,2024-12-26,0,0,9999
55716,69611,2025-10-18,0,0,9999
55719,69613,2025-04-27,0,0,9999
55731,69625,2023-09-12,0,0,9999
55738,69632,2025-11-22,0,0,9999
55747,69644,2024-05-12,0,0,9999
55750,69647,2024-12-25,0,0,9999
55754,69651,2022-11-13,0,0,9999
55761,69659,2024-09-10,0,0,9999
55765,69664,2025-07-05,0,0,9999
55772,69674,2024-03-16,0,0,9999
55772,69675,2024-11-26,0,1,255
55787,69692,2025-08-18,0,0,9999
55811,69717,2023-01-17,0,0,9999
55813,69719,2024-08-16,0,0,9999
55818,69726,2024-08-14,0,0,9999
55823,69728,2023-10-06,0,0,9999
55837,69750,2023-09-18,0,0,9999
55839,69754,2023-01-21,0,0,9999
55861,69774,2024-02-06,0,0,9999
55864,69776,2025-08-15,0,0,9999
55866,69778,2026-01-10,0,0,9999
55869,69782,2025-07-28,0,0,9999
55870,69784,2022-03-09,0,0,9999
55873,69788,2025-04-07,0,0,9999
55885,69805,2024-05-14,0,0,9999
55904,69826,2026-01-28,0,0,9999
55916,69851,2026-01-11,0,0,9999
55918,69852,2026-01-30,0,0,9999
55923,69861,2025-08-29,0,0,9999
55940,69878,2022-08-31,0,0,9999
55949,69887,2023-12-25,0,0,9999
55949,69888,2024-10-22,0,1,302
55961,69903,2025-10-16,0,0,9999
55966,69909,2020-08-21,0,0,9999
55973,69919,2025-04-28,0,0,9999
55974,69920,2024-11-20,0,0,9999
55994,69941,2022-04-12,0,0,9999
56003,69953,2024-01-06,0,0,9999
56005,69956,2024-12-02,0,0,9999
56008,69960,2023-06-29,0,0,9999
56022,69979,2022-03-16,0,0,9999
56024,69981,2025-06-29,0,0,9999
56037,69994,2024-05-31,0,0,9999
56037,69996,2025-12-08,0,1,556
56041,70000,2026-01-30,0,0,9999
56041,70002,2026-01-30,0,0,9999
56049,70012,2026-01-18,0,0,9999
56052,70017,2024-09-01,0,0,9999
56053,70020,2022-12-17,0,0,9999
56057,70022,2024-03-10,0,0,9999
56076,70047,2024-10-27,0,0,9999
56078,70049,2023-12-10,0,0,9999
56080,70050,2026-01-05,0,0,9999
56085,70055,2025-03-26,0,0,9999
56108,70078,2025-11-30,0,0,9999
56111,70081,2023-04-09,0,0,9999
56114,70086,2020-03-19,0,0,9999
56127,70108,2025-12-18,0,0,9999
56135,70115,2024-04-18,0,0,9999
56139,70119,2025-11-29,0,0,9999
56142,70122,2025-02-23,0,0,9999
56144,70125,2022-11-16,0,0,9999
56145,70127,2025-01-10,0,0,9999
56161,70153,2024-02-20,0,0,9999
56163,70155,2026-01-28,0,0,9999
56173,70165,2025-10-29,1,0,9999
56173,70166,2025-11-28,1,1,30
56173,70167,2025-12-11,0,2,13
56176,70170,2023-12-30,0,0,9999
56176,70172,2025-06-04,0,1,522
56178,70175,2023-05-16,0,0,9999
56179,70177,2023-04-28,0,0,9999
56182,70185,2025-09-15,0,0,9999
56186,70190,2023-05-16,0,1,25
56186,70191,2023-04-21,1,0,9999
56205,70214,2026-01-03,0,1,1009
56205,70215,2023-03-31,0,0,9999
56208,70218,2020-05-12,0,0,9999
56208,70219,2023-04-09,0,1,1062
56235,70253,2024-10-19,0,0,9999
56240,70259,2026-01-24,1,0,9999
56240,70260,2026-01-26,0,1,2
56254,70278,2026-01-21,0,0,9999
56257,70281,2025-10-16,0,0,9999
56257,70282,2025-11-18,0,1,33
56267,70289,2023-03-27,0,0,9999
56272,70298,2025-04-14,0,0,9999
56278,70304,2025-12-24,0,0,9999
56280,70306,2025-08-15,0,0,9999
56304,70330,2024-03-29,0,0,9999
56306,70333,2026-01-01,0,1,165
56306,70334,2025-07-20,0,0,9999
56310,70340,2020-12-03,0,0,9999
56313,70342,2023-06-15,0,0,9999
56314,70344,2025-02-11,0,0,9999
56315,70345,2025-06-13,0,0,9999
56331,70360,2025-10-24,1,0,9999
56331,70361,2025-10-25,0,1,1
56348,70379,2022-12-14,0,0,9999
56353,70384,2025-02-15,0,0,9999
56367,70398,2024-07-15,0,0,9999
56370,70402,2024-02-05,0,0,9999
56377,70408,2025-09-26,0,0,9999
56384,70415,2022-09-05,0,0,9999
56386,70420,2025-08-31,0,0,9999
56393,70431,2021-06-29,0,0,9999
56400,70435,2020-01-09,0,0,9999
56404,70440,2025-02-23,0,0,9999
56416,70457,2024-07-20,0,0,9999
56423,70465,2023-11-16,0,0,9999
56431,70473,2025-08-17,0,0,9999
56441,70483,2023-06-20,0,0,9999
56450,70491,2022-06-27,0,0,9999
56456,70501,2025-10-12,0,0,9999
56464,70512,2026-01-09,0,0,9999
56469,70515,2022-08-08,0,1,598
56469,70516,2025-07-09,0,2,1066
56469,70518,2020-12-18,0,0,9999
56472,70520,2026-01-29,0,0,9999
56476,70526,2024-08-21,0,0,9999
56482,70535,2025-08-17,0,0,9999
56498,70556,2021-10-16,0,0,9999
56501,70557,2025-11-24,0,0,9999
56503,70559,2024-08-07,0,0,9999
56508,70567,2025-04-27,0,0,9999
56512,70573,2025-11-10,0,0,9999
56527,70595,2021-03-18,0,0,9999
56531,70597,2025-12-05,0,0,9999
56542,70610,2023-12-16,0,0,9999
56544,70613,2025-10-16,0,0,9999
56548,70621,2024-11-04,0,0,9999
56550,70624,2024-11-28,0,0,9999
56552,70631,2025-12-16,1,0,9999
56552,70632,2026-01-05,0,1,20
56571,70654,2023-06-11,0,0,9999
56574,70659,2025-01-14,0,0,9999
56578,70667,2024-01-30,0,0,9999
56603,70698,2023-10-10,0,0,9999
56606,70701,2021-11-07,0,0,9999
56615,70714,2025-09-08,0,0,9999
56618,70716,2021-09-15,0,0,9999
56623,70720,2025-03-28,0,1,235
56623,70722,2024-08-05,0,0,9999
56625,70726,2025-09-04,0,0,9999
56645,70745,2022-09-01,0,0,9999
56646,70747,2025-03-09,0,0,9999
56647,70748,2025-11-11,0,0,9999
56648,70750,2022-01-17,0,0,9999
56650,70753,2022-10-08,0,0,9999
56651,70754,2024-08-24,0,0,9999
56652,70757,2020-03-02,0,0,9999
56659,70762,2022-05-06,0,0,9999
56703,70815,2023-11-03,0,0,9999
56709,70825,2025-10-28,0,0,9999
56719,70840,2023-01-29,0,0,9999
56727,70848,2024-11-03,0,0,9999
56735,70857,2025-12-20,0,0,9999
56752,70888,2026-01-29,0,1,74
56752,70889,2025-11-16,0,0,9999
56759,70900,2026-01-13,0,0,9999
56765,70906,2023-06-28,0,0,9999
56767,70909,2026-01-29,0,0,9999
56775,70919,2026-01-28,0,0,9999
56777,70924,2022-12-30,0,0,9999
56799,70945,2024-11-17,0,0,9999
56812,70961,2025-06-16,0,0,9999
56818,70975,2021-11-24,0,0,9999
56823,70979,2025-10-22,0,0,9999
56827,70984,2025-01-18,0,0,9999
56827,70985,2025-03-19,0,2,15
56827,70987,2025-03-04,1,1,45
56830,70989,2022-11-08,0,0,9999
56847,71017,2023-02-27,0,0,9999
56856,71026,2021-10-01,0,0,9999
56858,71028,2022-04-27,0,0,9999
56860,71029,2024-11-01,0,0,9999
56870,71038,2024-07-05,0,0,9999
56874,71042,2026-01-10,0,0,9999
56888,71060,2024-01-26,0,0,9999
56890,71062,2025-12-18,0,0,9999
56896,71067,2025-11-03,0,0,9999
56908,71078,2021-05-25,0,0,9999
56914,71089,2025-12-28,0,0,9999
56919,71098,2025-07-08,0,0,9999
56938,71118,2025-04-20,0,1,919
56938,71119,2022-10-14,0,0,9999
56958,71140,2023-12-07,0,0,9999
56968,71153,2025-04-06,0,0,9999
56974,71163,2024-10-02,0,0,9999
56976,71165,2026-01-29,0,0,9999
56979,71172,2025-05-14,0,0,9999
56986,71183,2023-07-13,0,0,9999
56986,71184,2024-11-03,0,1,479
56989,71187,2023-04-12,0,1,340
56989,71188,2022-05-07,0,0,9999
56998,71194,2025-09-20,0,0,9999
57027,71222,2025-04-26,0,0,9999
57027,71223,2025-07-14,0,1,79
57036,71238,2025-04-16,0,0,9999
57036,71239,2025-06-15,0,1,60
57043,71245,2023-04-04,0,1,62
57043,71246,2023-02-01,0,0,9999
57046,71252,2024-10-02,0,0,9999
57050,71258,2022-11-26,0,0,9999
57050,71260,2025-12-05,0,1,1105
57057,71272,2024-11-15,0,0,9999
57057,71273,2025-05-17,0,1,183
57058,71275,2025-12-07,0,0,9999
57064,71285,2024-11-13,0,0,9999
57082,71305,2021-04-04,0,0,9999
57084,71307,2025-08-04,0,0,9999
57091,71314,2023-01-24,0,0,9999
57094,71316,2025-05-11,0,0,9999
57095,71317,2020-10-22,0,0,9999
57095,71318,2021-11-23,0,1,397
57100,71324,2023-09-17,0,0,9999
57104,71330,2025-08-11,0,0,9999
57115,71348,2020-06-11,0,0,9999
57115,71349,2021-05-01,0,1,324
57129,71362,2026-01-29,0,0,9999
57140,71379,2025-12-24,0,0,9999
57163,71406,2021-12-27,0,0,9999
57165,71409,2019-06-24,0,0,9999
57165,71410,2021-06-25,0,1,732
57169,71419,2022-11-26,0,0,9999
57175,71425,2025-12-25,0,0,9999
57176,71426,2025-04-21,0,1,38
57176,71427,2025-03-14,0,0,9999
57190,71441,2025-08-07,0,0,9999
57198,71452,2022-04-12,0,0,9999
57199,71454,2025-01-10,0,0,9999
57199,71455,2025-06-20,0,1,161
57204,71465,2019-12-07,0,0,9999
57222,71498,2026-01-28,0,1,28
57222,71499,2025-12-31,1,0,9999
57223,71500,2025-12-14,0,0,9999
57224,71502,2026-01-02,0,0,9999
57226,71503,2024-02-10,0,0,9999
57231,71514,2025-06-28,0,0,9999
57233,71516,2024-04-17,0,0,9999
57244,71526,2022-01-08,0,1,739
57244,71527,2019-12-31,0,0,9999
57262,71541,2021-08-30,0,0,9999
57264,71546,2024-05-10,0,0,9999
57269,71550,2021-09-01,0,0,9999
57274,71560,2024-12-14,0,0,9999
57277,71564,2022-03-05,0,0,9999
57321,71608,2023-10-21,0,0,9999
57327,71613,2025-05-28,0,0,9999
57344,71631,2025-07-23,0,0,9999
57348,71636,2025-01-05,0,0,9999
57353,71642,2023-10-01,0,0,9999
57355,71644,2024-09-05,0,0,9999
57367,71660,2020-05-06,0,0,9999
57374,71667,2019-12-16,0,0,9999
57385,71679,2024-02-06,0,0,9999
57404,71698,2023-04-18,0,1,368
57404,71699,2022-04-15,0,0,9999
57413,71712,2025-02-22,0,0,9999
57418,71718,2026-01-30,0,0,9999
57427,71730,2025-06-19,0,0,9999
57435,71739,2025-03-16,0,0,9999
57443,71755,2024-12-28,0,1,525
57443,71756,2023-07-22,0,0,9999
57456,71770,2023-04-30,0,0,9999
57456,71771,2025-05-07,0,1,738
57466,71782,2021-02-14,0,0,9999
57473,71789,2025-06-24,0,0,9999
57473,71790,2025-10-29,0,1,127
57478,71791,2025-03-28,0,0,9999
57485,71799,2025-10-26,0,0,9999
57486,71800,2025-03-18,0,0,9999
57489,71808,2025-06-12,0,0,9999
57510,71832,2025-11-12,0,0,9999
57512,71834,2024-11-17,0,0,9999
57514,71837,2023-06-10,0,0,9999
57524,71850,2025-07-08,0,1,201
57524,71851,2024-12-19,0,0,9999
57525,71853,2024-04-16,0,0,9999
57528,71854,2023-08-03,0,0,9999
57537,71864,2024-04-09,0,0,9999
57538,71865,2021-10-22,0,0,9999
57539,71866,2022-02-12,0,0,9999
57540,71868,2021-09-05,0,0,9999
57545,71872,2023-10-05,0,0,9999
57546,71874,2025-04-12,0,0,9999
57551,71879,2023-09-20,0,0,9999
57584,71915,2024-03-17,0,0,9999
57586,71920,2025-02-28,0,0,9999
57589,71922,2025-03-26,0,0,9999
57594,71929,2026-01-01,0,0,9999
57596,71930,2026-01-24,0,0,9999
57602,71936,2024-07-31,0,0,9999
57613,71948,2025-11-16,0,0,9999
57617,71952,2022-09-28,0,0,9999
57619,71954,2020-11-15,0,0,9999
57625,71963,2022-02-15,0,0,9999
57637,71984,2021-04-20,0,0,9999
57641,71986,2023-01-28,0,0,9999
57649,71997,2021-10-08,0,0,9999
57654,72003,2024-06-24,0,0,9999
57657,72010,2022-06-07,0,0,9999
57658,72012,2025-04-28,0,0,9999
57664,72026,2020-11-19,0,0,9999
57665,72027,2025-12-21,0,0,9999
57669,72032,2023-09-11,0,0,9999
57675,72039,2025-11-14,0,0,9999
57683,72050,2025-10-29,0,0,9999
57687,72056,2022-12-11,0,0,9999
57688,72057,2021-10-02,0,1,145
57688,72060,2021-05-10,0,0,9999
57689,72062,2026-01-17,0,0,9999
57717,72090,2023-02-05,0,0,9999
57729,72104,2024-09-28,0,0,9999
57743,72117,2023-01-11,0,0,9999
57747,72122,2022-12-30,0,0,9999
57752,72127,2025-10-08,0,0,9999
57757,72134,2025-12-19,0,0,9999
57758,72135,2022-07-15,0,0,9999
57761,72140,2025-01-13,0,0,9999
57775,72154,2025-07-23,0,0,9999
57792,72174,2025-10-05,0,0,9999
57794,72175,2025-11-19,0,0,9999
57801,72180,2025-06-09,0,0,9999
57808,72188,2025-11-12,0,0,9999
57809,72190,2020-10-29,0,0,9999
57833,72216,2021-05-21,0,0,9999
57846,72228,2023-12-30,0,0,9999
57852,72234,2025-08-16,0,0,9999
57857,72243,2021-04-30,0,0,9999
57860,72244,2026-01-17,1,0,9999
57860,72245,2026-01-25,0,1,8
57866,72254,2024-02-11,0,0,9999
57879,72272,2026-01-04,0,0,9999
57892,72296,2024-05-10,0,1,1102
57892,72297,2021-05-04,0,0,9999
57893,72298,2022-11-21,0,0,9999
57900,72305,2025-10-22,0,0,9999
57916,72324,2025-04-04,0,0,9999
57916,72325,2025-07-09,0,1,96
57934,72346,2023-09-04,0,0,9999
57937,72347,2024-10-21,0,0,9999
57940,72352,2023-07-15,0,0,9999
57943,72353,2026-01-15,0,0,9999
57946,72359,2025-08-03,0,0,9999
57954,72367,2022-05-06,0,0,9999
57971,72387,2022-12-19,0,0,9999
57973,72389,2025-07-08,0,0,9999
58004,72425,2024-03-29,0,0,9999
58006,72427,2026-01-28,0,0,9999
58008,72431,2023-12-10,0,0,9999
58008,72432,2024-08-07,0,1,241
58011,72438,2025-06-08,0,1,274
58011,72439,2024-09-07,0,0,9999
58012,72440,2025-08-12,0,0,9999
58015,72442,2023-10-29,0,0,9999
58023,72454,2023-02-01,0,0,9999
58024,72455,2023-12-04,0,0,9999
58036,72467,2023-07-29,0,0,9999
58041,72471,2024-04-12,0,0,9999
58057,72490,2026-01-29,0,0,9999
58079,72512,2025-12-09,0,0,9999
58091,72531,2024-03-21,0,0,9999
58094,72533,2025-12-21,0,0,9999
58098,72537,2024-05-12,0,0,9999
58113,72559,2024-08-28,0,0,9999
58119,72564,2025-11-12,0,0,9999
58123,72569,2024-01-16,0,0,9999
58161,72610,2023-02-22,0,0,9999
58164,72614,2021-06-03,0,0,9999
58166,72616,2025-10-14,0,0,9999
58180,72634,2025-10-25,0,0,9999
58185,72641,2023-04-27,0,0,9999
58190,72646,2024-07-02,0,0,9999
58195,72653,2025-10-29,0,0,9999
58196,72654,2025-02-16,0,0,9999
58205,72660,2022-12-23,0,0,9999
58207,72662,2021-09-06,0,0,9999
58232,72688,2024-01-13,0,0,9999
58234,72689,2024-08-08,0,0,9999
58240,72695,2023-09-04,0,0,9999
58250,72709,2025-10-17,0,0,9999
58254,72712,2025-09-10,0,0,9999
58266,72724,2022-11-06,0,0,9999
58269,72728,2022-07-08,0,0,9999
58271,72730,2022-02-08,0,0,9999
58279,72740,2024-01-10,0,0,9999
58279,72741,2024-08-12,0,1,215
58282,72746,2025-03-13,0,0,9999
58286,72750,2023-10-14,0,0,9999
58293,72759,2025-06-04,0,0,9999
58309,72776,2022-10-22,0,0,9999
58310,72778,2022-03-30,0,0,9999
58348,72830,2025-05-21,0,0,9999
58350,72832,2026-01-06,0,0,9999
58356,72837,2022-02-09,0,0,9999
58367,72845,2023-02-10,0,0,9999
58373,72857,2026-01-29,0,0,9999
58380,72864,2021-08-24,0,0,9999
58382,72865,2026-01-13,0,1,518
58382,72867,2024-08-13,0,0,9999
58384,72869,2022-10-19,0,0,9999
58398,72885,2023-12-13,0,0,9999
58403,72893,2024-11-09,0,0,9999
58421,72923,2025-06-21,0,0,9999
58422,72924,2024-10-31,0,0,9999
58424,72926,2021-06-09,0,0,9999
58435,72941,2025-12-11,1,0,9999
58435,72942,2026-01-06,0,1,26
58442,72948,2025-01-17,0,0,9999
58443,72949,2023-09-10,0,0,9999
58443,72950,2024-06-15,0,1,279
58448,72959,2023-09-08,0,0,9999
58456,72971,2025-05-21,0,0,9999
58457,72974,2021-12-28,0,0,9999
58458,72976,2024-02-23,0,0,9999
58459,72977,2023-06-05,0,0,9999
58463,72982,2024-05-20,0,0,9999
58474,72991,2025-07-28,0,0,9999
58476,72997,2025-12-18,0,0,9999
58478,73001,2021-02-16,0,0,9999
58480,73005,2024-04-15,0,0,9999
58498,73026,2024-11-08,0,0,9999
58507,73037,2024-12-25,0,0,9999
58508,73038,2025-12-16,0,0,9999
58513,73043,2022-06-07,0,0,9999
58518,73051,2024-07-10,0,0,9999
58524,73062,2022-06-30,0,0,9999
58527,73065,2024-05-21,0,0,9999
58531,73074,2022-12-06,0,0,9999
58551,73100,2024-01-16,0,0,9999
58552,73101,2023-11-22,0,0,9999
58553,73102,2025-10-18,0,0,9999
58566,73111,2021-12-31,0,0,9999
58573,73116,2025-12-12,0,0,9999
58575,73118,2025-12-18,0,0,9999
58584,73126,2025-05-31,0,0,9999
58594,73139,2025-12-04,0,0,9999
58608,73155,2026-01-30,0,0,9999
58610,73159,2024-01-11,0,0,9999
58613,73164,2024-12-18,0,0,9999
58632,73182,2023-10-22,0,0,9999
58632,73185,2025-04-08,0,1,534
58635,73188,2025-01-13,0,0,9999
58646,73206,2025-07-16,0,0,9999
58647,73207,2021-01-22,0,0,9999
58650,73211,2025-07-10,0,0,9999
58659,73220,2024-04-10,0,0,9999
58662,73223,2026-01-06,0,0,9999
58669,73231,2024-04-25,0,0,9999
58673,73238,2023-06-26,0,0,9999
58683,73251,2024-10-18,0,0,9999
58684,73252,2025-02-23,0,1,928
58684,73254,2022-08-10,0,0,9999
58692,73261,2021-06-19,0,0,9999
58693,73262,2026-01-29,0,0,9999
58694,73265,2025-10-06,0,0,9999
58696,73267,2024-12-21,0,0,9999
58699,73272,2021-09-13,0,0,9999
58700,73273,2023-03-09,0,0,9999
58714,73281,2025-03-03,0,0,9999
58731,73300,2023-03-19,0,0,9999
58734,73305,2025-05-28,0,0,9999
58738,73310,2022-01-01,0,0,9999
58738,73312,2022-02-25,0,1,55
58741,73314,2025-05-23,0,0,9999
58745,73318,2025-10-04,0,0,9999
58746,73320,2020-02-13,0,0,9999
58755,73330,2026-01-11,0,0,9999
58763,73344,2025-10-15,0,1,400
58763,73345,2024-09-10,0,0,9999
58764,73346,2020-08-09,0,0,9999
58767,73352,2020-05-15,0,0,9999
58775,73360,2022-07-16,0,1,928
58775,73362,2019-12-31,0,0,9999
58776,73363,2026-01-29,0,0,9999
58777,73364,2025-11-26,0,1,328
58777,73365,2025-01-02,0,0,9999
58779,73371,2026-01-29,0,1,1
58779,73372,2026-01-28,1,0,9999
58782,73375,2025-06-27,0,0,9999
58782,73376,2025-09-30,0,1,95
58785,73380,2023-08-20,0,0,9999
58789,73385,2025-12-06,0,0,9999
58793,73393,2020-09-11,0,0,9999
58804,73403,2022-03-24,0,0,9999
58809,73408,2025-04-22,0,0,9999
58822,73427,2024-04-29,0,0,9999
58825,73432,2023-09-16,0,0,9999
58834,73442,2025-04-25,0,0,9999
58837,73445,2024-07-07,0,0,9999
58854,73472,2025-08-06,0,0,9999
58867,73488,2019-05-11,0,0,9999
58867,73490,2021-04-30,0,1,720
58879,73503,2024-04-28,0,0,9999
58879,73505,2025-05-02,0,1,369
58881,73509,2024-08-29,0,0,9999
58888,73515,2026-01-17,0,0,9999
58893,73523,2020-11-10,0,0,9999
58903,73532,2023-02-10,0,0,9999
58906,73536,2025-12-06,0,0,9999
58910,73542,2025-06-26,0,0,9999
58918,73554,2025-07-13,0,0,9999
58923,73563,2025-10-04,0,0,9999
58927,73570,2024-10-21,0,0,9999
58936,73583,2025-10-27,0,0,9999
58939,73586,2025-12-07,0,0,9999
58939,73588,2026-01-25,0,1,49
58946,73602,2023-08-14,0,0,9999
58952,73611,2024-03-06,0,0,9999
58954,73613,2021-01-09,0,0,9999
58970,73637,2021-11-16,0,0,9999
58990,73665,2025-06-05,0,0,9999
58994,73669,2024-01-29,0,0,9999
58999,73676,2025-12-31,0,1,793
58999,73677,2023-10-30,0,0,9999
59003,73679,2023-08-06,0,0,9999
59029,73706,2021-12-21,0,0,9999
59037,73716,2025-04-08,0,0,9999
59039,73718,2024-08-13,0,0,9999
59040,73720,2025-12-06,0,0,9999
59043,73723,2023-05-20,0,0,9999
59043,73725,2026-01-25,0,1,981
59044,73726,2026-01-08,0,0,9999
59051,73735,2024-10-24,0,0,9999
59052,73737,2025-10-15,0,0,9999
59055,73739,2026-01-17,0,0,9999
59061,73745,2025-10-23,0,0,9999
59068,73755,2024-01-14,0,0,9999
59074,73763,2022-07-02,0,0,9999
59086,73781,2024-04-09,0,2,125
59086,73783,2023-01-30,0,0,9999
59086,73784,2023-12-06,0,1,310
59095,73792,2023-01-03,0,0,9999
59102,73804,2024-12-01,0,0,9999
59114,73817,2026-01-17,0,0,9999
59133,73831,2023-08-13,0,0,9999
59159,73860,2020-03-15,0,0,9999
59161,73864,2024-07-23,0,0,9999
59168,73871,2024-11-20,0,0,9999
59173,73876,2024-05-31,0,0,9999
59182,73884,2025-09-15,0,0,9999
59186,73888,2022-11-03,0,0,9999
59188,73889,2025-03-01,0,0,9999
59192,73895,2025-06-06,0,0,9999
59194,73897,2024-06-11,0,0,9999
59196,73898,2024-08-10,0,1,175
59196,73899,2024-02-17,0,0,9999
59197,73901,2022-10-10,0,0,9999
59202,73908,2025-05-12,0,0,9999
59214,73920,2025-07-29,0,0,9999
59219,73927,2024-04-30,0,0,9999
59239,73948,2026-01-26,0,0,9999
59243,73950,2026-01-29,0,0,9999
59248,73957,2022-05-15,0,0,9999
59252,73960,2024-12-21,0,0,9999
59254,73963,2023-12-14,0,0,9999
59255,73964,2026-01-08,0,0,9999
59274,73988,2024-09-16,0,0,9999
59281,73996,2025-11-15,0,0,9999
59318,74042,2025-01-22,0,0,9999
59323,74050,2025-07-16,0,0,9999
59331,74061,2026-01-11,0,0,9999
59336,74066,2025-07-27,0,0,9999
59339,74070,2025-06-27,0,0,9999
59363,74096,2025-05-31,0,0,9999
59365,74099,2024-01-24,0,0,9999
59371,74105,2019-12-31,0,0,9999
59371,74106,2021-04-07,0,1,463
59379,74114,2025-11-14,0,0,9999
59389,74128,2026-01-28,0,0,9999
59392,74132,2022-11-04,0,0,9999
59397,74138,2023-02-05,0,0,9999
59404,74148,2022-03-03,0,0,9999
59420,74173,2024-09-13,0,0,9999
59423,74177,2023-01-15,0,0,9999
59426,74179,2025-11-26,0,1,1471
59426,74182,2021-11-16,0,0,9999
59435,74195,2025-07-17,0,0,9999
59454,74211,2025-08-20,0,0,9999
59455,74212,2020-08-08,0,0,9999
59462,74221,2025-12-18,0,0,9999
59473,74234,2022-07-07,0,1,804
59473,74236,2024-09-10,0,2,796
59473,74237,2020-04-24,0,0,9999
59481,74241,2026-01-02,1,0,9999
59481,74242,2026-01-26,0,1,24
59482,74245,2022-12-02,0,1,198
59482,74246,2022-05-18,0,0,9999
59486,74254,2024-12-03,0,0,9999
59508,74280,2026-01-16,0,0,9999
59509,74281,2025-09-26,0,0,9999
59510,74283,2024-11-23,0,0,9999
59526,74309,2022-11-10,0,0,9999
59528,74311,2022-06-01,0,1,1084
59528,74312,2019-06-13,0,0,9999
59532,74316,2025-05-26,0,0,9999
59573,74369,2021-02-27,0,0,9999
59578,74373,2024-01-21,0,0,9999
59587,74383,2022-10-12,0,0,9999
59587,74384,2023-12-09,0,1,423
59598,74397,2025-08-16,0,0,9999
59600,74403,2026-01-02,0,1,81
59600,74404,2025-10-13,0,0,9999
59604,74409,2024-03-21,0,0,9999
59605,74411,2026-01-30,0,0,9999
59609,74416,2023-04-23,0,0,9999
59620,74430,2022-06-14,0,0,9999
59629,74439,2025-07-28,0,0,9999
59633,74445,2022-11-09,0,0,9999
59640,74458,2022-12-07,0,0,9999
59644,74464,2025-08-13,1,0,9999
59644,74465,2025-09-11,0,1,29
59645,74467,2023-08-23,0,0,9999
59650,74471,2024-11-03,0,0,9999
59672,74492,2026-01-04,0,0,9999
59673,74494,2023-12-20,0,0,9999
59673,74495,2025-07-08,0,1,566
59674,74497,2022-09-04,0,0,9999
59679,74507,2021-08-22,0,0,9999
59686,74517,2025-08-30,0,1,734
59686,74518,2023-08-27,0,0,9999
59692,74526,2025-10-28,0,0,9999
59707,74550,2025-11-22,0,0,9999
59708,74552,2025-04-03,0,0,9999
59715,74559,2025-09-10,0,0,9999
59740,74585,2025-12-24,0,0,9999
59760,74611,2023-07-11,0,0,9999
59774,74629,2026-01-29,0,0,9999
59776,74632,2024-08-27,0,0,9999
59790,74652,2025-09-25,0,1,168
59790,74653,2025-04-10,0,0,9999
59792,74657,2023-10-12,0,0,9999
59794,74658,2023-11-05,0,0,9999
59794,74659,2024-12-04,0,1,395
59802,74670,2019-06-15,0,0,9999
59806,74679,2022-03-17,0,0,9999
59815,74685,2022-06-02,0,0,9999
59828,74700,2025-03-02,0,0,9999
59832,74703,2022-12-08,0,0,9999
59833,74704,2022-05-29,0,0,9999
59835,74706,2023-05-17,0,0,9999
59838,74711,2025-01-14,0,0,9999
59841,74717,2024-11-22,0,0,9999
59844,74719,2021-01-14,0,0,9999
59849,74731,2025-06-21,0,0,9999
59871,74756,2025-06-02,0,0,9999
59876,74762,2025-12-29,0,0,9999
59879,74765,2024-06-28,0,0,9999
59883,74768,2025-09-30,0,0,9999
59893,74780,2023-08-28,0,0,9999
59897,74786,2024-02-15,0,0,9999
59898,74788,2025-07-21,0,0,9999
59921,74817,2024-05-21,0,0,9999
59922,74819,2022-09-04,0,0,9999
59925,74823,2026-01-28,1,0,9999
59925,74825,2026-01-30,0,1,2
59935,74837,2024-08-03,0,0,9999
59937,74840,2025-08-22,0,0,9999
59938,74841,2023-07-02,0,0,9999
59941,74844,2026-01-30,0,0,9999
59955,74858,2024-07-26,0,0,9999
59959,74866,2024-09-25,0,0,9999
59959,74867,2025-05-18,0,1,235
59961,74870,2024-10-16,0,0,9999
59980,74894,2023-08-30,0,1,545
59980,74896,2022-03-03,0,0,9999
59990,74908,2025-05-31,0,0,9999
59997,74917,2024-02-03,0,0,9999
60031,74956,2024-02-15,0,0,9999
60036,74961,2024-12-13,0,0,9999
60044,74972,2025-10-20,0,0,9999
60049,74976,2021-07-09,0,0,9999
60052,74979,2024-03-12,0,0,9999
60057,74989,2021-07-17,0,0,9999
60060,74995,2025-10-23,0,1,525
60060,74996,2024-05-16,0,0,9999
60061,74997,2023-01-21,0,0,9999
60077,75012,2023-08-20,0,0,9999
60085,75021,2024-10-18,0,0,9999
60087,75023,2025-10-15,0,0,9999
60094,75033,2020-05-30,0,0,9999
60097,75035,2025-08-24,0,0,9999
60098,75036,2023-05-29,0,0,9999
60122,75058,2024-12-29,0,0,9999
60127,75062,2023-10-29,0,0,9999
60127,75063,2023-12-31,0,1,63
60133,75068,2020-04-14,0,0,9999
60135,75070,2023-07-08,0,0,9999
60143,75080,2020-02-01,0,0,9999
60152,75088,2025-10-25,0,0,9999
60160,75093,2024-08-25,0,0,9999
60160,75094,2025-06-28,0,1,307
60171,75103,2024-10-30,0,0,9999
60180,75114,2023-07-10,0,0,9999
60182,75117,2025-09-05,0,0,9999
60205,75142,2026-01-31,0,0,9999
60208,75147,2021-08-29,0,0,9999
60212,75149,2023-02-24,0,0,9999
60215,75154,2025-03-03,0,0,9999
60216,75155,2020-06-15,0,0,9999
60216,75156,2021-09-02,0,1,444
60218,75161,2024-03-07,0,0,9999
60222,75166,2022-08-17,0,0,9999
60222,75168,2023-07-18,0,1,335
60222,75169,2025-06-24,0,2,707
60225,75172,2026-01-11,0,0,9999
60227,75175,2024-10-06,0,0,9999
60229,75178,2021-05-18,0,0,9999
60231,75184,2025-01-29,0,0,9999
60239,75196,2025-10-11,0,0,9999
60244,75202,2025-05-21,0,1,1356
60244,75203,2021-09-03,0,0,9999
60246,75206,2024-11-18,0,0,9999
60254,75214,2022-07-08,0,0,9999
60290,75261,2026-01-02,0,0,9999
60295,75268,2021-03-21,0,0,9999
60298,75274,2026-01-13,0,0,9999
60299,75277,2025-07-19,0,0,9999
60324,75318,2026-01-24,0,0,9999
60326,75323,2025-11-07,0,0,9999
60331,75327,2025-02-17,0,0,9999
60344,75342,2025-01-29,0,0,9999
60353,75355,2025-10-21,0,0,9999
60375,75380,2023-12-24,0,0,9999
60392,75399,2025-04-25,0,0,9999
60401,75412,2025-10-01,0,0,9999
60403,75414,2023-06-29,0,0,9999
60403,75416,2025-04-07,0,1,648
60407,75421,2024-01-11,0,0,9999
60442,75465,2025-03-31,0,0,9999
60453,75479,2024-08-07,0,0,9999
60473,75499,2023-10-19,0,0,9999
60474,75501,2025-09-09,0,0,9999
60477,75509,2020-12-01,0,0,9999
60479,75512,2021-09-17,0,0,9999
60487,75526,2025-06-27,0,0,9999
60488,75527,2025-06-28,0,0,9999
60489,75530,2025-11-18,0,0,9999
60495,75539,2026-01-26,1,0,9999
60495,75541,2026-01-28,0,1,2
60507,75557,2023-11-11,0,1,74
60507,75558,2024-08-19,0,2,282
60507,75559,2023-08-29,0,0,9999
60511,75566,2025-03-30,0,0,9999
60513,75569,2025-06-02,0,0,9999
60514,75571,2025-10-05,0,0,9999
60515,75573,2025-09-02,0,0,9999
60518,75580,2025-08-30,0,0,9999
60540,75605,2025-06-24,0,0,9999
60550,75620,2025-05-31,1,0,9999
60550,75622,2025-06-10,0,1,10
60552,75624,2025-04-12,0,0,9999
60553,75626,2022-01-13,0,0,9999
60560,75634,2025-08-21,0,0,9999
60562,75636,2025-10-29,0,0,9999
60564,75641,2024-02-03,0,0,9999
60566,75644,2025-11-20,0,0,9999
60581,75659,2020-01-15,0,0,9999
60582,75661,2025-12-11,0,0,9999
60587,75668,2021-02-19,0,0,9999
60590,75672,2023-01-22,0,0,9999
60619,75719,2026-01-17,0,1,19
60619,75721,2025-12-29,1,0,9999
60623,75730,2025-10-16,0,0,9999
60638,75751,2023-09-22,0,0,9999
60640,75755,2025-08-22,0,0,9999
60647,75765,2020-05-31,0,0,9999
60653,75767,2024-11-10,0,0,9999
60653,75768,2025-11-15,0,1,370
60666,75788,2025-12-24,0,0,9999
60667,75789,2026-01-10,0,0,9999
60681,75806,2025-08-12,0,1,188
60681,75807,2025-02-05,0,0,9999
60689,75819,2023-05-30,0,0,9999
60696,75830,2025-07-09,0,0,9999
60702,75838,2025-09-16,0,0,9999
60726,75859,2024-04-02,0,0,9999
60737,75869,2023-01-05,0,0,9999
60738,75870,2025-01-22,0,0,9999
60742,75873,2025-11-30,0,0,9999
60752,75881,2025-08-17,0,0,9999
60759,75889,2023-12-25,0,0,9999
60763,75900,2023-12-17,0,0,9999
60770,75912,2026-01-20,0,0,9999
60772,75915,2026-01-10,0,2,72
60772,75916,2025-10-30,0,1,7
60772,75917,2025-10-23,1,0,9999
60773,75920,2025-04-02,0,1,445
60773,75922,2024-01-13,0,0,9999
60780,75930,2025-12-25,0,0,9999
60788,75943,2021-01-10,0,0,9999
60789,75945,2024-10-04,0,0,9999
60792,75948,2022-04-25,0,0,9999
60800,75958,2025-08-20,0,0,9999
60810,75968,2026-01-28,0,0,9999
60830,75981,2023-01-07,0,0,9999
60839,75991,2025-12-30,0,0,9999
60849,76003,2020-09-04,0,0,9999
60860,76014,2024-01-17,0,0,9999
60876,76030,2025-04-24,0,0,9999
60881,76036,2021-02-14,0,0,9999
60888,76046,2023-05-28,0,0,9999
60895,76057,2023-04-10,0,0,9999
60900,76062,2025-05-27,0,0,9999
60913,76077,2022-09-01,0,0,9999
60920,76086,2023-10-29,0,0,9999
60934,76109,2024-11-09,0,0,9999
60935,76111,2025-10-05,0,0,9999
60957,76134,2023-12-13,0,0,9999
60959,76136,2025-12-10,0,0,9999
60966,76145,2025-10-30,0,0,9999
60968,76148,2024-01-24,0,1,79
60968,76149,2023-11-06,0,0,9999
60977,76167,2024-01-03,0,0,9999
60990,76181,2025-07-17,0,0,9999
61006,76200,2025-11-15,0,0,9999
61029,76227,2022-02-28,0,0,9999
61033,76234,2026-01-23,0,0,9999
61040,76248,2025-12-26,0,0,9999
61050,76263,2020-04-20,0,0,9999
61050,76265,2025-07-22,0,1,1919
61066,76285,2021-02-08,0,0,9999
61071,76289,2024-01-05,0,0,9999
61087,76300,2022-11-06,0,0,9999
61091,76306,2021-01-10,0,0,9999
61092,76307,2020-03-29,0,0,9999
61100,76317,2023-10-02,0,0,9999
61103,76321,2023-12-09,0,0,9999
61104,76322,2024-11-04,0,0,9999
61112,76337,2025-05-14,0,0,9999
61135,76362,2025-02-23,0,0,9999
61137,76366,2026-01-29,0,0,9999
61146,76371,2025-11-16,0,0,9999
61155,76383,2020-06-08,0,0,9999
61170,76405,2025-02-23,0,0,9999
61172,76409,2025-10-30,0,0,9999
61182,76424,2025-06-01,0,0,9999
61191,76433,2024-10-14,0,0,9999
61196,76440,2024-12-28,0,0,9999
61200,76447,2025-10-11,0,0,9999
61202,76451,2024-06-18,0,0,9999
61205,76456,2024-01-11,0,0,9999
61207,76458,2023-11-12,0,0,9999
61211,76462,2024-12-16,0,0,9999
61222,76478,2025-06-20,0,0,9999
61224,76483,2025-08-17,0,0,9999
61226,76486,2023-03-08,0,0,9999
61232,76494,2023-04-13,0,0,9999
61255,76514,2021-10-17,0,0,9999
61256,76515,2024-04-20,0,0,9999
61260,76520,2023-09-25,0,0,9999
61266,76526,2023-01-11,0,0,9999
61268,76528,2024-07-30,0,0,9999
61277,76539,2026-01-18,0,0,9999
61279,76542,2024-10-15,0,0,9999
61279,76543,2025-10-26,0,1,376
61283,76551,2019-12-25,0,0,9999
61295,76568,2021-09-25,0,0,9999
61297,76569,2022-02-20,0,0,9999
61302,76574,2024-03-06,0,0,9999
61303,76575,2025-03-23,0,0,9999
61304,76576,2026-01-24,0,1,23
61304,76577,2026-01-01,1,0,9999
61305,76578,2024-02-23,0,0,9999
61306,76580,2021-11-01,0,0,9999
61309,76584,2024-04-09,0,0,9999
61314,76591,2022-05-19,0,0,9999
61324,76602,2026-01-21,0,0,9999
61335,76617,2024-02-12,0,0,9999
61337,76621,2025-06-21,0,0,9999
61355,76637,2023-03-08,0,1,191
61355,76638,2022-08-29,0,0,9999
61360,76644,2024-07-08,0,0,9999
61372,76652,2024-02-19,0,0,9999
61376,76663,2025-06-30,0,0,9999
61383,76670,2023-07-20,0,0,9999
61386,76674,2025-10-20,0,0,9999
61401,76698,2024-09-08,0,0,9999
61403,76701,2024-08-13,0,0,9999
61418,76716,2023-11-22,0,0,9999
61429,76728,2023-09-02,0,0,9999
61434,76731,2024-09-22,0,0,9999
61446,76747,2025-07-02,0,0,9999
61449,76748,2022-02-05,0,0,9999
61461,76769,2023-01-11,0,0,9999
61464,76774,2021-04-15,0,0,9999
61475,76790,2022-07-14,0,0,9999
61480,76793,2021-06-14,0,0,9999
61480,76795,2023-02-16,0,1,612
61485,76798,2025-07-14,0,0,9999
61491,76804,2025-10-20,0,1,638
61491,76805,2026-01-23,0,2,95
61491,76806,2024-01-21,0,0,9999
61493,76808,2020-01-07,0,0,9999
61495,76813,2022-04-20,0,0,9999
61504,76823,2021-10-20,0,0,9999
61505,76824,2025-08-17,0,0,9999
61509,76827,2021-08-11,0,0,9999
61509,76828,2025-09-07,0,1,1488
61515,76831,2026-01-24,0,0,9999
61527,76845,2025-06-30,0,1,631
61527,76846,2023-10-08,0,0,9999
61529,76847,2025-11-17,0,0,9999
61531,76848,2025-10-31,0,0,9999
61535,76851,2024-07-01,0,1,943
61535,76853,2021-12-01,0,0,9999
61543,76861,2025-03-08,0,0,9999
61554,76875,2025-04-29,0,1,214
61554,76876,2024-09-27,0,0,9999
61558,76879,2025-07-25,0,0,9999
61568,76888,2022-12-20,0,0,9999
61569,76891,2023-05-09,0,0,9999
61576,76901,2024-03-22,0,0,9999
61579,76904,2025-03-29,0,1,39
61579,76905,2025-02-18,0,0,9999
61579,76906,2025-05-02,0,2,34
61602,76937,2025-07-13,0,0,9999
61615,76949,2023-03-14,0,0,9999
61629,76964,2023-08-07,0,0,9999
61630,76965,2025-10-08,0,0,9999
61643,76977,2025-09-04,0,0,9999
61661,76995,2025-10-26,0,0,9999
61667,77003,2025-07-11,0,0,9999
61668,77005,2025-11-01,0,0,9999
61668,77007,2026-01-29,0,1,89
61675,77017,2026-01-30,0,0,9999
61677,77018,2025-11-17,0,0,9999
61688,77032,2023-06-18,0,0,9999
61695,77046,2023-08-31,0,0,9999
61708,77060,2025-11-12,0,0,9999
61725,77075,2024-08-14,0,0,9999
61734,77093,2022-09-13,0,0,9999
61737,77099,2022-03-17,0,0,9999
61741,77109,2024-10-15,0,0,9999
61742,77111,2024-07-23,0,0,9999
61747,77117,2026-01-10,0,0,9999
61749,77119,2025-12-30,0,0,9999
61759,77134,2025-09-10,0,0,9999
61760,77136,2025-09-16,0,0,9999
61776,77150,2024-08-27,0,0,9999
61801,77179,2021-01-03,0,0,9999
61811,77190,2025-07-07,0,0,9999
61817,77198,2025-12-22,0,0,9999
61837,77230,2023-05-23,0,0,9999
61842,77236,2025-07-21,0,0,9999
61842,77237,2025-12-09,0,1,141
61846,77244,2025-09-14,0,0,9999
61848,77248,2024-04-05,0,0,9999
61861,77260,2025-03-28,0,0,9999
61876,77279,2024-01-26,0,0,9999
61879,77284,2024-02-05,0,0,9999
61888,77299,2021-12-28,0,0,9999
61890,77304,2025-11-28,0,0,9999
61906,77324,2024-07-03,0,0,9999
61908,77326,2025-08-08,0,0,9999
61911,77329,2021-01-15,0,0,9999
61913,77335,2022-11-12,0,0,9999
61920,77341,2025-08-11,0,0,9999
61925,77347,2023-07-29,0,0,9999
61930,77353,2023-08-11,0,0,9999
61935,77361,2025-11-08,0,0,9999
61940,77368,2022-05-27,0,0,9999
61947,77375,2024-12-26,0,0,9999
61951,77378,2025-04-09,0,0,9999
61954,77384,2023-08-18,0,0,9999
61959,77391,2025-01-16,0,0,9999
61961,77393,2025-07-25,0,0,9999
61988,77430,2025-12-19,0,0,9999
61995,77435,2023-11-20,0,0,9999
61999,77439,2025-10-14,0,0,9999
62006,77450,2025-10-28,0,0,9999
62021,77478,2026-01-29,0,0,9999
62023,77484,2022-08-19,0,0,9999
62027,77492,2025-02-26,0,0,9999
62035,77500,2025-04-29,0,0,9999
62053,77516,2023-07-05,0,0,9999
62064,77533,2025-02-15,0,0,9999
62069,77537,2024-01-04,0,0,9999
62075,77548,2025-10-02,0,0,9999
62089,77569,2025-07-10,0,0,9999
62090,77572,2021-02-13,0,0,9999
62098,77580,2026-01-15,0,0,9999
62107,77592,2024-01-20,0,0,9999
62110,77595,2023-04-11,0,0,9999
62127,77614,2022-06-20,0,0,9999
62146,77638,2023-08-06,0,0,9999
62147,77640,2025-12-01,0,0,9999
62148,77642,2026-01-02,0,0,9999
62153,77647,2025-01-23,0,0,9999
62154,77649,2022-11-25,0,0,9999
62161,77655,2022-09-15,0,0,9999
62168,77667,2025-03-24,0,0,9999
62172,77673,2024-04-29,0,0,9999
62175,77674,2024-01-06,0,0,9999
62177,77677,2025-02-09,0,0,9999
62184,77683,2024-11-11,0,0,9999
62187,77687,2022-02-19,0,0,9999
62212,77711,2023-10-17,0,0,9999
62212,77712,2025-11-13,0,1,758
62216,77716,2025-07-10,0,0,9999
62217,77717,2025-12-22,0,0,9999
62222,77722,2024-08-19,0,0,9999
62224,77725,2024-12-03,0,0,9999
62225,77726,2026-01-05,0,0,9999
62240,77742,2022-07-12,0,0,9999
62242,77744,2025-12-08,0,0,9999
62244,77748,2023-03-01,0,0,9999
62247,77753,2024-03-22,0,0,9999
62250,77757,2024-07-29,0,0,9999
62267,77779,2025-04-01,0,0,9999
62270,77783,2023-10-09,0,0,9999
62273,77786,2025-11-05,0,0,9999
62278,77793,2025-09-02,0,0,9999
62281,77800,2024-08-04,0,0,9999
62290,77809,2023-01-09,0,0,9999
62302,77827,2022-01-24,0,0,9999
62312,77838,2025-10-05,0,0,9999
62317,77844,2024-11-18,0,0,9999
62331,77859,2023-09-26,0,0,9999
62346,77874,2024-01-09,0,0,9999
62354,77891,2020-11-25,0,0,9999
62358,77894,2025-01-24,0,0,9999
62361,77895,2025-01-31,0,0,9999
62366,77898,2024-02-18,0,0,9999
62367,77900,2023-12-31,0,0,9999
62373,77904,2022-08-01,0,0,9999
62390,77928,2025-12-18,0,0,9999
62394,77932,2023-11-01,0,0,9999
62396,77936,2020-03-08,0,0,9999
62415,77963,2025-10-07,0,0,9999
62421,77972,2020-12-18,0,0,9999
62433,77985,2020-11-18,0,0,9999
62436,77987,2021-09-19,0,0,9999
62439,77992,2022-09-07,0,0,9999
62443,77998,2026-01-07,0,1,13
62443,77999,2025-12-25,1,0,9999
62444,78000,2023-05-08,0,0,9999
62449,78005,2024-10-15,0,0,9999
62455,78013,2020-11-25,0,0,9999
62467,78024,2025-04-30,0,1,255
62467,78025,2024-08-18,0,0,9999
62489,78055,2025-12-20,0,0,9999
62495,78062,2025-10-21,0,0,9999
62510,78083,2024-04-17,0,0,9999
62510,78085,2025-05-12,0,1,390
62516,78091,2025-05-15,0,0,9999
62528,78112,2022-08-23,0,0,9999
62540,78127,2023-03-26,0,0,9999
62549,78143,2026-01-29,0,0,9999
62551,78145,2025-05-15,0,1,349
62551,78146,2024-05-31,0,0,9999
62557,78154,2026-01-30,0,0,9999
62565,78168,2026-01-21,0,0,9999
62567,78173,2025-05-19,0,0,9999
62579,78194,2026-01-23,0,0,9999
62583,78201,2023-02-01,0,0,9999
62589,78207,2019-10-06,0,0,9999
62590,78209,2023-05-03,0,0,9999
62607,78230,2022-01-11,0,0,9999
62613,78239,2026-01-18,0,1,85
62613,78240,2025-10-25,0,0,9999
62629,78261,2021-11-27,0,0,9999
62643,78281,2023-07-30,0,0,9999
62644,78282,2025-03-23,0,0,9999
62662,78299,2024-08-20,0,0,9999
62671,78306,2022-04-23,0,0,9999
62684,78324,2025-10-23,0,0,9999
62692,78329,2025-10-25,0,0,9999
62693,78330,2026-01-28,0,0,9999
62698,78337,2025-01-25,0,0,9999
62711,78352,2024-07-27,0,0,9999
62719,78367,2026-01-30,0,0,9999
62719,78368,2026-01-30,0,0,9999
62720,78370,2025-04-09,0,0,9999
62729,78379,2023-11-14,0,0,9999
62730,78381,2025-09-12,0,0,9999
62731,78383,2023-03-21,0,0,9999
62735,78388,2022-12-21,0,0,9999
62737,78390,2025-07-15,0,0,9999
62739,78393,2020-05-08,0,0,9999
62740,78394,2024-12-19,0,0,9999
62779,78436,2025-03-16,0,0,9999
62783,78444,2021-12-23,0,0,9999
62800,78463,2020-04-29,0,0,9999
62801,78464,2025-12-18,0,0,9999
62808,78470,2024-01-18,0,0,9999
62808,78471,2024-09-10,0,1,236
62820,78481,2024-07-28,0,0,9999
62823,78485,2025-10-01,0,0,9999
62840,78506,2025-05-22,0,0,9999
62842,78511,2024-04-27,0,0,9999
62842,78512,2024-10-01,0,1,157
62861,78530,2025-11-12,0,0,9999
62869,78543,2024-01-02,0,0,9999
62878,78553,2022-01-10,0,0,9999
62892,78574,2024-05-11,0,0,9999
62895,78577,2025-10-29,0,1,96
62895,78580,2025-07-25,0,0,9999
62896,78581,2023-08-24,0,0,9999
62902,78589,2023-10-06,0,0,9999
62909,78598,2025-12-02,0,0,9999
62911,78603,2025-04-28,0,0,9999
62921,78614,2024-08-08,0,0,9999
62929,78624,2025-03-02,0,0,9999
62933,78632,2025-04-23,0,1,119
62933,78634,2024-12-25,0,0,9999
62934,78636,2025-09-30,0,0,9999
62944,78647,2024-08-17,0,0,9999
62945,78649,2020-08-22,0,0,9999
62947,78653,2025-02-14,0,0,9999
62947,78655,2025-09-05,0,1,203
62967,78673,2024-12-23,0,0,9999
62972,78679,2025-05-08,0,0,9999
62972,78681,2026-01-11,0,1,248
62993,78706,2024-04-02,0,0,9999
62995,78707,2025-06-08,0,0,9999
63010,78719,2025-03-19,0,0,9999
63011,78720,2025-09-14,0,0,9999
63025,78735,2025-01-20,0,0,9999
63025,78736,2025-09-19,0,1,242
63028,78740,2023-10-28,0,0,9999
63029,78741,2024-02-23,0,0,9999
63029,78742,2024-06-08,0,1,106
63031,78745,2022-12-17,0,0,9999
63049,78769,2023-03-24,0,0,9999
63057,78783,2024-12-24,0,0,9999
63064,78789,2023-10-18,0,0,9999
63067,78792,2024-02-13,0,0,9999
63073,78800,2022-11-16,0,0,9999
63073,78801,2024-07-19,0,1,611
63075,78805,2025-09-15,0,0,9999
63084,78818,2026-01-28,0,0,9999
63105,78850,2024-07-06,0,1,245
63105,78851,2023-11-04,0,0,9999
63121,78871,2026-01-13,0,0,9999
63133,78883,2024-07-31,0,0,9999
63147,78896,2024-04-28,0,0,9999
63148,78898,2020-03-06,0,0,9999
63152,78905,2024-07-31,0,0,9999
63162,78917,2023-11-24,0,0,9999
63165,78921,2021-06-22,0,0,9999
63176,78935,2022-04-18,0,0,9999
63196,78964,2024-10-19,0,0,9999
63204,78978,2026-01-30,0,0,9999
63207,78981,2023-05-29,0,0,9999
63210,78987,2025-09-15,0,0,9999
63220,78997,2024-01-28,0,0,9999
63222,78998,2021-11-06,0,0,9999
63223,79000,2025-10-15,0,0,9999
63225,79001,2023-06-12,0,0,9999
63231,79009,2025-06-20,0,0,9999
63233,79014,2024-08-21,0,0,9999
63238,79022,2025-12-05,0,0,9999
63259,79044,2024-02-08,0,0,9999
63283,79070,2022-01-14,0,0,9999
63289,79078,2025-11-16,0,0,9999
63290,79080,2025-02-11,0,0,9999
63295,79089,2024-06-17,0,0,9999
63333,79122,2025-04-08,0,0,9999
63333,79125,2025-05-18,0,1,40
63348,79142,2026-01-30,0,0,9999
63354,79154,2023-07-28,0,0,9999
63360,79165,2025-12-15,0,0,9999
63363,79170,2025-12-05,0,0,9999
63368,79178,2026-01-13,0,0,9999
63371,79182,2023-11-01,0,0,9999
63377,79191,2025-07-14,0,1,239
63377,79193,2024-11-17,0,0,9999
63403,79227,2021-03-05,0,0,9999
63410,79236,2022-02-01,0,0,9999
63413,79242,2025-10-05,0,0,9999
63422,79256,2025-11-29,0,0,9999
63430,79268,2024-09-30,0,0,9999
63441,79278,2025-11-15,0,0,9999
63447,79284,2025-12-24,0,1,1441
63447,79285,2022-01-13,0,0,9999
63450,79290,2025-07-15,0,0,9999
63457,79300,2025-10-21,0,0,9999
63460,79304,2025-08-19,0,0,9999
63464,79309,2025-06-01,0,0,9999
63477,79326,2025-11-11,0,0,9999
63510,79367,2020-11-09,0,0,9999
63512,79369,2025-02-09,0,0,9999
63514,79371,2025-11-19,0,0,9999
63525,79390,2023-03-02,0,0,9999
63534,79402,2023-08-07,0,0,9999
63535,79404,2026-01-05,0,0,9999
63543,79412,2025-04-12,0,0,9999
63566,79440,2022-04-14,0,0,9999
63570,79448,2021-02-05,0,0,9999
63577,79458,2022-10-06,0,0,9999
63577,79459,2025-05-31,0,1,968
63581,79465,2024-04-06,0,0,9999
63589,79474,2024-10-14,0,0,9999
63593,79484,2020-10-24,0,0,9999
63605,79498,2024-02-02,0,0,9999
63612,79505,2022-10-08,0,0,9999
63615,79509,2024-06-19,0,0,9999
63633,79534,2025-09-30,0,1,1278
63633,79535,2022-04-01,0,0,9999
63635,79536,2023-12-19,0,0,9999
63643,79548,2026-01-28,0,0,9999
63661,79564,2026-01-21,0,0,9999
63666,79571,2024-05-01,0,0,9999
63667,79574,2022-12-12,0,0,9999
63667,79575,2024-07-18,0,1,584
63668,79576,2024-11-24,0,0,9999
63671,79579,2024-07-31,0,0,9999
63679,79588,2022-10-06,0,0,9999
63690,79596,2024-12-14,0,0,9999
63697,79602,2025-06-19,0,0,9999
63700,79609,2020-10-05,0,0,9999
63704,79613,2026-01-11,0,0,9999
63719,79632,2024-11-28,0,1,166
63719,79633,2025-10-01,0,2,307
63719,79635,2024-06-15,0,0,9999
63737,79651,2024-10-06,0,0,9999
63738,79652,2025-11-21,0,0,9999
63740,79654,2024-06-16,0,0,9999
63744,79659,2022-04-02,0,0,9999
63756,79675,2024-11-13,0,0,9999
63793,79715,2023-02-09,0,1,495
63793,79717,2021-10-02,0,0,9999
63811,79741,2025-12-21,0,0,9999
63814,79742,2025-07-27,0,0,9999
63825,79757,2024-02-05,0,0,9999
63835,79768,2022-02-13,0,0,9999
63838,79771,2023-03-20,0,0,9999
63841,79774,2023-08-18,0,0,9999
63844,79779,2020-03-26,0,0,9999
63847,79782,2023-11-08,0,0,9999
63848,79784,2025-09-09,0,0,9999
63857,79798,2023-10-10,0,0,9999
63859,79801,2024-02-22,0,0,9999
63869,79816,2026-01-03,0,0,9999
63873,79820,2023-05-22,0,0,9999
63891,79837,2023-10-10,0,0,9999
63898,79847,2025-11-30,0,2,88
63898,79849,2025-07-12,0,0,9999
63898,79850,2025-09-03,0,1,53
63903,79852,2024-01-29,0,0,9999
63903,79853,2025-06-28,0,1,516
63910,79857,2023-07-18,0,0,9999
63913,79861,2025-12-13,0,0,9999
63921,79872,2024-07-15,0,0,9999
63923,79875,2023-09-22,0,0,9999
63927,79880,2023-08-13,0,0,9999
63947,79906,2025-07-25,0,0,9999
63951,79913,2024-01-09,0,0,9999
63955,79915,2024-05-27,0,0,9999
63957,79918,2025-02-15,0,0,9999
63964,79925,2024-04-28,0,0,9999
63967,79929,2023-12-11,0,0,9999
63969,79931,2021-01-18,0,0,9999
63976,79938,2025-10-29,0,0,9999
63978,79941,2023-06-18,0,0,9999
63987,79950,2022-07-06,0,0,9999
63994,79959,2026-01-23,0,0,9999
64009,79975,2019-05-30,0,0,9999
64017,79983,2024-04-05,0,0,9999
64020,79987,2025-06-14,0,0,9999
64025,79991,2023-10-16,0,0,9999
64037,80007,2025-09-12,0,0,9999
64038,80009,2021-04-11,0,0,9999
64045,80016,2019-08-08,0,0,9999
64049,80020,2023-05-26,0,0,9999
64052,80027,2026-01-30,0,0,9999
64070,80059,2020-11-20,0,0,9999
64076,80071,2024-01-31,0,0,9999
64081,80078,2025-11-26,0,0,9999
64083,80081,2023-06-01,0,0,9999
64087,80089,2026-01-30,0,0,9999
64098,80101,2023-06-15,0,0,9999
64102,80104,2023-04-07,0,0,9999
64103,80105,2022-11-07,0,0,9999
64106,80111,2022-12-14,0,0,9999
64117,80126,2024-02-16,0,0,9999
64118,80127,2026-01-06,0,0,9999
64127,80133,2024-04-08,0,0,9999
64140,80142,2025-12-29,0,0,9999
64141,80143,2024-09-08,0,0,9999
64141,80144,2024-10-28,0,1,50
64146,80151,2025-05-25,0,0,9999
64147,80153,2024-02-24,0,1,495
64147,80154,2022-10-17,0,0,9999
64147,80156,2025-06-09,0,2,471
64157,80171,2023-11-03,0,1,469
64157,80172,2022-07-22,0,0,9999
64159,80177,2024-02-05,0,0,9999
64159,80178,2025-11-23,0,1,657
64165,80188,2025-02-10,0,0,9999
64179,80203,2026-01-30,0,0,9999
64179,80204,2026-01-30,0,0,9999
64185,80209,2025-11-13,0,0,9999
64200,80229,2022-10-02,0,0,9999
64203,80230,2021-03-24,0,0,9999
64207,80237,2025-11-15,0,0,9999
64213,80249,2025-06-22,0,0,9999
64220,80258,2024-05-14,0,0,9999
64231,80270,2026-01-16,0,0,9999
64232,80271,2021-11-29,0,0,9999
64232,80272,2024-03-02,0,1,824
64236,80276,2022-05-26,0,0,9999
64243,80288,2025-03-18,0,1,417
64243,80289,2024-01-26,0,0,9999
64250,80295,2025-08-13,0,0,9999
64257,80305,2023-10-09,0,0,9999
64271,80319,2024-06-05,0,0,9999
64272,80320,2024-06-03,0,0,9999
64275,80327,2022-01-19,0,0,9999
64280,80331,2025-06-23,0,1,40
64280,80332,2025-05-14,0,0,9999
64284,80337,2025-04-02,0,0,9999
64286,80339,2022-04-06,0,0,9999
64291,80346,2021-04-16,0,0,9999
64292,80347,2025-04-12,0,0,9999
64301,80360,2022-02-12,0,0,9999
64305,80365,2024-05-11,0,0,9999
64309,80372,2022-07-24,0,1,149
64309,80373,2022-02-25,0,0,9999
64311,80376,2025-03-09,0,0,9999
64318,80386,2021-06-20,0,0,9999
64321,80390,2026-01-05,0,0,9999
64336,80402,2026-01-28,0,0,9999
64351,80421,2024-04-09,0,0,9999
64360,80432,2022-08-21,0,1,760
64360,80433,2020-07-22,0,0,9999
64363,80437,2025-09-24,0,0,9999
64367,80443,2026-01-02,0,0,9999
64373,80451,2025-10-20,0,0,9999
64392,80471,2023-06-01,0,0,9999
64393,80473,2024-11-27,0,0,9999
64395,80478,2024-07-12,0,0,9999
64397,80480,2020-11-05,0,0,9999
64402,80487,2024-01-01,0,0,9999
64407,80497,2024-05-13,0,0,9999
64408,80498,2025-12-13,0,0,9999
64425,80520,2021-10-28,0,0,9999
64427,80522,2023-11-30,0,2,353
64427,80523,2022-09-05,0,0,9999
64427,80524,2022-12-12,0,1,98
64441,80537,2021-03-10,0,0,9999
64444,80542,2026-01-02,0,1,194
64444,80544,2025-06-22,0,0,9999
64452,80552,2024-06-23,0,0,9999
64461,80568,2025-03-05,0,0,9999
64466,80574,2025-06-16,0,0,9999
64467,80576,2024-05-11,0,0,9999
64474,80585,2022-04-14,0,0,9999
64483,80593,2021-10-28,0,0,9999
64495,80607,2025-12-28,0,0,9999
64507,80623,2024-11-15,0,0,9999
64509,80628,2025-09-08,0,0,9999
64510,80629,2023-06-25,0,0,9999
64516,80637,2025-03-23,0,0,9999
64529,80650,2023-01-11,0,0,9999
64538,80657,2025-11-06,0,0,9999
64545,80665,2025-11-18,0,0,9999
64548,80669,2025-11-20,0,0,9999
64554,80678,2020-04-10,0,0,9999
64563,80686,2022-11-03,0,0,9999
64571,80694,2025-06-13,0,0,9999
64573,80696,2024-04-15,0,0,9999
64574,80698,2022-09-24,0,0,9999
64576,80699,2023-11-30,0,0,9999
64580,80703,2021-05-16,0,0,9999
64586,80711,2024-01-27,0,0,9999
64587,80712,2024-10-25,0,0,9999
64601,80726,2025-12-29,0,0,9999
64612,80738,2023-01-22,0,0,9999
64612,80739,2025-01-11,0,1,720
64619,80746,2021-04-24,0,0,9999
64622,80751,2021-10-30,0,0,9999
64632,80763,2023-09-11,0,0,9999
64650,80792,2025-10-18,0,0,9999
64654,80794,2024-03-18,0,0,9999
64656,80797,2025-06-24,0,0,9999
64662,80802,2024-08-23,0,0,9999
64667,80808,2023-04-27,0,0,9999
64674,80814,2023-10-03,0,0,9999
64694,80834,2025-09-07,0,0,9999
64696,80839,2025-10-12,0,0,9999
64697,80840,2025-06-05,0,0,9999
64699,80842,2022-12-19,0,0,9999
64702,80847,2021-12-08,0,0,9999
64711,80856,2025-08-20,0,0,9999
64715,80863,2024-02-23,0,0,9999
64730,80887,2020-07-07,0,0,9999
64736,80894,2024-04-08,0,0,9999
64737,80895,2025-10-15,0,0,9999
64739,80897,2022-09-05,0,0,9999
64752,80914,2026-01-25,0,0,9999
64761,80926,2023-06-14,0,0,9999
64762,80928,2026-01-30,0,0,9999
64763,80930,2025-08-08,0,0,9999
64766,80933,2021-02-15,0,0,9999
64780,80948,2025-04-04,0,0,9999
64790,80964,2024-10-04,0,0,9999
64797,80971,2022-11-08,0,0,9999
64808,80990,2025-02-19,0,0,9999
64839,81026,2023-06-16,0,0,9999
64841,81028,2025-04-25,0,0,9999
64842,81029,2024-08-18,0,0,9999
64842,81032,2025-08-26,0,1,373
64850,81046,2024-03-14,0,0,9999
64850,81047,2025-02-12,0,1,335
64868,81065,2025-12-29,0,0,9999
64870,81067,2023-12-17,0,0,9999
64871,81069,2022-05-20,0,0,9999
64872,81071,2023-01-27,0,0,9999
64889,81086,2025-01-06,0,0,9999
64894,81091,2025-08-25,0,0,9999
64897,81096,2022-05-22,0,0,9999
64901,81101,2025-10-06,0,0,9999
64922,81122,2022-11-06,0,0,9999
64926,81129,2024-06-30,0,0,9999
64931,81138,2023-05-16,0,0,9999
64933,81140,2025-06-10,0,0,9999
64941,81150,2021-08-29,0,0,9999
64944,81156,2026-01-30,0,0,9999
64950,81163,2023-12-28,0,0,9999
64956,81170,2025-10-24,0,0,9999
64971,81188,2021-10-31,0,0,9999
64973,81192,2024-03-03,0,0,9999
64995,81214,2025-03-28,0,0,9999
65018,81237,2025-06-21,0,1,432
65018,81240,2024-04-15,0,0,9999
65028,81251,2023-04-13,0,0,9999
65033,81257,2025-10-18,0,0,9999
65038,81265,2025-05-31,0,0,9999
65039,81267,2026-01-13,0,0,9999
65041,81271,2025-08-21,0,0,9999
65042,81274,2025-12-30,0,0,9999
65048,81282,2021-10-08,0,0,9999
65053,81289,2026-01-30,0,0,9999
65066,81302,2023-05-13,0,0,9999
65068,81305,2022-03-23,0,0,9999
65082,81320,2025-03-21,0,0,9999
65101,81353,2024-10-09,0,0,9999
65102,81355,2022-08-22,0,0,9999
65119,81375,2023-06-12,0,0,9999
65121,81378,2025-07-30,0,0,9999
65122,81379,2024-12-05,0,0,9999
65129,81388,2026-01-30,0,0,9999
65133,81395,2021-05-28,0,0,9999
65133,81396,2025-05-22,0,1,1455
65144,81414,2023-03-20,0,0,9999
65147,81417,2025-12-31,0,0,9999
65155,81424,2025-04-20,0,0,9999
65167,81437,2022-09-18,0,0,9999
65170,81444,2023-04-26,0,0,9999
65175,81451,2025-09-12,0,0,9999
65178,81454,2024-09-12,0,0,9999
65211,81501,2022-12-25,0,0,9999
65233,81532,2024-03-23,0,0,9999
65234,81534,2021-10-26,0,0,9999
65237,81537,2026-01-14,0,0,9999
65238,81540,2023-03-01,0,0,9999
65238,81541,2025-09-25,0,1,939
65244,81543,2022-09-29,0,0,9999
65251,81551,2025-05-12,0,0,9999
65259,81559,2024-03-17,0,0,9999
65264,81568,2023-12-08,0,0,9999
65270,81575,2024-04-05,0,0,9999
65277,81584,2026-01-30,0,0,9999
65279,81585,2025-08-29,0,0,9999
65283,81589,2025-11-30,0,0,9999
65288,81594,2025-04-26,0,1,190
65288,81595,2024-10-18,0,0,9999
65290,81598,2019-09-06,0,0,9999
65291,81599,2025-03-17,0,0,9999
65306,81611,2023-06-29,0,0,9999
65308,81614,2025-10-04,0,0,9999
65311,81616,2026-01-17,0,0,9999
65316,81621,2025-07-01,0,0,9999
65322,81626,2025-12-14,0,0,9999
65323,81630,2024-08-15,0,0,9999
65333,81640,2025-09-10,0,0,9999
65333,81641,2025-11-05,0,1,56
65336,81650,2023-09-10,0,0,9999
65344,81658,2023-10-27,0,0,9999
65362,81676,2025-12-27,0,0,9999
65387,81698,2025-08-18,0,0,9999
65390,81704,2025-06-19,0,0,9999
65395,81716,2019-12-23,0,0,9999
65396,81719,2023-01-17,0,0,9999
65402,81723,2024-06-21,0,0,9999
65426,81748,2026-01-18,0,0,9999
65433,81758,2025-05-02,0,0,9999
65435,81760,2023-07-12,0,0,9999
65450,81778,2025-12-07,0,0,9999
65456,81785,2026-01-13,0,0,9999
65461,81790,2020-12-04,0,0,9999
65461,81791,2024-10-22,0,1,1418
65465,81795,2024-10-13,0,1,722
65465,81796,2022-10-22,0,0,9999
65466,81798,2025-08-31,0,0,9999
65467,81800,2024-10-03,0,0,9999
65473,81808,2025-09-29,0,0,9999
65476,81812,2025-03-17,0,0,9999
65488,81829,2023-10-14,0,0,9999
65488,81830,2024-04-08,0,1,177
65508,81855,2025-12-12,0,0,9999
65512,81859,2025-02-24,0,0,9999
65514,81862,2022-11-18,0,0,9999
65518,81870,2026-01-25,0,0,9999
65520,81872,2025-01-13,0,0,9999
65526,81879,2025-08-13,0,0,9999
65533,81888,2024-03-16,0,0,9999
65538,81893,2021-12-20,0,0,9999
65540,81898,2020-10-13,0,0,9999
65556,81920,2022-07-30,0,0,9999
65565,81928,2026-01-28,0,0,9999
65577,81938,2026-01-30,0,0,9999
65579,81942,2024-11-11,0,0,9999
65585,81950,2023-12-02,0,0,9999
65588,81953,2025-02-17,0,0,9999
65589,81956,2025-07-27,0,0,9999
65594,81961,2025-03-23,0,0,9999
65603,81975,2024-04-28,0,0,9999
65603,81976,2025-09-02,0,1,492
65615,81990,2025-05-31,0,0,9999
65635,82012,2025-07-20,0,0,9999
65638,82013,2025-06-27,0,0,9999
65662,82043,2024-11-21,0,0,9999
65673,82055,2025-03-24,0,0,9999
65675,82058,2025-10-03,0,0,9999
65676,82060,2026-01-29,0,0,9999
65677,82061,2025-12-23,0,0,9999
65679,82064,2024-03-10,0,0,9999
65683,82068,2022-11-04,0,0,9999
65687,82073,2026-01-27,0,0,9999
65688,82074,2025-02-27,0,0,9999
65699,82087,2025-11-20,0,0,9999
65708,82099,2025-12-19,0,0,9999
65717,82111,2024-10-27,0,0,9999
65722,82116,2025-07-01,0,0,9999
65723,82119,2024-06-24,0,0,9999
65727,82122,2024-10-09,0,0,9999
65736,82135,2023-01-29,0,1,94
65736,82136,2023-09-24,0,2,238
65736,82137,2022-10-27,0,0,9999
65737,82139,2021-04-30,0,0,9999
65739,82141,2024-06-05,0,0,9999
65740,82142,2025-07-25,0,0,9999
65744,82147,2020-10-30,0,0,9999
65745,82148,2025-07-08,0,0,9999
65780,82188,2024-11-08,0,0,9999
65786,82195,2025-11-03,0,0,9999
65787,82196,2025-02-21,0,0,9999
65790,82199,2024-12-19,0,0,9999
65791,82200,2025-05-19,0,0,9999
65796,82206,2020-11-05,0,0,9999
65797,82207,2021-12-17,0,0,9999
65828,82240,2025-12-11,0,0,9999
65830,82243,2025-12-26,0,1,361
65830,82244,2024-12-30,0,0,9999
65838,82249,2023-04-21,0,0,9999
65852,82266,2020-02-28,0,0,9999
65852,82267,2022-06-20,0,1,843
65853,82268,2021-07-23,0,0,9999
65865,82279,2024-03-07,0,0,9999
65872,82287,2026-01-08,0,0,9999
65891,82306,2026-01-30,0,0,9999
65892,82307,2024-02-29,0,0,9999
65895,82311,2026-01-05,0,0,9999
65904,82327,2025-05-24,0,0,9999
65913,82336,2025-05-26,0,0,9999
65915,82339,2022-05-27,0,0,9999
65927,82351,2023-06-09,0,0,9999
65933,82358,2024-10-13,0,0,9999
65951,82374,2021-07-13,0,0,9999
65957,82381,2021-10-03,0,0,9999
65971,82395,2021-09-06,0,1,250
65971,82396,2020-12-30,0,0,9999
65976,82402,2024-08-27,0,0,9999
65981,82407,2026-01-30,0,0,9999
65993,82421,2024-05-04,0,1,35
65993,82422,2024-03-30,0,0,9999
65995,82426,2022-10-23,0,0,9999
65998,82428,2022-05-31,0,0,9999
66017,82453,2023-11-19,0,0,9999
66025,82466,2025-02-12,0,0,9999
66025,82467,2026-01-05,0,1,327
66058,82507,2026-01-20,0,0,9999
66066,82519,2024-07-02,0,0,9999
66093,82551,2024-12-06,0,0,9999
66099,82557,2025-02-16,0,0,9999
66103,82561,2024-01-07,0,0,9999
66104,82562,2024-04-12,0,0,9999
66105,82564,2024-11-04,0,0,9999
66137,82601,2025-11-20,0,0,9999
66140,82605,2022-04-21,0,0,9999
66141,82606,2025-03-21,0,0,9999
66143,82608,2024-06-26,0,0,9999
66150,82613,2024-10-01,0,0,9999
66151,82614,2025-08-27,0,0,9999
66168,82627,2025-06-07,0,0,9999
66171,82632,2022-01-08,0,0,9999
66177,82641,2023-03-29,0,0,9999
66181,82645,2024-01-07,0,0,9999
66187,82649,2023-06-11,0,0,9999
66190,82654,2025-02-04,0,0,9999
66203,82668,2023-12-06,0,0,9999
66205,82674,2026-01-24,0,1,633
66205,82676,2024-05-01,0,0,9999
66218,82692,2023-08-13,0,0,9999
66223,82703,2023-12-01,0,0,9999
66238,82728,2024-07-13,0,0,9999
66243,82735,2025-01-02,0,0,9999
66246,82741,2023-11-27,0,0,9999
66249,82743,2023-09-16,0,0,9999
66267,82761,2025-10-14,0,0,9999
66274,82768,2026-01-27,0,0,9999
66279,82772,2025-10-17,0,0,9999
66290,82783,2025-01-24,1,0,9999
66290,82784,2025-02-20,0,1,27
66298,82790,2025-10-23,0,0,9999
66300,82794,2025-03-16,0,0,9999
66303,82800,2023-04-12,0,0,9999
66317,82815,2025-08-08,0,0,9999
66325,82828,2025-08-08,0,0,9999
66330,82834,2023-05-19,0,0,9999
66334,82841,2024-04-02,0,0,9999
66337,82844,2024-06-23,0,0,9999
66355,82868,2024-05-17,0,0,9999
66359,82874,2022-01-05,0,0,9999
66370,82893,2024-11-29,0,0,9999
66371,82894,2024-02-08,0,0,9999
66372,82895,2024-12-11,0,0,9999
66374,82898,2024-09-05,0,0,9999
66383,82919,2025-08-11,0,0,9999
66388,82929,2024-01-03,0,0,9999
66389,82930,2025-03-28,0,0,9999
66391,82932,2023-09-07,0,0,9999
66394,82936,2022-07-06,0,0,9999
66404,82947,2023-09-24,0,0,9999
66408,82952,2025-06-07,0,0,9999
66410,82955,2024-12-03,0,0,9999
66411,82956,2024-11-25,0,0,9999
66412,82958,2022-07-04,0,0,9999
66420,82963,2026-01-12,0,0,9999
66425,82967,2025-11-18,0,0,9999
66432,82979,2025-06-11,0,1,44
66432,82980,2025-04-28,0,0,9999
66433,82983,2024-07-16,0,1,203
66433,82985,2023-12-26,0,0,9999
66434,82986,2025-04-01,0,0,9999
66437,82989,2025-10-18,0,0,9999
66454,83011,2023-09-09,0,0,9999
66478,83038,2019-04-15,0,0,9999
66479,83040,2025-04-26,0,0,9999
66485,83048,2025-03-14,0,1,5
66485,83049,2025-03-09,1,0,9999
66495,83058,2023-07-23,0,0,9999
66506,83071,2023-05-08,0,0,9999
66510,83076,2024-04-02,0,0,9999
66512,83083,2023-06-10,0,0,9999
66531,83108,2026-01-27,0,0,9999
66533,83109,2026-01-12,1,1,8
66533,83111,2026-01-04,1,0,9999
66533,83112,2026-01-15,0,2,3
66539,83122,2024-10-17,0,0,9999
66539,83124,2025-08-18,0,1,305
66542,83126,2025-04-27,0,0,9999
66556,83143,2023-02-24,0,0,9999
66558,83145,2025-10-08,0,0,9999
66562,83150,2025-05-21,0,0,9999
66573,83165,2023-10-05,0,0,9999
66576,83173,2023-05-01,0,0,9999
66586,83184,2025-08-26,0,0,9999
66587,83185,2026-01-23,0,0,9999
66589,83188,2025-11-20,0,0,9999
66595,83197,2023-12-23,0,1,483
66595,83198,2022-08-27,0,0,9999
66596,83200,2025-07-19,0,0,9999
66611,83217,2026-01-18,0,0,9999
66623,83234,2024-07-31,0,0,9999
66625,83236,2025-03-09,0,0,9999
66625,83237,2025-09-30,0,1,205
66632,83248,2024-10-31,0,0,9999
66635,83250,2024-09-07,0,0,9999
66638,83255,2024-11-11,0,0,9999
66647,83270,2025-05-09,0,0,9999
66672,83304,2025-11-06,0,0,9999
66684,83321,2025-06-24,0,0,9999
66689,83326,2024-08-20,0,1,814
66689,83327,2022-05-29,0,0,9999
66702,83342,2022-12-20,0,0,9999
66704,83344,2023-05-02,0,0,9999
66704,83347,2023-08-09,0,1,99
66711,83357,2025-12-16,0,0,9999
66714,83359,2024-03-10,0,0,9999
66720,83363,2026-01-28,0,0,9999
66728,83371,2022-06-28,0,0,9999
66733,83373,2023-06-13,0,0,9999
66734,83376,2020-01-30,0,0,9999
66736,83383,2024-05-04,0,0,9999
66746,83402,2025-12-11,0,0,9999
66747,83404,2025-06-09,0,0,9999
66754,83412,2025-12-20,1,0,9999
66754,83413,2026-01-19,0,1,30
66759,83419,2023-03-14,0,0,9999
66759,83420,2025-08-04,0,1,874
66774,83436,2020-10-17,0,0,9999
66774,83437,2022-06-09,0,1,600
66799,83469,2023-09-23,0,0,9999
66809,83480,2022-06-23,1,0,9999
66809,83481,2022-07-13,0,1,20
66812,83487,2025-01-14,0,0,9999
66818,83492,2023-08-18,0,0,9999
66818,83493,2024-03-03,0,1,198
66822,83496,2025-05-17,0,1,149
66822,83497,2024-12-19,0,0,9999
66827,83503,2021-07-13,0,0,9999
66837,83513,2026-01-30,0,0,9999
66845,83523,2023-10-11,0,0,9999
66846,83524,2026-01-20,0,1,259
66846,83526,2025-05-06,0,0,9999
66848,83529,2023-06-11,0,0,9999
66859,83540,2023-12-22,0,1,812
66859,83542,2021-10-01,0,0,9999
66872,83556,2020-08-01,0,0,9999
66879,83566,2025-01-30,0,0,9999
66882,83570,2020-04-22,0,0,9999
66888,83571,2023-11-01,0,0,9999
66892,83574,2021-05-04,0,0,9999
66892,83576,2022-03-12,0,1,312
66899,83584,2025-12-26,0,1,38
66899,83585,2025-11-18,0,0,9999
66907,83592,2025-11-03,0,0,9999
66925,83611,2024-05-08,0,0,9999
66946,83636,2023-06-21,0,0,9999
66949,83640,2021-11-07,0,0,9999
66952,83642,2024-11-15,0,0,9999
66956,83648,2026-01-23,0,0,9999
66959,83652,2025-11-24,0,0,9999
66963,83656,2021-04-21,0,0,9999
66969,83664,2024-09-18,0,0,9999
66973,83669,2022-09-14,0,0,9999
66980,83679,2023-12-13,0,0,9999
66980,83680,2024-09-20,0,1,282
66983,83682,2024-04-25,0,0,9999
67002,83702,2025-09-07,0,0,9999
67013,83715,2025-02-02,0,0,9999
67023,83730,2023-04-13,0,0,9999
67034,83746,2024-01-13,0,0,9999
67052,83770,2023-07-29,0,0,9999
67055,83773,2023-08-30,0,0,9999
67060,83781,2025-10-21,0,0,9999
67068,83788,2024-08-18,0,0,9999
67071,83793,2020-08-27,0,0,9999
67074,83796,2021-07-13,0,0,9999
67076,83798,2025-04-05,0,0,9999
67087,83808,2024-05-23,0,0,9999
67089,83811,2021-03-22,0,0,9999
67104,83827,2025-12-27,0,0,9999
67111,83835,2026-01-27,0,0,9999
67114,83837,2024-04-03,0,0,9999
67116,83839,2022-12-12,0,0,9999
67132,83860,2024-02-02,0,0,9999
67134,83863,2023-01-20,0,0,9999
67134,83864,2024-10-14,0,2,598
67134,83865,2023-02-24,0,1,35
67145,83878,2023-05-01,0,0,9999
67149,83884,2021-05-29,0,0,9999
67168,83903,2023-11-20,0,0,9999
67169,83904,2024-07-23,0,0,9999
67181,83924,2022-09-23,0,1,615
67181,83927,2021-01-16,0,0,9999
67198,83947,2022-03-23,0,0,9999
67201,83951,2023-10-27,0,0,9999
67214,83968,2019-08-16,0,0,9999
67230,83984,2026-01-16,0,0,9999
67231,83985,2024-10-19,0,0,9999
67239,83992,2025-06-09,0,0,9999
67242,83996,2026-01-18,0,0,9999
67252,84012,2025-03-09,0,0,9999
67253,84015,2025-03-22,0,1,407
67253,84016,2024-02-09,0,0,9999
67258,84026,2025-11-25,0,0,9999
67266,84033,2023-10-08,0,0,9999
67268,84035,2024-07-02,0,0,9999
67268,84037,2025-10-03,0,1,458
67271,84041,2023-10-02,0,0,9999
67276,84050,2025-11-03,0,0,9999
67290,84070,2025-12-20,0,0,9999
67293,84074,2025-07-08,0,0,9999
67298,84079,2020-07-05,0,0,9999
67298,84081,2021-01-05,0,1,184
67302,84085,2022-12-13,0,1,77
67302,84086,2022-09-27,0,0,9999
67311,84099,2025-12-01,0,0,9999
67312,84100,2025-03-16,0,0,9999
67313,84101,2026-01-01,0,0,9999
67314,84103,2025-05-31,0,0,9999
67319,84106,2025-10-22,0,0,9999
67322,84109,2023-09-24,0,0,9999
67330,84120,2019-05-20,0,0,9999
67332,84122,2024-07-14,0,0,9999
67333,84125,2025-08-03,0,0,9999
67341,84134,2024-10-04,0,0,9999
67344,84137,2022-07-08,0,0,9999
67350,84146,2025-10-22,0,0,9999
67360,84155,2026-01-15,0,0,9999
67361,84156,2025-11-27,0,0,9999
67363,84160,2025-12-07,0,0,9999
67372,84171,2025-07-23,0,0,9999
67382,84181,2024-05-08,0,0,9999
67388,84191,2025-08-17,0,0,9999
67395,84199,2023-05-06,0,0,9999
67397,84202,2024-12-03,0,0,9999
67410,84225,2023-01-29,0,0,9999
67418,84236,2024-02-21,0,0,9999
67422,84239,2024-08-19,0,0,9999
67428,84247,2024-12-27,0,0,9999
67442,84269,2021-11-10,0,0,9999
67443,84270,2024-12-31,0,0,9999
67452,84279,2025-11-05,0,0,9999
67455,84285,2026-01-24,0,0,9999
67456,84287,2024-10-26,0,0,9999
67459,84290,2023-04-11,0,0,9999
67470,84306,2020-07-27,0,0,9999
67470,84307,2024-04-03,0,1,1346
67477,84317,2025-11-14,0,0,9999
67486,84327,2025-12-30,0,0,9999
67494,84335,2024-01-18,0,0,9999
67517,84362,2021-03-13,0,0,9999
67534,84385,2019-10-22,0,0,9999
67546,84401,2021-10-16,0,0,9999
67547,84402,2025-09-05,0,0,9999
67551,84407,2024-10-31,0,0,9999
67552,84410,2024-04-20,0,0,9999
67557,84415,2024-11-13,0,0,9999
67557,84416,2025-03-12,0,1,119
67567,84421,2025-12-30,0,0,9999
67575,84430,2023-07-05,0,0,9999
67577,84432,2025-01-12,0,1,11
67577,84433,2025-01-01,1,0,9999
67589,84448,2020-04-16,0,0,9999
67591,84449,2023-06-26,0,0,9999
67597,84456,2025-04-23,0,0,9999
67598,84458,2025-09-12,0,1,785
67598,84460,2023-07-20,0,0,9999
67610,84469,2022-03-22,0,0,9999
67610,84470,2023-12-25,0,1,643
67612,84472,2025-12-27,0,0,9999
67623,84480,2025-11-10,0,0,9999
67635,84490,2024-04-20,0,0,9999
67649,84506,2025-10-15,0,0,9999
67656,84518,2022-02-20,0,0,9999
67656,84521,2023-06-29,0,1,494
67662,84527,2024-12-09,0,0,9999
67664,84531,2024-12-07,0,0,9999
67672,84540,2025-08-01,0,0,9999
67676,84546,2025-03-15,0,0,9999
67684,84555,2022-12-06,0,0,9999
67686,84556,2026-01-15,0,0,9999
67687,84559,2021-02-15,0,0,9999
67689,84562,2024-08-11,0,0,9999
67695,84572,2025-11-10,0,0,9999
67699,84578,2025-08-28,0,0,9999
67706,84587,2025-12-20,0,0,9999
67711,84593,2026-01-19,0,0,9999
67718,84608,2024-08-04,0,0,9999
67721,84617,2022-04-29,0,0,9999
67736,84637,2024-10-06,0,0,9999
67736,84638,2024-12-06,0,1,61
67738,84639,2025-08-25,0,0,9999
67761,84668,2024-12-05,0,0,9999
67767,84671,2024-06-19,0,0,9999
67786,84693,2025-06-30,0,0,9999
67790,84696,2019-07-22,0,0,9999
67792,84699,2024-07-11,0,0,9999
67793,84700,2025-10-03,0,0,9999
67795,84703,2025-11-23,0,0,9999
67802,84711,2023-02-22,0,0,9999
67809,84722,2023-02-01,0,0,9999
67818,84735,2025-01-19,0,0,9999
67829,84749,2025-05-14,0,0,9999
67834,84761,2025-12-02,0,1,1180
67834,84763,2022-09-09,0,0,9999
67838,84767,2026-01-18,0,0,9999
67863,84799,2026-01-31,0,0,9999
67866,84808,2025-11-27,0,0,9999
67873,84820,2024-03-06,0,0,9999
67877,84826,2021-02-22,0,0,9999
67884,84837,2025-10-27,0,0,9999
67895,84847,2023-05-17,0,0,9999
67901,84857,2020-02-21,0,0,9999
67902,84858,2025-11-21,0,0,9999
67905,84867,2022-01-29,0,0,9999
67907,84870,2022-07-19,0,0,9999
67920,84884,2024-07-10,0,0,9999
67921,84888,2025-07-29,0,0,9999
67923,84890,2025-12-16,0,0,9999
67925,84896,2024-04-22,0,0,9999
67928,84900,2025-04-09,0,0,9999
67938,84915,2026-01-24,0,0,9999
67939,84916,2025-03-31,0,0,9999
67941,84918,2020-07-20,0,0,9999
67942,84919,2026-01-28,0,0,9999
67951,84934,2024-02-10,0,1,1524
67951,84935,2019-12-09,0,0,9999
67966,84950,2025-10-19,0,0,9999
67970,84957,2025-12-20,0,0,9999
67970,84958,2026-01-23,0,1,34
67980,84973,2025-09-20,0,0,9999
67981,84975,2024-03-22,0,0,9999
67995,84988,2026-01-28,0,1,1
67995,84989,2026-01-27,1,0,9999
67999,84994,2021-09-21,0,0,9999
68011,85002,2024-10-11,0,0,9999
68039,85035,2025-11-17,0,0,9999
68046,85045,2025-04-20,0,0,9999
68060,85065,2021-11-17,0,0,9999
68064,85072,2020-11-29,0,0,9999
68079,85091,2025-12-10,0,0,9999
68086,85101,2024-10-06,0,0,9999
68087,85102,2024-10-01,0,0,9999
68094,85109,2021-04-30,0,0,9999
68102,85115,2025-07-26,0,0,9999
68103,85116,2026-01-26,0,1,19
68103,85118,2026-01-07,1,0,9999
68113,85130,2024-03-30,0,0,9999
68116,85133,2020-09-08,0,0,9999
68120,85140,2023-07-11,0,0,9999
68122,85143,2024-08-20,0,0,9999
68123,85144,2020-09-12,0,0,9999
68129,85154,2024-03-17,0,0,9999
68132,85156,2025-09-06,0,0,9999
68149,85176,2022-05-01,0,0,9999
68153,85183,2025-12-26,0,0,9999
68179,85213,2021-07-23,0,0,9999
68207,85242,2023-01-22,0,0,9999
68212,85249,2020-08-25,0,0,9999
68218,85255,2022-08-09,0,0,9999
68221,85258,2025-10-14,0,0,9999
68224,85262,2023-12-25,0,0,9999
68230,85273,2025-09-04,0,0,9999
68235,85280,2025-03-24,0,0,9999
68247,85294,2023-02-15,0,0,9999
68250,85300,2021-06-30,0,0,9999
68251,85301,2024-09-08,0,0,9999
68257,85311,2023-07-19,0,0,9999
68263,85320,2023-05-21,0,0,9999
68271,85333,2026-01-29,0,0,9999
68276,85342,2023-11-28,0,0,9999
68285,85355,2025-07-25,0,0,9999
68286,85357,2024-10-12,0,0,9999
68289,85359,2025-01-12,0,0,9999
68290,85360,2023-06-25,0,0,9999
68290,85361,2025-09-04,0,1,802
68301,85372,2025-08-18,0,0,9999
68302,85376,2020-05-30,0,0,9999
68314,85398,2024-09-29,0,0,9999
68333,85427,2025-09-20,0,0,9999
68337,85432,2026-01-23,0,1,11
68337,85435,2026-01-12,1,0,9999
68338,85437,2024-02-21,0,0,9999
68344,85441,2025-07-03,0,0,9999
68348,85449,2024-08-18,0,0,9999
68351,85455,2024-09-09,0,0,9999
68356,85462,2025-12-26,0,0,9999
68363,85469,2026-01-28,0,0,9999
68364,85470,2020-11-17,0,0,9999
68364,85472,2021-09-10,0,1,297
68366,85475,2024-08-26,0,0,9999
68375,85484,2025-09-30,0,0,9999
68376,85485,2025-01-14,0,1,1392
68376,85486,2021-03-24,0,0,9999
68391,85503,2024-07-11,0,0,9999
68406,85515,2025-11-04,0,0,9999
68412,85524,2023-12-20,0,0,9999
68420,85535,2025-09-07,0,1,223
68420,85536,2025-01-27,0,0,9999
68424,85544,2023-10-20,0,0,9999
68455,85579,2024-07-28,0,0,9999
68463,85589,2025-07-03,0,0,9999
68469,85597,2026-01-30,0,0,9999
68472,85602,2022-02-26,0,0,9999
68509,85649,2025-03-19,0,0,9999
68514,85653,2025-09-11,0,0,9999
68517,85656,2023-10-11,0,0,9999
68524,85660,2025-10-24,0,0,9999
68530,85668,2023-06-22,0,0,9999
68534,85676,2024-11-19,0,0,9999
68539,85684,2021-03-20,0,0,9999
68547,85695,2024-05-07,0,0,9999
68555,85702,2024-10-11,0,0,9999
68556,85703,2025-11-03,0,0,9999
68557,85705,2026-01-10,0,0,9999
68573,85725,2022-12-04,0,0,9999
68573,85726,2023-10-15,0,1,315
68593,85760,2023-11-05,0,0,9999
68597,85763,2021-01-27,0,0,9999
68598,85764,2019-10-09,0,0,9999
68601,85768,2026-01-17,0,0,9999
68610,85782,2025-06-10,0,0,9999
68622,85800,2021-02-17,0,0,9999
68637,85820,2025-07-04,0,0,9999
68652,85837,2021-04-20,0,0,9999
68655,85840,2025-06-18,0,0,9999
68668,85856,2025-09-12,0,0,9999
68693,85885,2025-10-07,0,0,9999
68704,85901,2019-11-22,0,0,9999
68705,85902,2023-11-15,0,0,9999
68710,85913,2022-08-21,0,0,9999
68723,85935,2021-08-22,0,0,9999
68723,85936,2025-03-27,0,1,1313
68725,85939,2025-10-25,0,0,9999
68740,85958,2024-05-09,0,0,9999
68743,85960,2025-06-01,0,0,9999
68745,85962,2024-07-24,0,0,9999
68769,85986,2025-06-16,0,0,9999
68773,85991,2025-08-15,0,0,9999
68795,86016,2024-02-11,0,0,9999
68798,86021,2025-10-17,0,0,9999
68801,86026,2025-09-30,0,0,9999
68805,86031,2025-02-14,0,0,9999
68815,86042,2025-06-09,0,0,9999
68816,86043,2024-06-03,0,0,9999
68824,86055,2022-07-22,0,0,9999
68841,86079,2025-10-08,0,0,9999
68851,86094,2024-04-24,0,0,9999
68854,86098,2025-08-28,0,0,9999
68867,86115,2023-12-21,0,0,9999
68867,86116,2024-05-19,0,1,150
68872,86121,2026-01-22,0,0,9999
68874,86126,2023-04-29,0,0,9999
68879,86132,2024-07-30,0,0,9999
68897,86156,2026-01-02,0,0,9999
68905,86166,2025-06-26,0,0,9999
68906,86168,2025-12-25,0,0,9999
68913,86178,2022-01-23,0,0,9999
68913,86181,2023-08-03,0,1,557
68915,86185,2021-08-31,0,1,148
68915,86187,2021-04-05,0,0,9999
68927,86200,2024-07-05,0,0,9999
68931,86207,2025-09-03,1,0,9999
68931,86209,2025-09-26,0,1,23
68938,86214,2025-09-10,0,0,9999
68944,86217,2024-03-01,0,0,9999
68944,86219,2025-03-09,0,1,373
68956,86233,2026-01-16,0,0,9999
68959,86236,2025-10-14,0,0,9999
68967,86250,2021-07-20,0,0,9999
68974,86257,2025-08-31,0,0,9999
68981,86267,2025-02-10,0,0,9999
68992,86278,2024-07-31,0,0,9999
68997,86283,2025-05-27,0,0,9999
69007,86295,2023-07-13,0,0,9999
69018,86303,2025-11-11,0,1,370
69018,86305,2024-11-06,0,0,9999
69022,86308,2025-11-19,0,0,9999
69023,86309,2020-12-24,0,0,9999
69028,86314,2025-08-27,0,1,418
69028,86315,2024-07-05,0,0,9999
69030,86321,2020-04-01,0,0,9999
69034,86326,2025-10-05,0,1,1086
69034,86327,2022-10-15,0,0,9999
69046,86345,2024-11-14,0,0,9999
69059,86361,2025-09-14,0,0,9999
69060,86362,2025-12-12,0,0,9999
69064,86367,2025-12-18,0,0,9999
69068,86372,2025-11-28,0,0,9999
69102,86404,2022-04-01,0,0,9999
69117,86417,2024-04-03,0,0,9999
69134,86438,2025-06-28,0,1,255
69134,86439,2024-10-16,0,0,9999
69137,86444,2023-12-23,0,0,9999
69138,86445,2025-05-18,0,0,9999
69142,86449,2025-10-18,0,1,359
69142,86450,2024-10-24,0,0,9999
69144,86451,2021-06-02,0,0,9999
69155,86465,2023-10-21,0,0,9999
69161,86473,2026-01-14,0,0,9999
69164,86476,2024-02-04,0,0,9999
69165,86479,2025-02-22,0,0,9999
69168,86482,2025-05-26,0,0,9999
69173,86491,2025-09-04,0,1,51
69173,86492,2025-07-15,0,0,9999
69180,86501,2023-12-18,0,0,9999
69183,86510,2021-09-15,0,0,9999
69183,86511,2022-08-25,0,1,344
69187,86515,2023-07-09,0,0,9999
69194,86525,2025-06-18,0,0,9999
69199,86529,2024-12-15,0,0,9999
69203,86534,2025-02-20,0,0,9999
69210,86548,2025-12-21,0,0,9999
69220,86557,2025-09-20,0,0,9999
69239,86572,2022-04-14,0,0,9999
69241,86573,2021-11-30,0,0,9999
69250,86587,2022-08-04,0,0,9999
69252,86590,2024-12-14,0,1,2
69252,86591,2024-12-12,1,0,9999
69263,86600,2022-11-16,0,0,9999
69274,86613,2022-10-18,0,0,9999
69282,86621,2025-11-09,0,0,9999
69309,86656,2024-05-30,0,0,9999
69330,86682,2025-10-09,0,1,216
69330,86683,2025-03-07,0,0,9999
69368,86727,2025-09-14,0,0,9999
69376,86736,2024-09-05,0,0,9999
69382,86747,2026-01-13,0,0,9999
69395,86761,2025-11-22,0,0,9999
69396,86763,2021-10-09,0,0,9999
69398,86767,2025-10-05,0,0,9999
69400,86770,2025-03-24,0,0,9999
69402,86772,2026-01-30,0,0,9999
69417,86791,2023-09-25,0,0,9999
69433,86813,2024-07-13,0,0,9999
69434,86814,2022-08-21,0,0,9999
69438,86820,2026-01-05,0,0,9999
69443,86827,2021-09-13,0,0,9999
69447,86834,2022-11-25,0,0,9999
69448,86835,2025-08-26,0,0,9999
69462,86851,2025-02-19,0,0,9999
69463,86852,2022-04-17,0,0,9999
69475,86866,2022-09-09,0,0,9999
69476,86867,2022-10-09,0,0,9999
69495,86884,2026-01-11,0,1,586
69495,86886,2024-06-04,0,0,9999
69504,86893,2021-08-22,0,0,9999
69505,86895,2022-10-22,0,0,9999
69511,86902,2024-01-01,0,0,9999
69522,86916,2025-05-03,0,0,9999
69523,86918,2025-08-02,0,0,9999
69524,86922,2025-10-03,0,0,9999
69527,86927,2020-09-01,0,0,9999
69536,86937,2020-09-10,0,0,9999
69542,86942,2023-12-14,0,0,9999
69547,86946,2025-05-06,0,0,9999
69552,86949,2023-06-16,0,0,9999
69552,86950,2023-10-19,0,1,125
69552,86951,2024-11-11,0,2,389
69561,86964,2024-03-28,0,0,9999
69561,86965,2025-06-28,0,1,457
69570,86975,2025-05-28,0,0,9999
69572,86977,2024-08-01,0,0,9999
69573,86978,2026-01-26,0,0,9999
69585,86994,2025-11-02,0,0,9999
69586,86995,2026-01-18,1,0,9999
69586,86996,2026-01-24,0,1,6
69588,87001,2025-04-06,0,0,9999
69596,87010,2025-11-01,0,0,9999
69598,87013,2024-09-08,0,0,9999
69601,87014,2023-12-25,0,0,9999
69606,87018,2025-05-20,0,0,9999
69607,87019,2025-10-08,0,0,9999
69610,87022,2021-10-28,0,0,9999
69619,87029,2022-05-16,0,0,9999
69632,87044,2022-06-06,0,0,9999
69642,87060,2022-09-27,0,0,9999
69655,87068,2022-12-09,0,0,9999
69678,87098,2026-01-07,0,2,28
69678,87099,2024-07-16,0,0,9999
69678,87100,2025-12-10,1,1,512
69682,87105,2025-02-02,0,0,9999
69684,87108,2022-04-29,0,0,9999
69689,87115,2021-06-14,0,0,9999
69696,87126,2024-02-27,0,0,9999
69697,87127,2025-02-06,0,0,9999
69705,87132,2020-10-08,0,0,9999
69705,87133,2025-02-09,0,1,1585
69710,87140,2026-01-14,0,0,9999
69716,87147,2025-03-31,0,0,9999
69721,87155,2024-04-26,0,0,9999
69724,87161,2024-03-07,0,0,9999
69724,87163,2024-10-24,0,1,231
69735,87173,2025-04-06,0,0,9999
69735,87174,2025-10-16,0,1,193
69741,87182,2025-10-20,0,0,9999
69742,87183,2025-03-25,0,0,9999
69752,87199,2024-01-11,0,0,9999
69759,87208,2025-09-12,0,0,9999
69762,87212,2025-10-13,0,1,86
69762,87213,2025-07-19,0,0,9999
69781,87235,2026-01-18,0,0,9999
69788,87249,2021-01-20,0,0,9999
69802,87267,2021-03-18,0,0,9999
69805,87272,2025-01-01,0,0,9999
69808,87273,2025-10-20,0,0,9999
69809,87275,2023-05-19,0,0,9999
69811,87277,2025-11-04,0,0,9999
69822,87292,2024-03-31,0,0,9999
69836,87311,2023-08-15,0,0,9999
69836,87312,2023-11-02,0,1,79
69842,87318,2025-07-28,0,0,9999
69849,87329,2020-05-10,0,0,9999
69868,87354,2024-08-29,0,0,9999
69878,87364,2025-06-08,0,0,9999
69886,87368,2025-06-19,0,0,9999
69888,87369,2026-01-21,0,0,9999
69899,87387,2022-07-17,0,0,9999
69901,87389,2025-12-21,0,0,9999
69911,87399,2025-03-17,0,1,363
69911,87400,2024-03-19,0,0,9999
69924,87417,2025-08-16,0,0,9999
69931,87424,2026-01-16,0,0,9999
69932,87425,2024-01-07,0,0,9999
69934,87428,2023-01-11,0,0,9999
69939,87431,2023-03-17,0,0,9999
69942,87436,2021-08-14,0,0,9999
69945,87440,2022-09-08,0,0,9999
69959,87459,2023-10-10,0,0,9999
69973,87477,2024-03-07,0,0,9999
69978,87484,2019-11-27,0,0,9999
69987,87498,2025-01-18,0,0,9999
70008,87517,2025-10-09,0,0,9999
70015,87525,2024-05-05,0,0,9999
70017,87530,2025-11-28,0,0,9999
70018,87533,2026-01-30,0,0,9999
70034,87548,2021-10-26,0,0,9999
70038,87554,2023-01-01,0,0,9999
70041,87559,2023-01-28,0,0,9999
70045,87565,2024-12-06,0,0,9999
70046,87568,2023-12-22,0,1,78
70046,87569,2023-10-05,0,0,9999
70052,87576,2021-06-04,0,0,9999
70062,87589,2025-12-08,1,0,9999
70062,87590,2026-01-02,0,1,25
70068,87597,2026-01-23,0,0,9999
70074,87608,2025-02-25,0,0,9999
70086,87621,2023-02-22,0,0,9999
70092,87632,2023-02-01,0,0,9999
70100,87641,2020-08-23,0,0,9999
70104,87643,2022-10-04,0,0,9999
70108,87648,2024-06-13,0,0,9999
70111,87655,2024-09-03,0,0,9999
70119,87666,2023-07-28,0,0,9999
70119,87667,2023-12-26,0,1,151
70126,87674,2022-05-23,0,0,9999
70129,87680,2021-10-06,1,0,9999
70129,87681,2021-10-10,0,1,4
70142,87696,2022-11-09,0,0,9999
70147,87700,2024-01-07,0,0,9999
70166,87724,2023-06-17,0,0,9999
70171,87730,2025-09-11,0,0,9999
70188,87753,2023-04-25,0,0,9999
70192,87760,2025-09-21,0,0,9999
70196,87765,2024-12-03,0,0,9999
70206,87778,2025-07-22,0,0,9999
70214,87785,2025-10-15,0,0,9999
70220,87791,2025-05-18,0,0,9999
70222,87793,2025-07-19,0,0,9999
70241,87814,2025-12-18,0,0,9999
70261,87831,2025-12-29,0,0,9999
70263,87834,2023-07-10,0,0,9999
70269,87838,2026-01-11,0,0,9999
70271,87839,2023-09-11,0,0,9999
70274,87842,2023-04-05,0,0,9999
70305,87896,2026-01-30,0,0,9999
70305,87897,2026-01-30,0,0,9999
70305,87899,2026-01-30,0,0,9999
70316,87909,2022-07-24,0,0,9999
70318,87913,2025-05-21,0,0,9999
70333,87928,2021-08-16,0,0,9999
70340,87934,2025-01-31,0,0,9999
70345,87940,2025-10-07,0,0,9999
70360,87961,2026-01-04,0,0,9999
70361,87962,2024-07-01,0,0,9999
70365,87970,2022-07-11,0,0,9999
70365,87971,2025-10-17,0,1,1194
70368,87974,2025-04-27,0,0,9999
70384,87992,2025-05-26,0,0,9999
70386,87997,2025-11-21,0,0,9999
70391,88003,2023-11-13,0,1,582
70391,88004,2022-04-10,0,0,9999
70403,88021,2025-02-18,0,0,9999
70404,88023,2022-11-27,0,0,9999
70416,88035,2025-01-18,0,1,71
70416,88036,2024-11-08,0,0,9999
70431,88049,2025-04-30,0,0,9999
70437,88055,2025-04-11,0,0,9999
70464,88081,2024-06-30,0,0,9999
70464,88082,2025-09-09,0,2,76
70464,88083,2025-06-25,0,1,360
70473,88093,2025-03-03,0,0,9999
70473,88094,2025-11-16,0,1,258
70482,88105,2025-12-18,0,0,9999
70484,88109,2025-06-30,0,0,9999
70484,88110,2025-08-06,0,1,37
70487,88116,2023-02-04,0,0,9999
70492,88121,2025-08-31,0,0,9999
70500,88134,2025-11-01,0,0,9999
70524,88161,2022-08-20,0,0,9999
70525,88162,2025-01-19,0,0,9999
70530,88168,2025-01-19,0,0,9999
70539,88182,2026-01-02,0,0,9999
70542,88185,2022-05-29,0,0,9999
70547,88196,2024-10-28,0,1,635
70547,88199,2023-02-01,0,0,9999
70549,88201,2025-12-20,0,0,9999
70552,88204,2021-05-13,0,0,9999
70582,88243,2026-01-30,0,0,9999
70588,88255,2025-11-04,0,0,9999
70590,88261,2024-09-05,0,0,9999
70593,88266,2026-01-26,0,0,9999
70597,88272,2023-06-03,0,0,9999
70604,88278,2024-06-18,0,0,9999
70609,88287,2024-02-17,0,0,9999
70613,88291,2025-03-20,0,0,9999
70617,88297,2025-02-21,0,0,9999
70631,88320,2024-09-15,0,0,9999
70637,88329,2025-10-16,0,0,9999
70639,88335,2025-02-12,0,0,9999
70650,88349,2025-02-10,0,0,9999
70660,88358,2020-04-21,0,0,9999
70670,88370,2024-02-18,0,0,9999
70670,88371,2025-01-08,0,1,325
70672,88376,2023-10-10,0,0,9999
70673,88377,2024-10-19,0,0,9999
70678,88382,2024-12-29,0,0,9999
70699,88406,2025-03-30,0,0,9999
70708,88417,2023-12-24,0,1,257
70708,88418,2023-04-11,0,0,9999
70710,88419,2022-04-23,0,0,9999
70710,88420,2025-12-13,0,1,1330
70724,88440,2023-03-04,0,0,9999
70726,88443,2025-04-11,0,0,9999
70730,88447,2025-10-12,0,0,9999
70731,88448,2022-12-19,0,0,9999
70737,88453,2025-08-14,0,1,1190
70737,88454,2022-05-12,0,0,9999
70750,88473,2025-03-15,0,0,9999
70756,88481,2025-09-26,0,0,9999
70763,88499,2022-12-26,0,0,9999
70770,88507,2024-07-24,0,0,9999
70785,88525,2026-01-29,0,0,9999
70786,88527,2024-11-26,0,0,9999
70806,88553,2025-07-24,0,0,9999
70809,88558,2025-05-14,0,0,9999
70809,88561,2025-10-01,0,1,140
70814,88565,2025-07-20,0,0,9999
70814,88566,2025-11-04,0,1,107
70816,88569,2022-12-15,0,0,9999
70816,88570,2023-10-10,0,1,299
70825,88582,2025-10-06,0,0,9999
70829,88591,2025-09-30,0,0,9999
70838,88602,2022-09-26,0,0,9999
70839,88604,2022-12-04,0,0,9999
70849,88615,2021-08-16,0,0,9999
70856,88623,2023-05-26,0,0,9999
70863,88628,2025-10-22,0,1,398
70863,88629,2024-09-19,0,0,9999
70867,88631,2025-11-29,0,0,9999
70874,88640,2025-02-14,0,0,9999
70884,88650,2025-09-07,0,0,9999
70886,88652,2023-03-24,0,0,9999
70898,88665,2024-11-14,0,0,9999
70901,88668,2026-01-13,0,0,9999
70911,88679,2025-08-10,0,0,9999
70937,88707,2025-10-28,0,2,115
70937,88708,2025-04-13,0,0,9999
70937,88710,2025-07-05,0,1,83
70945,88717,2025-05-12,0,0,9999
70949,88723,2025-11-23,0,0,9999
70950,88725,2024-05-02,0,0,9999
70953,88729,2023-02-07,0,0,9999
70958,88735,2025-10-07,0,0,9999
70966,88743,2024-03-15,0,0,9999
70967,88744,2024-11-30,0,2,152
70967,88745,2024-07-01,0,1,185
70967,88747,2023-12-29,0,0,9999
70976,88760,2023-12-28,0,0,9999
70979,88762,2025-11-09,0,0,9999
70986,88770,2024-07-14,0,0,9999
71001,88788,2025-08-04,0,0,9999
71002,88790,2025-12-10,0,0,9999
71005,88792,2024-01-20,0,0,9999
71014,88805,2021-03-09,0,0,9999
71016,88807,2023-01-17,0,0,9999
71017,88808,2024-01-09,0,0,9999
71017,88809,2024-07-22,0,1,195
71021,88813,2024-01-23,0,0,9999
71032,88828,2023-05-11,0,0,9999
71037,88837,2024-10-06,0,0,9999
71039,88841,2023-07-25,0,0,9999
71054,88863,2025-12-26,0,0,9999
71064,88874,2023-08-28,0,0,9999
71066,88876,2025-12-21,0,0,9999
71067,88878,2026-01-30,0,0,9999
71070,88883,2021-10-07,0,0,9999
71073,88888,2025-03-15,0,0,9999
71076,88893,2025-06-17,0,0,9999
71077,88896,2025-03-08,0,1,168
71077,88898,2024-09-21,0,0,9999
71079,88903,2025-01-01,0,0,9999
71082,88908,2024-04-25,0,0,9999
71087,88913,2025-07-28,0,0,9999
71096,88923,2025-03-07,0,0,9999
71099,88925,2023-08-14,0,0,9999
71099,88926,2024-08-24,0,1,376
71105,88934,2024-04-26,0,0,9999
71107,88939,2025-10-20,0,0,9999
71115,88950,2025-12-31,0,0,9999
71145,88990,2025-12-17,0,0,9999
71165,89016,2025-12-30,0,0,9999
71172,89023,2023-11-11,0,0,9999
71174,89024,2023-12-20,0,0,9999
71192,89048,2025-12-12,0,0,9999
71219,89078,2025-08-05,0,0,9999
71231,89094,2022-12-05,0,0,9999
71237,89102,2025-10-08,0,0,9999
71243,89110,2023-03-23,0,0,9999
71245,89112,2022-01-24,0,0,9999
71248,89116,2025-12-30,0,0,9999
71249,89119,2023-07-25,0,0,9999
71258,89130,2026-01-02,0,0,9999
71286,89168,2026-01-15,0,0,9999
71297,89177,2025-12-04,0,0,9999
71299,89180,2022-06-04,0,0,9999
71301,89181,2025-05-15,0,0,9999
71307,89190,2022-11-28,0,1,140
71307,89192,2022-07-11,0,0,9999
71313,89201,2021-10-20,0,0,9999
71320,89210,2025-02-10,0,0,9999
71330,89229,2022-07-14,0,0,9999
71342,89250,2023-06-08,0,0,9999
71356,89264,2025-07-16,0,0,9999
71362,89273,2024-01-13,0,0,9999
71368,89277,2024-08-05,0,0,9999
71372,89281,2025-09-11,0,0,9999
71375,89283,2024-07-23,0,0,9999
71379,89286,2025-04-06,0,0,9999
71387,89300,2026-01-23,0,0,9999
71389,89302,2026-01-11,0,0,9999
71393,89308,2025-08-14,0,0,9999
71417,89335,2024-09-26,0,0,9999
71435,89356,2022-04-28,0,0,9999
71439,89362,2025-09-13,0,0,9999
71441,89365,2023-05-02,0,0,9999
71448,89370,2025-12-25,0,0,9999
71450,89373,2023-12-19,0,0,9999
71452,89376,2021-09-14,0,0,9999
71455,89381,2024-10-08,0,0,9999
71456,89382,2025-12-19,0,0,9999
71457,89383,2022-08-22,0,0,9999
71460,89389,2024-09-22,0,0,9999
71461,89390,2024-03-29,0,0,9999
71487,89423,2024-10-30,0,0,9999
71498,89435,2025-09-01,0,0,9999
71513,89452,2025-10-13,0,0,9999
71524,89465,2025-08-06,0,0,9999
71531,89471,2021-12-27,0,0,9999
71537,89474,2024-10-10,0,0,9999
71553,89488,2022-07-20,0,0,9999
71572,89511,2022-12-02,0,0,9999
71590,89531,2025-07-17,0,0,9999
71592,89534,2025-09-14,0,0,9999
71596,89540,2025-07-17,0,0,9999
71609,89561,2023-06-02,0,0,9999
71615,89568,2024-01-03,0,0,9999
71630,89588,2023-04-19,0,0,9999
71631,89590,2024-08-21,0,0,9999
71634,89596,2025-03-03,0,0,9999
71635,89597,2025-11-03,0,0,9999
71641,89605,2025-07-19,0,1,295
71641,89606,2024-09-27,0,0,9999
71643,89609,2021-12-30,0,2,651
71643,89610,2020-03-19,0,1,91
71643,89611,2019-12-19,0,0,9999
71645,89614,2023-04-12,0,0,9999
71645,89615,2024-03-17,0,1,340
71660,89633,2023-07-17,0,0,9999
71667,89643,2022-08-18,0,0,9999
71672,89648,2026-01-09,0,0,9999
71682,89658,2025-11-23,0,0,9999
71688,89667,2025-11-10,0,0,9999
71692,89670,2024-03-10,0,0,9999
71703,89683,2025-10-30,0,0,9999
71703,89684,2026-01-27,0,1,89
71704,89687,2023-03-16,0,0,9999
71704,89688,2025-10-05,0,1,934
71710,89695,2023-05-14,0,0,9999
71722,89714,2024-09-25,0,0,9999
71723,89716,2022-04-07,0,0,9999
71727,89723,2025-01-13,0,0,9999
71754,89753,2025-07-11,0,0,9999
71765,89765,2023-12-20,0,0,9999
71775,89774,2025-05-11,0,0,9999
71779,89778,2025-08-08,0,0,9999
71805,89814,2024-09-02,0,0,9999
71810,89818,2025-03-06,0,0,9999
71816,89827,2025-10-14,0,0,9999
71827,89842,2021-08-11,0,0,9999
71830,89844,2026-01-29,0,0,9999
71838,89853,2022-06-07,0,0,9999
71839,89854,2025-12-10,0,1,411
71839,89855,2024-10-25,0,0,9999
71852,89867,2020-06-10,0,0,9999
71855,89872,2024-09-26,0,1,717
71855,89874,2022-10-10,0,0,9999
71856,89876,2020-12-28,0,0,9999
71862,89886,2024-07-03,0,0,9999
71867,89892,2023-03-04,0,0,9999
71882,89909,2026-01-26,0,0,9999
71884,89910,2020-08-10,0,0,9999
71884,89911,2023-01-26,0,1,899
71893,89918,2025-12-16,0,0,9999
71900,89927,2022-07-10,0,0,9999
71910,89942,2025-01-18,0,0,9999
71914,89949,2026-01-30,0,0,9999
71915,89951,2022-10-08,0,0,9999
71920,89954,2026-01-30,0,0,9999
71928,89961,2020-02-01,0,0,9999
71930,89964,2023-01-11,0,0,9999
71931,89967,2024-12-16,0,0,9999
71951,89986,2024-11-03,0,0,9999
71953,89987,2025-10-17,0,0,9999
71958,89992,2025-03-08,0,0,9999
71962,90000,2025-05-03,0,0,9999
71962,90002,2025-08-04,0,1,93
71965,90005,2024-01-06,0,0,9999
71968,90006,2022-06-15,0,0,9999
71971,90012,2024-10-04,0,0,9999
71976,90018,2023-03-09,0,0,9999
71985,90027,2025-08-19,0,0,9999
72014,90062,2021-10-23,0,0,9999
72019,90071,2022-10-23,0,1,235
72019,90072,2022-03-02,0,0,9999
72026,90083,2023-03-30,0,0,9999
72030,90086,2024-06-10,0,0,9999
72033,90091,2023-06-01,0,0,9999
72043,90102,2023-05-21,0,0,9999
72059,90117,2025-06-28,0,0,9999
72062,90122,2024-10-08,0,0,9999
72071,90131,2021-04-18,0,1,560
72071,90132,2019-10-06,0,0,9999
72073,90134,2022-11-07,0,0,9999
72075,90138,2024-01-09,0,0,9999
72085,90152,2024-06-26,0,0,9999
72092,90163,2025-07-06,0,0,9999
72095,90166,2024-08-28,0,0,9999
72108,90183,2025-04-30,0,0,9999
72113,90190,2024-11-11,0,0,9999
72126,90205,2025-05-07,0,0,9999
72129,90207,2023-06-05,0,0,9999
72136,90214,2025-05-14,0,0,9999
72142,90221,2025-10-21,1,0,9999
72142,90224,2025-10-29,0,1,8
72143,90225,2023-02-15,0,0,9999
72143,90226,2025-07-10,0,1,876
72146,90231,2020-05-12,0,0,9999
72148,90234,2024-08-08,0,0,9999
72154,90242,2022-05-17,0,0,9999
72155,90243,2026-01-30,0,0,9999
72158,90249,2025-12-16,0,0,9999
72176,90273,2025-02-09,0,0,9999
72177,90274,2025-06-01,0,0,9999
72214,90313,2025-06-15,0,0,9999
72236,90341,2025-03-16,0,0,9999
72239,90350,2025-11-29,0,0,9999
72242,90354,2022-05-24,0,0,9999
72252,90363,2026-01-05,0,0,9999
72254,90364,2022-03-06,0,0,9999
72257,90367,2025-04-16,0,0,9999
72264,90373,2022-04-30,0,0,9999
72271,90382,2023-12-31,0,0,9999
72280,90387,2025-12-26,0,0,9999
72283,90393,2025-06-29,0,1,1650
72283,90395,2020-12-22,0,0,9999
72293,90409,2023-04-12,0,0,9999
72293,90410,2024-09-25,0,1,532
72303,90420,2024-05-20,0,0,9999
72306,90424,2025-01-21,0,0,9999
72306,90425,2025-07-15,0,1,175
72311,90434,2026-01-29,0,0,9999
72312,90435,2025-02-02,0,0,9999
72323,90448,2022-02-02,0,0,9999
72325,90450,2025-02-27,0,1,584
72325,90451,2023-07-24,0,0,9999
72331,90456,2023-10-10,0,1,616
72331,90457,2025-09-16,0,2,707
72331,90458,2022-02-01,0,0,9999
72335,90461,2025-08-26,0,1,620
72335,90463,2023-12-15,0,0,9999
72337,90466,2024-06-25,0,0,9999
72357,90485,2024-12-06,0,0,9999
72367,90494,2020-07-06,0,0,9999
72380,90510,2023-04-07,0,0,9999
72400,90530,2022-09-17,0,0,9999
72404,90535,2024-11-28,0,0,9999
72423,90560,2025-06-26,0,0,9999
72427,90564,2025-02-10,0,1,588
72427,90565,2023-07-03,0,0,9999
72456,90600,2024-05-26,0,0,9999
72475,90628,2025-10-11,0,0,9999
72482,90640,2023-03-28,0,0,9999
72490,90649,2023-03-28,0,0,9999
72492,90652,2024-05-05,0,1,647
72492,90654,2022-07-28,0,0,9999
72508,90675,2020-11-08,0,0,9999
72523,90694,2020-06-08,0,0,9999
72545,90719,2026-01-30,0,0,9999
72545,90720,2026-01-30,0,0,9999
72566,90742,2025-10-06,0,1,81
72566,90743,2025-07-17,0,0,9999
72570,90746,2024-03-05,0,0,9999
72581,90755,2023-06-02,0,0,9999
72581,90757,2023-08-05,0,1,64
72584,90760,2022-02-09,0,0,9999
72591,90771,2023-04-24,0,0,9999
72607,90789,2025-06-14,0,0,9999
72610,90792,2024-09-21,0,0,9999
72613,90797,2025-11-10,0,1,222
72613,90798,2025-04-02,0,0,9999
72616,90801,2023-12-29,0,0,9999
72620,90806,2023-07-02,0,0,9999
72625,90813,2026-01-26,0,0,9999
72626,90815,2026-01-18,0,0,9999
72630,90822,2022-03-15,0,0,9999
72642,90837,2024-11-04,0,0,9999
72648,90845,2025-08-28,0,0,9999
72656,90852,2025-06-16,0,0,9999
72657,90855,2025-09-02,0,0,9999
72665,90863,2025-12-11,0,0,9999
72677,90880,2024-10-15,0,0,9999
72689,90893,2024-12-31,0,0,9999
72691,90895,2025-09-27,0,0,9999
72697,90901,2021-02-26,0,0,9999
72704,90911,2025-03-06,0,0,9999
72706,90914,2024-10-22,0,0,9999
72712,90920,2025-12-08,0,0,9999
72718,90929,2024-07-27,0,0,9999
72719,90932,2026-01-20,0,1,164
72719,90933,2025-08-09,0,0,9999
72720,90935,2024-11-17,0,0,9999
72723,90940,2022-12-14,0,0,9999
72726,90946,2024-05-01,0,0,9999
72735,90954,2024-09-03,0,0,9999
72742,90960,2024-03-16,0,0,9999
72742,90961,2024-05-23,0,1,68
72744,90966,2024-02-10,0,0,9999
72746,90967,2025-12-20,0,0,9999
72748,90971,2025-03-07,0,0,9999
72751,90974,2024-07-19,0,0,9999
72753,90975,2024-04-07,0,0,9999
72757,90979,2025-03-02,0,0,9999
72765,90989,2025-12-18,1,0,9999
72765,90990,2025-12-23,0,1,5
72767,90996,2023-12-27,0,0,9999
72772,90999,2024-06-08,0,0,9999
72783,91009,2021-05-26,0,0,9999
72805,91032,2025-07-25,0,0,9999
72812,91037,2025-10-22,0,0,9999
72818,91045,2024-06-09,0,0,9999
72825,91056,2025-05-04,0,0,9999
72825,91057,2025-11-22,0,1,202
72828,91060,2026-01-29,0,0,9999
72833,91067,2024-12-31,0,0,9999
72838,91069,2025-10-17,0,0,9999
72839,91070,2025-02-12,0,0,9999
72858,91087,2023-08-05,0,0,9999
72867,91098,2024-03-16,0,0,9999
72867,91099,2025-09-09,0,1,542
72873,91109,2025-09-13,0,0,9999
72886,91127,2023-02-08,0,0,9999
72891,91129,2025-05-03,0,0,9999
72907,91149,2023-09-15,0,1,36
72907,91150,2023-08-10,0,0,9999
72911,91154,2024-12-24,0,0,9999
72915,91161,2025-09-29,0,0,9999
72919,91166,2025-11-05,0,1,16
72919,91167,2025-10-20,1,0,9999
72930,91184,2025-06-22,0,0,9999
72934,91188,2022-11-20,0,0,9999
72935,91189,2025-09-15,0,0,9999
72936,91190,2024-10-12,0,0,9999
72950,91205,2025-12-28,0,0,9999
72959,91221,2025-02-21,0,0,9999
72965,91228,2026-01-29,0,0,9999
72975,91239,2023-05-06,0,0,9999
72980,91250,2025-10-22,0,0,9999
72992,91268,2020-07-09,0,0,9999
72993,91269,2021-07-26,0,0,9999
72998,91278,2026-01-24,0,0,9999
73002,91286,2025-04-13,0,0,9999
73008,91291,2024-09-14,0,0,9999
73016,91299,2025-12-25,0,0,9999
73025,91314,2025-02-13,0,0,9999
73045,91340,2025-07-26,0,0,9999
73046,91341,2025-03-18,0,0,9999
73046,91342,2025-11-01,0,1,228
73056,91351,2024-05-08,0,0,9999
73069,91363,2025-12-06,0,0,9999
73092,91386,2025-12-16,0,0,9999
73096,91391,2024-05-23,0,0,9999
73103,91400,2023-10-17,0,0,9999
73121,91425,2024-07-04,0,0,9999
73122,91426,2026-01-18,0,0,9999
73125,91430,2025-02-25,0,0,9999
73134,91441,2022-04-01,0,0,9999
73139,91443,2025-04-01,0,0,9999
73141,91446,2020-03-15,0,0,9999
73148,91451,2021-04-28,0,0,9999
73148,91452,2023-10-25,0,1,910
73151,91455,2025-04-22,0,0,9999
73152,91457,2025-12-19,0,1,29
73152,91458,2025-11-20,1,0,9999
73163,91472,2022-08-27,0,0,9999
73164,91474,2024-05-22,0,0,9999
73176,91482,2023-06-16,0,0,9999
73176,91483,2024-07-13,0,2,246
73176,91484,2023-11-10,0,1,147
73180,91489,2023-07-19,0,0,9999
73188,91496,2024-09-30,0,0,9999
73191,91499,2025-08-28,0,0,9999
73193,91500,2025-11-25,0,0,9999
73219,91526,2025-02-06,0,0,9999
73247,91554,2025-09-25,0,0,9999
73253,91562,2026-01-15,0,0,9999
73268,91577,2025-01-31,0,0,9999
73272,91584,2024-10-14,0,0,9999
73298,91621,2026-01-07,0,0,9999
73302,91624,2025-01-25,0,0,9999
73314,91641,2026-01-24,0,0,9999
73326,91657,2020-08-24,0,0,9999
73331,91663,2023-05-12,0,0,9999
73331,91664,2024-07-28,0,1,443
73333,91665,2024-12-18,0,0,9999
73334,91666,2025-06-24,0,0,9999
73342,91678,2026-01-26,0,0,9999
73349,91682,2024-10-21,0,1,368
73349,91683,2023-10-19,0,0,9999
73352,91687,2025-03-14,0,0,9999
73360,91698,2024-07-06,0,0,9999
73361,91701,2025-06-06,0,0,9999
73377,91713,2020-07-08,0,0,9999
73377,91715,2023-01-27,0,1,933
73380,91719,2024-07-03,0,0,9999
73381,91720,2022-12-10,0,0,9999
73389,91729,2024-08-27,0,0,9999
73393,91734,2023-06-26,0,0,9999
73395,91738,2022-06-21,0,0,9999
73398,91741,2025-09-08,0,0,9999
73404,91748,2023-03-05,0,0,9999
73406,91750,2025-07-22,0,1,410
73406,91752,2024-06-07,0,0,9999
73427,91775,2023-07-04,0,0,9999
73430,91778,2022-06-29,0,0,9999
73432,91780,2024-10-09,0,0,9999
73445,91795,2023-08-25,0,0,9999
73447,91799,2025-07-08,0,0,9999
73457,91813,2025-12-08,0,0,9999
73460,91820,2025-09-22,0,0,9999
73467,91827,2025-01-12,0,0,9999
73467,91828,2025-03-28,0,1,75
73468,91829,2024-03-17,0,0,9999
73472,91831,2023-09-29,0,0,9999
73477,91836,2025-08-15,0,0,9999
73492,91850,2022-03-09,0,0,9999
73493,91851,2024-07-23,0,0,9999
73494,91855,2021-08-03,0,0,9999
73498,91860,2025-09-28,0,0,9999
73500,91862,2021-05-07,0,0,9999
73511,91880,2024-02-21,0,0,9999
73515,91884,2025-10-31,0,0,9999
73551,91925,2023-11-01,0,0,9999
73558,91933,2024-09-10,0,0,9999
73559,91936,2020-10-29,0,0,9999
73562,91941,2021-02-24,0,0,9999
73562,91942,2023-01-20,0,1,695
73567,91951,2024-04-10,0,0,9999
73568,91952,2026-01-30,0,0,9999
73569,91953,2025-06-03,0,0,9999
73573,91957,2025-10-24,0,1,277
73573,91958,2025-01-20,0,0,9999
73576,91962,2025-03-13,0,0,9999
73578,91964,2023-02-15,0,0,9999
73585,91969,2026-01-30,0,0,9999
73586,91970,2024-09-15,0,0,9999
73591,91975,2026-01-14,0,0,9999
73593,91976,2023-11-24,0,0,9999
73607,91996,2023-05-20,0,0,9999
73615,92009,2025-10-10,0,0,9999
73634,92034,2025-11-26,0,0,9999
73648,92050,2025-12-06,0,0,9999
73656,92055,2025-10-21,1,0,9999
73656,92056,2025-10-26,0,1,5
73665,92067,2024-09-20,0,0,9999
73669,92071,2025-12-13,0,0,9999
73682,92086,2025-03-07,0,0,9999
73687,92089,2024-08-29,0,1,90
73687,92090,2024-05-31,0,0,9999
73689,92092,2022-11-30,0,0,9999
73694,92101,2024-06-09,0,0,9999
73695,92102,2020-01-31,0,0,9999
73700,92109,2025-04-09,0,0,9999
73702,92112,2025-06-02,0,0,9999
73769,92189,2023-02-01,0,0,9999
73770,92190,2024-01-28,0,0,9999
73778,92198,2021-11-16,0,0,9999
73784,92205,2025-08-23,0,0,9999
73786,92206,2023-03-03,0,0,9999
73786,92207,2023-05-27,0,1,85
73798,92220,2024-09-26,0,0,9999
73802,92225,2026-01-15,1,0,9999
73802,92226,2026-01-16,1,1,1
73802,92227,2026-01-28,0,2,12
73810,92236,2024-12-31,0,0,9999
73811,92237,2025-12-29,0,0,9999
73813,92239,2022-07-18,0,0,9999
73820,92252,2021-05-29,0,0,9999
73838,92267,2025-07-01,0,1,46
73838,92268,2025-05-16,0,0,9999
73857,92296,2024-05-04,0,0,9999
73859,92298,2025-10-15,0,0,9999
73868,92311,2023-09-09,0,0,9999
73880,92331,2024-09-17,0,0,9999
73905,92355,2025-10-06,0,0,9999
73909,92360,2024-12-19,0,0,9999
73911,92362,2023-06-17,0,0,9999
73912,92365,2024-01-03,0,0,9999
73914,92367,2024-07-10,0,0,9999
73920,92375,2025-12-20,0,0,9999
73924,92382,2025-05-04,0,0,9999
73927,92385,2025-05-11,0,0,9999
73928,92386,2023-12-18,0,0,9999
73930,92388,2023-06-04,0,0,9999
73934,92393,2023-08-22,0,0,9999
73936,92396,2019-06-18,0,0,9999
73941,92408,2025-04-30,0,0,9999
73952,92419,2024-09-02,0,0,9999
73953,92421,2025-08-10,0,0,9999
73959,92428,2022-10-27,0,0,9999
74004,92487,2023-03-09,0,0,9999
74011,92493,2023-12-26,0,0,9999
74031,92515,2024-06-28,0,0,9999
74032,92518,2023-06-25,0,1,89
74032,92519,2023-03-28,0,0,9999
74043,92533,2024-10-17,0,0,9999
74047,92538,2020-09-17,0,0,9999
74056,92550,2023-09-12,0,0,9999
74060,92553,2024-02-26,0,0,9999
74066,92562,2025-02-06,0,0,9999
74070,92566,2023-10-09,0,0,9999
74084,92583,2021-08-22,0,0,9999
74099,92606,2025-04-25,0,0,9999
74103,92610,2024-04-10,0,0,9999
74145,92660,2024-03-26,0,0,9999
74148,92663,2026-01-21,0,0,9999
74159,92672,2025-05-11,0,0,9999
74163,92677,2023-09-18,0,0,9999
74189,92709,2025-03-25,0,0,9999
74200,92723,2026-01-26,0,0,9999
74207,92728,2025-12-23,0,0,9999
74208,92730,2022-05-30,0,0,9999
74209,92732,2024-03-29,0,0,9999
74211,92739,2025-08-18,0,0,9999
74218,92749,2023-06-15,0,0,9999
74219,92753,2020-04-22,0,0,9999
74228,92766,2025-04-21,0,0,9999
74228,92768,2026-01-19,0,1,273
74234,92776,2025-07-14,0,0,9999
74241,92785,2024-05-14,0,0,9999
74254,92807,2025-10-28,0,0,9999
74256,92809,2020-10-23,0,0,9999
74259,92812,2021-11-08,0,0,9999
74260,92813,2020-02-19,0,0,9999
74263,92817,2023-04-29,0,0,9999
74265,92820,2025-12-24,0,0,9999
74269,92824,2024-12-15,0,0,9999
74271,92827,2025-12-07,0,2,408
74271,92828,2024-10-25,0,1,2
74271,92829,2024-10-23,1,0,9999
74274,92834,2021-11-10,0,1,198
74274,92836,2021-04-26,0,0,9999
74280,92843,2024-10-25,0,0,9999
74282,92849,2023-02-06,0,0,9999
74291,92853,2025-09-09,0,0,9999
74292,92854,2025-12-08,0,0,9999
74293,92856,2023-02-26,0,0,9999
74297,92863,2025-08-20,0,0,9999
74299,92866,2025-07-30,0,0,9999
74301,92870,2025-12-06,0,0,9999
74303,92871,2022-09-19,0,0,9999
74316,92887,2025-08-26,0,0,9999
74317,92888,2021-08-31,0,0,9999
74319,92890,2025-11-21,0,0,9999
74321,92896,2025-03-09,0,0,9999
74325,92900,2025-12-06,0,0,9999
74326,92901,2024-11-22,0,0,9999
74329,92906,2022-08-13,0,0,9999
74336,92914,2024-06-30,0,0,9999
74346,92924,2024-07-04,0,0,9999
74350,92929,2025-11-30,0,0,9999
74351,92930,2022-10-07,0,0,9999
74357,92936,2025-01-14,0,0,9999
74360,92937,2023-12-31,0,0,9999
74362,92939,2024-06-26,0,0,9999
74367,92945,2025-06-02,0,0,9999
74368,92946,2020-06-06,0,0,9999
74373,92955,2025-09-13,0,0,9999
74380,92966,2025-12-07,0,0,9999
74384,92972,2024-11-27,0,0,9999
74386,92977,2024-07-19,0,0,9999
74393,92983,2021-09-10,0,0,9999
74395,92988,2026-01-02,0,1,1484
74395,92989,2021-12-10,0,0,9999
74397,92991,2024-07-20,0,0,9999
74409,93003,2023-08-27,0,1,536
74409,93005,2022-03-09,0,0,9999
74417,93018,2026-01-22,0,0,9999
74419,93021,2023-09-25,0,1,133
74419,93022,2023-05-15,0,0,9999
74422,93025,2025-10-16,0,0,9999
74428,93032,2024-03-26,0,0,9999
74453,93062,2023-12-09,0,0,9999
74456,93069,2025-04-01,0,0,9999
74480,93101,2024-04-22,0,0,9999
74499,93123,2024-10-10,0,0,9999
74500,93124,2024-07-14,0,0,9999
74503,93127,2020-06-13,0,0,9999
74507,93133,2023-07-27,0,0,9999
74517,93140,2024-06-28,0,0,9999
74525,93151,2024-03-25,0,0,9999
74541,93170,2022-11-05,0,0,9999
74545,93175,2022-05-25,0,0,9999
74562,93192,2025-10-29,0,0,9999
74565,93194,2025-05-20,0,0,9999
74566,93198,2022-03-15,0,0,9999
74569,93201,2023-02-15,0,0,9999
74580,93211,2024-12-17,0,0,9999
74581,93213,2024-08-27,0,0,9999
74586,93219,2024-03-26,0,0,9999
74596,93232,2022-07-03,0,0,9999
74606,93246,2023-12-10,0,0,9999
74607,93249,2026-01-28,0,1,2059
74607,93250,2020-06-09,0,0,9999
74610,93253,2025-05-31,0,0,9999
74614,93258,2021-08-19,0,0,9999
74617,93260,2025-02-08,0,0,9999
74619,93264,2025-07-18,0,0,9999
74656,93304,2024-05-14,0,0,9999
74663,93313,2026-01-06,0,0,9999
74669,93319,2023-09-24,0,0,9999
74671,93320,2022-08-11,0,0,9999
74682,93336,2025-10-18,0,0,9999
74687,93342,2025-08-31,0,0,9999
74692,93348,2024-09-13,0,0,9999
74698,93354,2026-01-17,0,0,9999
74701,93357,2024-02-19,0,0,9999
74709,93372,2023-12-01,0,0,9999
74710,93373,2025-11-01,0,0,9999
74713,93379,2022-02-10,0,0,9999
74715,93381,2025-06-18,0,0,9999
74724,93389,2025-12-26,0,0,9999
74724,93392,2026-01-30,0,1,35
74735,93401,2025-08-15,0,0,9999
74741,93407,2024-10-06,0,0,9999
74753,93418,2023-12-29,0,0,9999
74767,93434,2025-08-19,0,0,9999
74767,93436,2025-10-25,0,1,67
74786,93465,2023-07-22,0,0,9999
74788,93467,2024-06-18,0,0,9999
74790,93469,2024-05-27,0,0,9999
74796,93476,2024-06-13,0,1,63
74796,93477,2024-04-11,0,0,9999
74803,93488,2026-01-30,0,0,9999
74806,93492,2025-12-21,0,0,9999
74809,93495,2025-11-05,0,0,9999
74821,93511,2024-07-23,0,0,9999
74824,93514,2024-12-06,0,1,29
74824,93516,2024-11-07,1,0,9999
74826,93519,2025-10-09,0,0,9999
74839,93535,2020-10-12,0,0,9999
74842,93539,2025-07-06,0,0,9999
74845,93544,2023-01-26,0,0,9999
74846,93545,2024-12-21,0,0,9999
74853,93553,2025-10-07,0,0,9999
74865,93564,2024-09-22,0,0,9999
74881,93591,2023-01-06,0,0,9999
74885,93595,2021-08-09,0,0,9999
74903,93617,2025-06-16,0,0,9999
74909,93625,2026-01-26,0,0,9999
74911,93628,2023-09-22,0,0,9999
74911,93629,2024-06-18,0,1,270
74918,93635,2022-10-02,0,0,9999
74940,93660,2024-08-23,0,0,9999
74946,93667,2025-02-21,0,0,9999
74949,93671,2022-09-28,0,0,9999
74954,93679,2024-12-14,0,0,9999
74962,93689,2024-08-19,0,0,9999
74976,93704,2022-01-16,0,0,9999
74983,93715,2022-02-24,0,0,9999
74989,93722,2023-02-14,0,0,9999
75002,93737,2019-09-11,0,0,9999
75002,93738,2025-02-03,0,1,1972
75011,93749,2024-07-10,0,0,9999
75024,93768,2026-01-23,0,1,30
75024,93769,2025-12-24,1,0,9999
75027,93772,2026-01-26,0,1,393
75027,93773,2024-12-29,0,0,9999
75037,93784,2019-09-03,0,0,9999
75044,93792,2024-07-26,0,0,9999
75044,93793,2025-09-14,0,1,415
75048,93798,2022-03-25,0,0,9999
75053,93806,2023-09-18,0,0,9999
75054,93808,2025-10-08,0,0,9999
75064,93818,2025-05-30,0,0,9999
75084,93844,2025-06-07,0,0,9999
75092,93851,2024-09-22,0,0,9999
75096,93854,2026-01-29,0,0,9999
75102,93861,2023-04-22,0,0,9999
75113,93871,2021-06-25,0,0,9999
75114,93873,2025-10-30,0,0,9999
75114,93874,2026-01-12,0,1,74
75115,93875,2025-06-22,0,0,9999
75125,93890,2025-12-30,0,0,9999
75133,93896,2024-04-28,0,0,9999
75135,93899,2023-10-14,0,0,9999
75146,93907,2022-11-13,0,0,9999
75152,93910,2025-11-29,0,0,9999
75156,93914,2024-05-08,0,0,9999
75157,93915,2026-01-15,0,0,9999
75161,93920,2025-11-30,0,0,9999
75166,93925,2025-01-27,0,0,9999
75183,93953,2024-07-09,0,0,9999
75191,93961,2024-11-08,0,0,9999
75191,93962,2025-10-28,0,1,354
75205,93982,2025-10-13,0,0,9999
75206,93984,2025-07-05,0,0,9999
75207,93985,2025-12-28,0,0,9999
75211,93989,2026-01-10,0,0,9999
75224,94009,2022-02-03,0,0,9999
75229,94020,2023-11-24,0,0,9999
75230,94023,2023-06-04,0,0,9999
75232,94025,2024-03-05,0,0,9999
75245,94039,2024-12-04,0,1,546
75245,94040,2023-06-07,0,0,9999
75250,94044,2025-05-27,0,0,9999
75262,94057,2025-01-29,0,0,9999
75269,94066,2024-12-11,0,0,9999
75276,94078,2024-04-26,0,0,9999
75290,94091,2026-01-21,0,0,9999
75292,94093,2020-10-17,0,0,9999
75296,94097,2023-08-09,0,0,9999
75320,94132,2024-08-01,0,0,9999
75332,94144,2023-07-25,0,0,9999
75336,94146,2025-04-24,0,0,9999
75341,94157,2022-12-13,0,1,771
75341,94158,2020-11-02,0,0,9999
75346,94166,2025-07-19,0,0,9999
75347,94167,2024-07-17,0,0,9999
75358,94186,2026-01-03,0,0,9999
75362,94189,2025-07-09,0,0,9999
75367,94196,2026-01-25,0,0,9999
75369,94198,2023-06-13,0,0,9999
75371,94201,2024-08-27,0,0,9999
75372,94202,2024-05-22,0,0,9999
75384,94216,2022-12-24,0,0,9999
75388,94220,2025-11-09,0,0,9999
75393,94230,2023-03-22,0,0,9999
75396,94232,2022-06-13,0,0,9999
75401,94238,2023-08-31,0,0,9999
75405,94241,2024-07-27,0,0,9999
75406,94243,2024-11-04,0,0,9999
75409,94244,2025-08-23,0,0,9999
75434,94275,2025-12-12,0,0,9999
75436,94277,2024-05-15,0,0,9999
75451,94299,2025-07-27,0,0,9999
75452,94300,2025-08-30,0,0,9999
75453,94302,2025-07-17,0,0,9999
75456,94309,2024-03-16,0,0,9999
75472,94327,2025-03-10,0,0,9999
75473,94328,2025-10-21,0,0,9999
75504,94372,2024-12-01,0,0,9999
75510,94379,2025-03-23,0,0,9999
75528,94401,2025-03-10,0,0,9999
75532,94408,2025-09-30,0,0,9999
75533,94409,2022-01-19,0,0,9999
75544,94426,2024-09-04,0,0,9999
75555,94443,2025-01-11,0,0,9999
75557,94449,2023-09-19,0,0,9999
75562,94457,2024-06-23,0,0,9999
75565,94466,2023-08-11,0,0,9999
75566,94467,2025-11-01,0,0,9999
75576,94476,2023-11-06,0,0,9999
75579,94479,2024-01-16,0,0,9999
75589,94487,2026-01-29,0,0,9999
75594,94495,2023-01-11,0,0,9999
75596,94497,2025-02-02,0,0,9999
75596,94498,2025-06-13,0,1,131
75625,94539,2022-04-11,0,0,9999
75629,94542,2025-05-27,0,0,9999
75638,94552,2022-05-18,0,0,9999
75647,94565,2025-08-03,0,0,9999
75657,94575,2021-05-21,0,0,9999
75678,94598,2025-10-07,0,0,9999
75695,94625,2025-08-21,0,0,9999
75700,94630,2020-10-23,0,0,9999
75705,94636,2024-07-05,0,1,502
75705,94637,2023-02-19,0,0,9999
75708,94639,2025-03-15,0,0,9999
75709,94640,2021-06-01,0,0,9999
75709,94641,2023-11-24,0,1,906
75710,94645,2022-06-02,0,0,9999
75726,94670,2025-05-28,0,0,9999
75730,94674,2025-07-29,0,1,67
75730,94675,2025-05-23,0,0,9999
75741,94691,2024-05-18,0,0,9999
75745,94695,2025-02-02,0,0,9999
75755,94705,2025-09-28,0,0,9999
75755,94706,2025-12-13,0,1,76
75756,94708,2025-10-21,0,1,449
75756,94709,2024-07-29,0,0,9999
75772,94724,2024-11-01,0,0,9999
75778,94735,2024-07-25,0,0,9999
75793,94760,2025-09-15,0,0,9999
75801,94769,2025-04-27,1,0,9999
75801,94771,2025-12-21,0,2,214
75801,94772,2025-05-21,0,1,24
75804,94777,2025-07-30,0,1,798
75804,94778,2023-05-24,0,0,9999
75830,94806,2025-10-14,0,0,9999
75856,94829,2025-12-02,0,0,9999
75862,94840,2023-03-19,0,1,329
75862,94843,2022-04-24,0,0,9999
75869,94850,2025-08-26,0,0,9999
75870,94852,2025-06-05,0,0,9999
75877,94859,2025-11-29,0,0,9999
75882,94865,2023-12-15,0,0,9999
75888,94873,2023-07-27,0,0,9999
75894,94880,2024-06-15,0,0,9999
75896,94885,2025-04-06,0,0,9999
75900,94889,2026-01-23,0,0,9999
75902,94892,2024-05-26,0,0,9999
75904,94896,2024-09-23,0,0,9999
75905,94897,2025-04-10,0,0,9999
75906,94898,2023-07-03,0,0,9999
75914,94906,2025-03-08,0,0,9999
75916,94912,2026-01-28,0,0,9999
75917,94916,2025-12-03,0,0,9999
75929,94932,2025-11-26,0,0,9999
75935,94940,2025-01-09,0,0,9999
75940,94946,2025-01-27,0,0,9999
75960,94973,2026-01-19,0,0,9999
75977,94994,2023-01-12,0,0,9999
75986,95005,2022-09-13,0,0,9999
75988,95007,2024-02-21,0,0,9999
75996,95015,2024-04-15,0,0,9999
76005,95028,2022-06-16,0,0,9999
76021,95046,2025-09-11,0,0,9999
76023,95048,2023-01-16,0,0,9999
76024,95050,2025-05-06,0,0,9999
76025,95053,2024-11-30,0,0,9999
76037,95069,2025-08-08,0,0,9999
76038,95070,2025-08-11,0,0,9999
76039,95072,2025-10-25,0,0,9999
76051,95086,2024-01-05,0,0,9999
76063,95099,2025-03-22,0,0,9999
76078,95120,2022-05-24,0,0,9999
76082,95126,2023-02-12,0,1,203
76082,95128,2022-07-24,0,0,9999
76083,95129,2020-01-26,0,0,9999
76094,95146,2024-04-21,0,0,9999
76096,95151,2023-10-07,0,0,9999
76104,95160,2025-07-26,0,0,9999
76113,95168,2023-07-17,0,0,9999
76114,95170,2026-01-17,0,0,9999
76115,95171,2022-03-20,0,0,9999
76124,95181,2025-04-14,0,0,9999
76132,95194,2025-12-19,0,0,9999
76135,95200,2026-01-05,0,0,9999
76147,95222,2024-08-12,0,1,25
76147,95224,2024-07-18,1,0,9999
76149,95226,2025-10-15,0,1,249
76149,95227,2025-02-08,0,0,9999
76153,95233,2023-11-17,0,0,9999
76153,95234,2024-03-04,0,1,108
76164,95248,2026-01-28,0,0,9999
76170,95255,2022-03-22,0,0,9999
76174,95260,2024-05-22,0,0,9999
76176,95262,2026-01-20,0,1,1171
76176,95263,2022-11-06,0,0,9999
76178,95266,2023-06-18,0,0,9999
76186,95275,2025-09-17,0,0,9999
76206,95299,2025-11-23,0,0,9999
76224,95324,2021-09-26,0,0,9999
76226,95327,2025-02-02,0,0,9999
76229,95329,2024-11-05,0,1,83
76229,95331,2024-08-14,0,0,9999
76231,95333,2025-01-23,0,0,9999
76234,95336,2021-05-06,0,0,9999
76238,95338,2025-12-18,0,0,9999
76243,95344,2023-08-09,0,0,9999
76272,95383,2026-01-24,0,0,9999
76281,95394,2022-07-20,0,0,9999
76281,95395,2024-09-16,0,1,789
76291,95412,2025-07-31,0,0,9999
76294,95417,2020-08-10,0,0,9999
76297,95423,2020-06-26,0,0,9999
76301,95430,2024-10-26,0,0,9999
76307,95434,2025-06-20,0,1,1659
76307,95435,2020-12-04,0,0,9999
76309,95437,2025-01-26,0,0,9999
76315,95446,2025-12-28,1,0,9999
76315,95448,2026-01-22,0,1,25
76318,95453,2025-05-18,0,0,9999
76319,95454,2023-07-09,0,0,9999
76329,95466,2025-01-30,0,0,9999
76335,95472,2021-08-05,0,0,9999
76336,95474,2025-06-18,1,2,179
76336,95475,2024-09-16,0,0,9999
76336,95476,2024-12-21,0,1,96
76336,95477,2025-06-19,0,3,1
76344,95487,2023-02-03,0,0,9999
76356,95504,2024-10-31,0,1,1440
76356,95506,2020-11-21,0,0,9999
76368,95516,2024-11-06,0,0,9999
76371,95519,2024-05-15,0,0,9999
76375,95522,2026-01-30,0,0,9999
76376,95523,2022-04-19,0,0,9999
76376,95524,2022-05-24,0,1,35
76376,95526,2023-09-22,0,2,486
76391,95541,2023-11-06,0,0,9999
76391,95542,2024-09-28,0,1,327
76407,95560,2024-07-15,0,0,9999
76417,95568,2024-12-18,0,0,9999
76429,95587,2023-07-07,0,0,9999
76430,95588,2021-10-02,0,0,9999
76432,95591,2022-03-08,0,0,9999
76432,95592,2023-04-25,0,1,413
76438,95597,2019-06-06,0,0,9999
76439,95598,2025-08-04,0,0,9999
76444,95605,2023-06-04,0,0,9999
76446,95609,2023-12-06,0,0,9999
76446,95610,2025-09-01,0,1,635
76450,95618,2024-10-24,0,0,9999
76452,95620,2023-02-10,0,0,9999
76453,95623,2022-04-22,0,0,9999
76455,95625,2026-01-06,0,0,9999
76472,95642,2025-08-31,0,0,9999
76485,95654,2025-05-12,0,0,9999
76492,95658,2024-08-31,0,0,9999
76493,95660,2024-10-27,0,1,143
76493,95661,2024-06-06,0,0,9999
76496,95664,2025-07-31,0,0,9999
76500,95669,2025-05-02,0,0,9999
76504,95674,2020-12-06,0,0,9999
76506,95680,2022-07-07,0,0,9999
76510,95683,2022-12-05,0,0,9999
76516,95687,2024-01-15,0,0,9999
76525,95698,2023-12-28,0,0,9999
76526,95700,2021-10-08,0,0,9999
76537,95713,2025-12-28,0,0,9999
76539,95715,2022-12-28,0,0,9999
76542,95719,2025-11-04,0,0,9999
76551,95732,2023-10-22,0,1,541
76551,95734,2022-04-29,0,0,9999
76559,95739,2022-09-29,0,0,9999
76566,95745,2025-03-04,0,0,9999
76567,95746,2025-02-09,0,0,9999
76569,95749,2023-04-10,0,0,9999
76577,95754,2021-03-15,0,0,9999
76579,95758,2021-03-30,0,0,9999
76589,95766,2022-10-05,0,0,9999
76605,95782,2025-02-16,0,1,142
76605,95784,2024-09-27,0,0,9999
76619,95799,2024-02-08,0,0,9999
76620,95801,2025-05-14,0,0,9999
76621,95802,2022-01-17,0,0,9999
76626,95806,2020-09-12,0,0,9999
76628,95809,2025-09-27,0,0,9999
76634,95815,2025-06-27,0,0,9999
76657,95844,2024-07-15,0,0,9999
76657,95845,2024-10-20,0,1,97
76657,95846,2026-01-05,0,2,442
76665,95859,2025-05-16,0,0,9999
76669,95862,2024-03-19,0,0,9999
76669,95863,2025-08-08,0,1,507
76670,95864,2025-02-08,0,0,9999
76674,95867,2024-02-23,0,0,9999
76690,95890,2023-01-14,0,0,9999
76690,95891,2023-08-20,0,1,218
76694,95895,2025-08-27,0,0,9999
76696,95900,2025-09-18,0,0,9999
76698,95902,2023-03-08,0,0,9999
76703,95906,2025-10-04,0,0,9999
76712,95916,2022-11-22,0,0,9999
76724,95926,2026-01-23,0,0,9999
76726,95927,2023-10-03,0,0,9999
76736,95936,2022-01-05,0,0,9999
76742,95941,2022-07-12,0,1,316
76742,95943,2021-08-30,0,0,9999
76760,95958,2025-10-10,0,0,9999
76763,95965,2026-01-19,0,0,9999
76765,95969,2025-09-16,0,0,9999
76774,95981,2022-08-21,0,0,9999
76784,95995,2022-08-22,0,0,9999
76791,96004,2026-01-18,0,0,9999
76798,96011,2024-01-09,0,0,9999
76800,96012,2025-11-30,0,0,9999
76806,96019,2023-04-04,0,0,9999
76808,96022,2022-02-14,0,0,9999
76809,96023,2025-01-10,0,0,9999
76812,96027,2025-08-24,0,1,783
76812,96029,2023-07-03,0,0,9999
76831,96051,2021-02-09,0,0,9999
76833,96056,2026-01-05,0,1,1
76833,96057,2026-01-04,1,0,9999
76842,96071,2022-06-28,0,0,9999
76844,96074,2025-11-16,0,0,9999
76863,96095,2020-06-14,0,0,9999
76864,96100,2023-09-09,0,0,9999
76865,96102,2022-08-09,0,0,9999
76866,96104,2022-12-23,0,0,9999
76876,96115,2025-10-04,0,0,9999
76890,96135,2025-01-06,0,1,304
76890,96138,2024-03-08,0,0,9999
76892,96142,2025-05-01,0,0,9999
76895,96145,2024-10-08,0,0,9999
76896,96147,2024-10-31,0,0,9999
76896,96149,2025-01-14,0,1,75
76897,96151,2022-02-10,0,0,9999
76898,96152,2023-03-28,0,0,9999
76929,96193,2024-08-24,0,1,213
76929,96194,2024-01-24,0,0,9999
76938,96204,2025-11-20,0,1,1550
76938,96205,2021-08-23,0,0,9999
76939,96206,2026-01-02,0,0,9999
76944,96213,2025-09-21,0,0,9999
76951,96226,2025-04-16,0,0,9999
76963,96238,2025-09-11,0,0,9999
76965,96240,2021-05-02,0,0,9999
76968,96243,2023-06-29,0,0,9999
76971,96247,2024-03-25,0,0,9999
76974,96252,2025-12-22,0,0,9999
76979,96258,2025-12-14,0,0,9999
76986,96264,2024-12-03,0,0,9999
76986,96265,2025-04-11,0,1,129
76987,96267,2025-03-03,0,0,9999
76989,96269,2024-09-23,0,0,9999
77001,96281,2024-11-09,0,0,9999
77029,96311,2025-09-25,0,0,9999
77030,96316,2026-01-15,0,0,9999
77032,96318,2025-12-16,0,0,9999
77035,96321,2025-01-19,0,0,9999
77035,96323,2025-08-04,0,1,197
77041,96331,2022-04-27,0,0,9999
77043,96333,2023-03-08,0,0,9999
77056,96348,2024-12-27,0,0,9999
77064,96358,2025-06-26,0,1,299
77064,96359,2024-08-31,0,0,9999
77067,96363,2025-12-03,0,0,9999
77067,96364,2026-01-14,0,1,42
77073,96373,2025-04-30,0,0,9999
77078,96382,2024-12-10,0,0,9999
77081,96386,2026-01-14,0,0,9999
77094,96403,2023-01-07,0,0,9999
77095,96404,2025-03-31,0,0,9999
77106,96419,2026-01-06,0,0,9999
77110,96422,2023-12-18,0,0,9999
77113,96426,2023-09-22,0,0,9999
77113,96427,2024-01-27,0,1,127
77114,96428,2025-11-21,0,0,9999
77116,96431,2019-12-11,0,0,9999
77128,96441,2026-01-10,0,0,9999
77137,96447,2024-11-22,0,0,9999
77149,96456,2020-08-09,0,0,9999
77151,96458,2022-04-04,0,1,381
77151,96459,2021-03-19,0,0,9999
77152,96460,2022-11-09,0,0,9999
77155,96462,2025-01-25,0,0,9999
77160,96466,2024-07-25,0,0,9999
77162,96468,2025-12-10,0,0,9999
77166,96478,2025-01-30,0,0,9999
77168,96480,2021-11-05,0,0,9999
77169,96482,2023-10-09,0,0,9999
77174,96485,2024-09-13,0,0,9999
77176,96487,2024-02-26,0,0,9999
77178,96493,2026-01-08,0,0,9999
77185,96500,2025-05-19,0,0,9999
77185,96503,2025-10-28,0,1,162
77196,96515,2023-11-29,0,0,9999
77197,96516,2025-10-12,0,0,9999
77205,96524,2025-12-25,0,0,9999
77210,96531,2023-03-12,0,0,9999
77217,96538,2024-07-11,0,1,826
77217,96539,2022-04-07,0,0,9999
77221,96547,2024-10-18,0,0,9999
77239,96566,2024-11-10,0,0,9999
77243,96576,2024-11-10,0,1,83
77243,96578,2024-08-19,0,0,9999
77249,96585,2022-12-21,0,0,9999
77258,96595,2024-11-14,0,0,9999
77274,96618,2025-06-23,0,0,9999
77279,96622,2024-07-03,0,0,9999
77282,96627,2025-06-10,0,0,9999
77284,96630,2025-01-10,0,0,9999
77299,96652,2023-09-24,0,0,9999
77322,96672,2023-02-05,0,0,9999
77333,96683,2025-02-26,0,0,9999
77335,96685,2022-12-07,0,0,9999
77338,96687,2024-08-15,0,0,9999
77340,96688,2026-01-30,0,0,9999
77353,96706,2020-12-13,0,0,9999
77386,96750,2021-12-19,0,0,9999
77388,96753,2026-01-30,0,0,9999
77389,96754,2026-01-24,0,0,9999
77406,96771,2021-12-11,0,0,9999
77407,96773,2026-01-14,1,0,9999
77407,96774,2026-01-17,0,1,3
77409,96776,2021-10-19,0,0,9999
77413,96782,2025-11-15,0,1,1531
77413,96783,2021-09-06,0,0,9999
77418,96788,2025-03-31,0,0,9999
77419,96789,2025-10-24,0,0,9999
77419,96790,2026-01-07,0,1,75
77422,96796,2026-01-27,0,0,9999
77425,96798,2024-07-09,0,0,9999
77433,96805,2024-09-05,0,0,9999
77453,96836,2025-09-17,0,0,9999
77476,96855,2020-12-21,0,0,9999
77481,96862,2026-01-08,0,1,24
77481,96863,2025-12-15,1,0,9999
77484,96866,2025-09-10,0,0,9999
77486,96868,2020-04-19,0,0,9999
77488,96871,2023-10-06,0,0,9999
77493,96874,2023-11-14,0,0,9999
77499,96880,2025-06-20,0,0,9999
77503,96886,2023-06-27,0,0,9999
77507,96889,2025-09-23,0,0,9999
77510,96892,2024-11-10,0,0,9999
77513,96896,2024-09-28,0,0,9999
77522,96910,2025-02-13,0,0,9999
77528,96921,2023-12-06,0,0,9999
77540,96931,2025-11-03,0,0,9999
77544,96938,2026-01-29,0,0,9999
77545,96941,2022-06-05,0,0,9999
77561,96960,2025-11-08,0,0,9999
77573,96976,2025-08-24,0,0,9999
77573,96978,2025-11-01,0,1,69
77596,97003,2025-05-03,0,0,9999
77598,97005,2024-01-17,0,0,9999
77600,97009,2020-07-18,0,0,9999
77605,97017,2025-02-20,0,0,9999
77606,97019,2024-02-12,0,0,9999
77612,97027,2024-05-20,0,0,9999
77628,97041,2020-04-03,0,0,9999
77628,97042,2025-12-28,0,1,2095
77635,97054,2022-05-19,0,0,9999
77641,97063,2023-11-30,0,0,9999
77642,97064,2022-10-15,0,0,9999
77655,97076,2023-02-17,0,0,9999
77662,97084,2025-10-20,0,0,9999
77667,97090,2024-06-04,0,0,9999
77668,97092,2025-10-19,0,1,210
77668,97093,2025-03-23,0,0,9999
77669,97094,2026-01-28,0,0,9999
77678,97101,2022-07-25,0,0,9999
77692,97120,2019-11-21,0,0,9999
77698,97128,2025-09-16,0,0,9999
77708,97146,2022-08-20,0,0,9999
77709,97148,2019-12-17,0,0,9999
77714,97153,2024-12-01,0,0,9999
77725,97167,2025-07-05,0,0,9999
77726,97168,2025-08-14,0,0,9999
77731,97178,2023-09-20,0,0,9999
77735,97186,2022-02-07,0,0,9999
77739,97190,2023-05-07,0,0,9999
77740,97191,2025-11-07,0,0,9999
77746,97198,2024-06-20,0,0,9999
77748,97199,2025-08-02,0,0,9999
77774,97234,2021-10-07,0,0,9999
77776,97237,2023-12-29,0,0,9999
77777,97239,2023-10-22,0,0,9999
77782,97244,2025-04-28,0,0,9999
77783,97246,2025-12-20,0,1,98
77783,97247,2025-09-13,0,0,9999
77787,97254,2025-05-30,0,0,9999
77797,97269,2023-04-22,0,0,9999
77801,97274,2022-02-19,0,0,9999
77804,97276,2020-10-16,0,1,159
77804,97278,2020-05-10,0,0,9999
77807,97284,2025-12-22,0,0,9999
77809,97286,2025-01-09,0,0,9999
77811,97293,2025-06-23,0,0,9999
77819,97305,2026-01-26,0,0,9999
77832,97310,2024-12-27,0,0,9999
77837,97315,2025-12-23,0,0,9999
77842,97318,2026-01-15,0,0,9999
77843,97319,2025-09-20,0,0,9999
77849,97331,2025-03-21,0,1,27
77849,97332,2025-02-22,1,0,9999
77852,97337,2026-01-28,0,0,9999
77855,97341,2025-12-18,0,1,27
77855,97342,2025-11-21,1,0,9999
77856,97345,2025-05-13,0,0,9999
77863,97355,2023-06-23,0,0,9999
77867,97360,2025-11-07,0,0,9999
77868,97363,2024-10-12,0,0,9999
77869,97368,2020-05-27,0,0,9999
77870,97370,2023-08-30,0,0,9999
77879,97380,2023-03-01,0,0,9999
77881,97382,2025-05-05,0,1,522
77881,97384,2023-11-30,0,0,9999
77896,97404,2025-05-25,0,0,9999
77903,97410,2025-12-05,0,0,9999
77908,97417,2021-08-13,0,0,9999
77909,97420,2025-09-30,0,0,9999
77941,97457,2024-02-08,0,0,9999
77948,97472,2025-02-28,0,2,163
77948,97473,2023-08-20,0,0,9999
77948,97475,2024-09-18,0,1,395
77956,97483,2024-10-04,0,0,9999
77959,97485,2026-01-03,0,0,9999
77963,97490,2026-01-29,0,0,9999
77964,97491,2025-12-18,0,0,9999
77970,97500,2025-05-25,0,0,9999
77973,97503,2022-05-27,0,0,9999
77979,97509,2026-01-17,0,0,9999
77984,97517,2025-11-27,0,0,9999
77989,97522,2025-03-04,0,0,9999
77994,97529,2023-08-28,0,0,9999
77996,97537,2025-12-20,0,0,9999
78004,97543,2025-07-26,0,0,9999
78014,97553,2026-01-19,0,0,9999
78015,97556,2026-01-21,0,0,9999
78017,97558,2024-01-21,0,0,9999
78018,97561,2025-08-26,0,0,9999
78023,97568,2024-01-03,0,1,36
78023,97569,2023-11-28,0,0,9999
78028,97577,2025-11-13,0,0,9999
78029,97578,2023-10-08,0,0,9999
78032,97581,2024-06-21,0,0,9999
78033,97584,2023-10-22,0,0,9999
78045,97601,2022-04-12,0,0,9999
78067,97625,2025-01-13,0,0,9999
78074,97632,2025-09-19,0,0,9999
78074,97633,2025-12-03,0,1,75
78079,97641,2022-03-15,0,0,9999
78085,97647,2025-08-13,0,0,9999
78094,97660,2024-08-13,0,0,9999
78108,97679,2026-01-30,0,0,9999
78118,97688,2024-10-25,0,0,9999
78145,97717,2025-12-26,0,0,9999
78151,97723,2024-12-20,0,0,9999
78154,97729,2025-03-01,0,0,9999
78159,97734,2024-06-22,0,0,9999
78160,97736,2025-01-26,0,0,9999
78165,97743,2024-03-10,0,1,32
78165,97745,2024-02-07,0,0,9999
78188,97769,2024-02-13,0,1,121
78188,97770,2023-10-15,0,0,9999
78196,97776,2021-09-02,0,0,9999
78198,97778,2025-06-21,0,0,9999
78210,97791,2023-12-25,0,0,9999
78215,97797,2024-02-27,0,0,9999
78240,97823,2025-06-23,0,0,9999
78241,97825,2025-12-28,0,0,9999
78247,97835,2025-08-30,0,0,9999
78251,97839,2023-12-02,0,0,9999
78253,97846,2020-02-05,0,0,9999
78268,97859,2025-03-04,0,0,9999
78269,97860,2025-11-23,0,0,9999
78276,97868,2023-07-19,0,0,9999
78286,97878,2025-12-27,0,0,9999
78303,97897,2021-12-13,0,0,9999
78316,97911,2024-05-01,0,0,9999
78321,97920,2025-06-24,0,0,9999
78325,97928,2026-01-30,0,0,9999
78328,97931,2025-04-10,0,0,9999
78347,97956,2025-02-17,0,0,9999
78354,97968,2024-10-01,0,0,9999
78364,97984,2024-06-17,0,0,9999
78374,97997,2019-02-26,0,0,9999
78375,97999,2025-01-29,0,0,9999
78383,98010,2025-06-12,0,0,9999
78389,98020,2023-10-16,0,0,9999
78390,98021,2025-12-26,1,0,9999
78390,98022,2026-01-29,0,2,26
78390,98024,2026-01-03,1,1,8
78395,98029,2025-07-22,0,0,9999
78396,98031,2026-01-29,0,0,9999
78400,98037,2023-09-26,0,0,9999
78415,98052,2023-07-13,0,0,9999
78427,98062,2023-03-26,0,0,9999
78434,98072,2026-01-21,0,0,9999
78435,98073,2022-02-23,0,0,9999
78452,98091,2025-07-20,0,0,9999
78458,98104,2025-11-13,0,0,9999
78460,98106,2025-09-04,0,0,9999
78464,98109,2025-07-05,0,0,9999
78485,98130,2024-10-30,0,1,93
78485,98131,2024-07-29,0,0,9999
78495,98148,2025-11-11,0,0,9999
78501,98155,2024-12-23,0,0,9999
78502,98156,2025-03-21,0,0,9999
78506,98165,2023-04-30,0,0,9999
78516,98179,2024-04-13,0,0,9999
78538,98206,2024-07-26,0,0,9999
78541,98213,2026-01-20,0,0,9999
78544,98215,2025-01-28,0,0,9999
78556,98234,2019-06-13,0,0,9999
78560,98237,2024-02-05,0,0,9999
78567,98245,2024-01-26,0,0,9999
78570,98248,2023-12-06,0,0,9999
78587,98267,2023-05-12,0,0,9999
78591,98272,2022-02-19,0,0,9999
78601,98279,2020-06-27,0,0,9999
78607,98288,2022-12-14,0,0,9999
78610,98289,2026-01-29,0,0,9999
78630,98311,2020-11-03,0,0,9999
78631,98312,2025-12-12,0,0,9999
78632,98313,2025-09-01,0,0,9999
78633,98314,2023-04-26,0,0,9999
78655,98343,2023-08-07,0,0,9999
78663,98353,2022-05-18,0,0,9999
78673,98366,2026-01-20,0,0,9999
78677,98371,2025-03-04,0,0,9999
78679,98374,2025-04-30,0,1,58
78679,98375,2025-03-03,0,0,9999
78691,98386,2026-01-15,0,0,9999
78699,98397,2025-08-25,0,0,9999
78711,98413,2025-12-11,0,0,9999
78713,98414,2026-01-16,0,0,9999
78722,98421,2024-05-28,0,0,9999
78737,98450,2022-08-25,0,0,9999
78745,98457,2025-03-05,0,0,9999
78747,98460,2025-12-11,0,0,9999
78755,98471,2025-10-05,0,0,9999
78756,98474,2023-11-05,0,0,9999
78831,98543,2023-10-24,0,0,9999
78848,98560,2024-04-04,0,0,9999
78848,98561,2025-12-09,0,1,614
78858,98569,2025-12-04,0,2,1534
78858,98570,2019-11-28,0,0,9999
78858,98571,2021-09-22,0,1,664
78863,98578,2025-06-24,0,1,186
78863,98581,2024-12-20,0,0,9999
78864,98582,2024-10-24,0,0,9999
78873,98594,2023-02-13,0,0,9999
78875,98596,2022-05-07,0,0,9999
78877,98599,2025-09-20,0,0,9999
78879,98603,2024-12-15,0,0,9999
78885,98611,2025-02-23,0,0,9999
78887,98616,2024-11-23,0,0,9999
78909,98640,2023-12-08,0,0,9999
78912,98644,2023-09-19,0,1,756
78912,98645,2021-08-24,0,0,9999
78913,98647,2025-07-24,0,1,924
78913,98648,2023-01-12,0,0,9999
78915,98653,2023-02-06,0,0,9999
78915,98654,2024-06-17,0,1,497
78921,98659,2024-03-02,0,0,9999
78928,98670,2025-11-18,0,1,82
78928,98673,2025-08-28,0,0,9999
78929,98676,2026-01-25,0,0,9999
78932,98679,2025-08-12,0,0,9999
78934,98681,2025-06-06,0,0,9999
78940,98686,2024-02-17,0,0,9999
78943,98689,2021-06-27,0,0,9999
78945,98692,2022-12-27,0,0,9999
78949,98693,2025-08-12,0,0,9999
78979,98717,2024-11-01,0,0,9999
78981,98720,2024-03-01,0,0,9999
78987,98732,2024-02-28,0,0,9999
79020,98771,2025-04-10,0,0,9999
79027,98782,2022-12-01,0,0,9999
79031,98788,2025-05-28,0,0,9999
79039,98805,2023-12-02,0,0,9999
79047,98814,2025-10-18,0,0,9999
79058,98829,2020-07-06,0,0,9999
79066,98845,2025-06-22,0,0,9999
79076,98861,2025-07-04,0,0,9999
79078,98866,2021-07-05,0,0,9999
79081,98870,2024-12-07,0,0,9999
79084,98873,2024-01-19,0,0,9999
79085,98874,2025-04-12,0,0,9999
79089,98880,2025-04-26,0,0,9999
79098,98892,2024-09-17,0,1,46
79098,98893,2024-08-02,0,0,9999
79103,98897,2025-03-20,0,0,9999
79103,98898,2025-10-29,0,1,223
79107,98905,2022-08-22,0,0,9999
79112,98914,2022-05-12,0,0,9999
79123,98930,2019-04-20,0,0,9999
79124,98932,2026-01-03,1,0,9999
79124,98933,2026-01-11,0,1,8
79140,98951,2025-11-01,0,0,9999
79153,98965,2024-03-18,0,0,9999
79158,98970,2023-11-07,0,0,9999
79170,98983,2025-12-01,0,0,9999
79172,98987,2022-12-28,0,0,9999
79174,98990,2026-01-14,0,0,9999
79175,98993,2024-05-14,0,0,9999
79184,99002,2021-08-25,0,0,9999
79189,99006,2022-08-27,0,0,9999
79228,99046,2025-03-09,0,0,9999
79229,99050,2025-11-26,0,0,9999
79230,99053,2025-10-17,0,0,9999
79232,99055,2021-12-31,0,0,9999
79244,99067,2025-02-16,0,0,9999
79252,99077,2023-05-17,0,0,9999
79276,99099,2023-06-03,0,0,9999
79277,99103,2025-08-26,0,0,9999
79288,99115,2024-03-25,0,0,9999
79289,99116,2026-01-30,0,0,9999
79289,99118,2026-01-30,0,0,9999
79292,99120,2024-11-29,0,0,9999
79292,99121,2025-06-18,0,1,201
79307,99132,2025-04-22,0,0,9999
79307,99134,2025-10-23,0,1,184
79316,99145,2025-12-28,0,0,9999
79323,99155,2023-06-12,0,0,9999
79329,99159,2022-10-09,0,0,9999
79340,99173,2024-11-23,0,0,9999
79345,99176,2020-01-24,0,0,9999
79350,99185,2026-01-30,0,0,9999
79356,99196,2025-10-07,0,1,196
79356,99197,2025-03-25,0,0,9999
79375,99222,2025-04-04,0,0,9999
79378,99225,2022-04-21,0,0,9999
79387,99234,2024-03-10,0,2,390
79387,99235,2024-05-16,0,3,67
79387,99236,2023-02-14,0,1,525
79387,99237,2021-09-07,0,0,9999
79398,99249,2024-01-26,0,0,9999
79400,99252,2023-02-11,0,0,9999
79412,99263,2024-07-30,0,0,9999
79416,99268,2024-01-29,0,0,9999
79429,99282,2025-11-16,0,0,9999
79430,99284,2024-02-07,0,0,9999
79444,99303,2023-10-06,0,0,9999
79448,99307,2024-10-10,0,0,9999
79455,99317,2025-09-23,0,0,9999
79456,99319,2026-01-05,0,0,9999
79460,99324,2025-07-18,0,0,9999
79467,99330,2024-08-28,0,0,9999
79473,99335,2023-10-26,0,0,9999
79476,99341,2024-09-24,0,0,9999
79478,99344,2023-12-07,0,0,9999
79481,99349,2025-04-12,0,0,9999
79485,99354,2025-04-11,0,0,9999
79489,99360,2023-08-18,0,0,9999
79490,99362,2026-01-29,0,0,9999
79491,99363,2025-09-29,0,0,9999
79494,99369,2021-02-20,0,0,9999
79498,99374,2021-11-16,0,0,9999
79501,99377,2023-04-07,0,0,9999
79515,99395,2022-06-18,0,0,9999
79518,99398,2022-10-21,0,1,366
79518,99399,2021-10-20,0,0,9999
79520,99402,2024-08-25,0,0,9999
79524,99405,2023-06-21,0,0,9999
79530,99413,2024-03-12,0,0,9999
79534,99419,2021-12-02,0,0,9999
79535,99421,2023-05-25,0,0,9999
79553,99442,2026-01-14,0,0,9999
79561,99451,2025-08-03,0,0,9999
79561,99452,2025-09-23,0,1,51
79567,99457,2026-01-19,0,0,9999
79568,99458,2024-07-13,0,0,9999
79583,99481,2023-12-02,0,0,9999
79587,99484,2025-11-15,0,0,9999
79592,99491,2021-09-15,0,0,9999
79616,99521,2025-02-03,0,0,9999
79620,99530,2025-11-20,0,0,9999
79634,99545,2025-03-13,0,0,9999
79649,99565,2026-01-03,0,0,9999
79654,99572,2025-11-20,0,0,9999
79654,99573,2026-01-27,0,1,68
79657,99575,2025-11-29,0,0,9999
79662,99578,2025-05-03,0,0,9999
79670,99595,2025-04-22,0,0,9999
79677,99601,2025-08-15,0,0,9999
79689,99615,2025-06-03,0,0,9999
79690,99616,2025-06-08,0,0,9999
79695,99621,2025-10-10,0,1,1697
79695,99622,2021-02-16,0,0,9999
79704,99634,2026-01-30,0,0,9999
79721,99649,2024-08-24,0,1,449
79721,99651,2023-06-02,0,0,9999
79724,99655,2021-12-31,0,0,9999
79724,99656,2025-11-26,0,1,1426
79725,99657,2024-09-15,0,0,9999
79729,99661,2025-03-27,0,0,9999
79734,99668,2025-07-31,0,1,377
79734,99670,2024-07-19,0,0,9999
79735,99672,2024-04-24,0,1,759
79735,99673,2022-03-27,0,0,9999
79753,99687,2021-11-13,0,0,9999
79759,99697,2024-04-01,0,0,9999
79762,99702,2026-01-29,0,0,9999
79774,99713,2024-02-05,0,0,9999
79794,99736,2025-04-06,0,0,9999
79797,99738,2022-10-10,0,0,9999
79814,99762,2025-04-19,1,0,9999
79814,99763,2025-05-03,0,1,14
79816,99765,2021-02-12,0,0,9999
79827,99777,2026-01-27,0,1,123
79827,99778,2025-09-26,0,0,9999
79840,99791,2025-09-22,0,0,9999
79851,99805,2023-09-15,0,0,9999
79853,99809,2025-11-02,0,0,9999
79860,99820,2025-09-18,0,0,9999
79867,99833,2025-09-01,0,0,9999
79872,99838,2026-01-22,0,0,9999
79881,99850,2024-12-26,0,0,9999
79907,99881,2023-09-28,0,0,9999
79910,99884,2021-07-19,0,0,9999
79913,99889,2025-01-29,0,0,9999
79926,99906,2025-05-05,0,0,9999
79927,99907,2025-04-06,0,1,791
79927,99908,2023-02-05,0,0,9999
79928,99910,2025-10-04,0,0,9999
79931,99915,2020-06-23,0,0,9999
79935,99921,2021-05-30,0,0,9999
79940,99926,2024-12-09,0,0,9999
79947,99934,2020-12-12,0,0,9999
79952,99939,2023-02-17,0,0,9999
79953,99940,2025-03-02,0,0,9999
79954,99942,2023-11-29,0,0,9999
79956,99943,2023-08-10,0,0,9999
79975,99969,2024-12-18,0,0,9999
79976,99970,2024-03-18,0,0,9999
79983,99978,2026-01-19,0,1,73
79983,99979,2025-11-07,0,0,9999
79990,99988,2024-02-26,0,0,9999
80006,100004,2023-09-28,0,0,9999
80008,100007,2024-12-23,0,1,586
80008,100008,2023-05-17,0,0,9999
80015,100015,2026-01-29,0,0,9999
80017,100018,2023-07-07,0,0,9999
80019,100022,2022-05-24,0,0,9999
80022,100025,2023-02-05,0,0,9999
80024,100027,2020-05-22,0,0,9999
80025,100028,2021-03-26,0,0,9999
80029,100036,2025-10-27,1,0,9999
80029,100038,2025-11-24,0,1,28
80031,100040,2025-06-29,0,0,9999
80043,100053,2023-01-27,0,0,9999
80058,100069,2025-06-05,0,0,9999
80058,100070,2025-11-21,0,1,169
80066,100085,2023-12-01,0,0,9999
80085,100108,2024-07-15,0,0,9999
80087,100111,2025-06-27,0,0,9999
80088,100112,2022-06-05,0,0,9999
80096,100117,2025-08-09,0,0,9999
80133,100155,2025-11-08,0,0,9999
80145,100166,2025-08-19,0,0,9999
80147,100168,2021-03-27,0,0,9999
80158,100180,2023-06-30,0,0,9999
80168,100191,2025-10-03,0,0,9999
80180,100201,2024-08-27,0,0,9999
80181,100202,2020-03-10,0,0,9999
80187,100212,2026-01-10,0,0,9999
80213,100238,2021-01-14,0,0,9999
80218,100248,2024-07-28,0,0,9999
80224,100255,2022-07-15,0,0,9999
80236,100269,2025-12-26,0,0,9999
80265,100304,2025-06-23,0,0,9999
80276,100318,2025-01-04,0,0,9999
80286,100328,2025-05-22,0,0,9999
80291,100337,2024-07-12,0,0,9999
80291,100338,2025-03-12,0,1,243
80292,100339,2023-02-01,0,0,9999
80295,100345,2025-01-18,0,0,9999
80299,100349,2023-06-18,0,0,9999
80303,100353,2026-01-19,0,0,9999
80304,100355,2025-11-21,0,0,9999
80310,100360,2023-09-28,0,0,9999
80330,100389,2022-03-20,0,0,9999
80337,100398,2024-12-06,0,0,9999
80338,100400,2025-10-17,0,0,9999
80342,100404,2025-12-05,0,0,9999
80362,100425,2025-08-16,0,0,9999
80367,100430,2025-05-15,0,0,9999
80378,100445,2024-08-01,0,0,9999
80378,100446,2025-01-16,0,1,168
80378,100447,2025-09-27,0,2,254
80388,100465,2026-01-20,0,0,9999
80402,100480,2025-05-21,0,0,9999
80407,100485,2024-04-24,0,0,9999
80413,100493,2023-03-08,0,0,9999
80414,100494,2025-10-22,0,0,9999
80420,100501,2020-07-16,0,0,9999
80426,100507,2025-11-11,0,1,16
80426,100509,2025-10-26,1,0,9999
80435,100522,2025-12-17,0,0,9999
80441,100531,2025-12-31,0,0,9999
80443,100534,2023-03-14,0,1,626
80443,100535,2021-06-26,0,0,9999
80444,100537,2022-01-16,0,0,9999
80447,100540,2020-05-28,0,0,9999
80448,100542,2025-08-17,0,0,9999
80450,100544,2020-12-13,0,0,9999
80453,100551,2023-05-15,0,0,9999
80470,100569,2021-12-30,0,0,9999
80471,100571,2023-06-24,0,0,9999
80474,100575,2021-09-08,0,1,208
80474,100576,2021-02-12,0,0,9999
80483,100583,2025-06-28,0,0,9999
80504,100603,2022-12-11,0,0,9999
80512,100614,2023-11-07,0,1,141
80512,100617,2023-06-19,0,0,9999
80532,100640,2025-01-02,0,0,9999
80532,100642,2025-10-26,0,1,297
80547,100665,2024-04-17,0,0,9999
80558,100680,2025-03-27,0,0,9999
80578,100710,2026-01-12,0,0,9999
80593,100728,2025-07-15,0,0,9999
80595,100730,2020-08-03,0,0,9999
80605,100738,2025-11-23,0,0,9999
80607,100739,2025-06-08,0,0,9999
80618,100746,2025-12-05,0,0,9999
80621,100750,2023-04-17,0,0,9999
80626,100756,2025-01-03,0,0,9999
80630,100761,2024-09-10,0,0,9999
80631,100762,2021-07-18,0,0,9999
80633,100766,2026-01-28,0,0,9999
80648,100786,2024-03-15,0,0,9999
80657,100795,2024-12-14,0,0,9999
80658,100796,2023-05-01,0,0,9999
80666,100803,2025-11-28,0,0,9999
80667,100810,2025-09-21,0,0,9999
80674,100815,2025-03-04,0,0,9999
80684,100826,2025-08-01,0,0,9999
80685,100828,2025-04-30,0,0,9999
80687,100832,2024-04-17,0,0,9999
80691,100836,2025-01-25,0,1,2159
80691,100837,2019-02-27,0,0,9999
80699,100847,2024-04-01,0,0,9999
80703,100854,2021-11-14,0,0,9999
80704,100856,2025-07-11,0,1,252
80704,100857,2024-11-01,0,0,9999
80709,100865,2025-04-16,0,1,1030
80709,100867,2022-06-21,0,0,9999
80713,100870,2025-09-28,0,0,9999
80717,100877,2024-08-25,0,0,9999
80718,100878,2021-08-21,0,0,9999
80735,100897,2025-12-12,0,0,9999
80751,100922,2025-02-16,0,1,293
80751,100924,2024-04-29,0,0,9999
80752,100925,2025-03-11,0,1,220
80752,100928,2024-08-03,0,0,9999
80762,100942,2019-08-30,0,0,9999
80764,100946,2024-07-09,0,0,9999
80777,100967,2024-12-28,0,0,9999
80813,101020,2026-01-30,0,0,9999
80817,101026,2023-11-18,0,0,9999
80821,101031,2022-04-19,0,1,345
80821,101032,2021-05-09,0,0,9999
80829,101037,2022-11-17,0,1,1323
80829,101040,2019-04-04,0,0,9999
80832,101045,2023-11-06,0,0,9999
80835,101049,2025-10-27,0,0,9999
80853,101066,2024-12-08,0,0,9999
80861,101073,2024-11-10,0,0,9999
80863,101075,2025-02-19,0,0,9999
80863,101076,2025-06-05,0,1,106
80865,101078,2025-11-17,0,0,9999
80867,101080,2025-08-24,0,0,9999
80884,101100,2024-04-08,0,0,9999
80895,101110,2024-10-25,0,0,9999
80897,101116,2025-11-09,0,0,9999
80899,101117,2024-03-14,0,1,174
80899,101118,2023-09-22,0,0,9999
80908,101131,2023-02-12,0,0,9999
80910,101136,2025-08-23,0,0,9999
80913,101139,2022-08-25,0,1,129
80913,101140,2022-04-18,0,0,9999
80921,101150,2025-12-06,0,0,9999
80935,101164,2026-01-22,0,0,9999
80945,101181,2025-05-08,0,0,9999
80946,101183,2022-10-11,0,0,9999
80951,101190,2023-08-06,0,0,9999
80960,101202,2023-07-19,0,1,165
80960,101203,2023-02-04,0,0,9999
80961,101204,2022-11-26,0,0,9999
80963,101206,2025-09-24,0,1,830
80963,101207,2023-06-17,0,0,9999
80966,101213,2025-08-03,0,0,9999
80969,101218,2024-01-24,0,0,9999
80975,101226,2025-02-24,0,0,9999
80977,101228,2025-10-22,0,0,9999
80998,101256,2026-01-30,0,0,9999
81001,101260,2025-03-20,0,0,9999
81004,101266,2023-01-17,0,0,9999
81012,101274,2024-03-30,0,0,9999
81013,101279,2026-01-02,0,0,9999
81023,101294,2025-08-15,0,0,9999
81024,101295,2024-11-13,0,0,9999
81028,101302,2024-06-21,0,0,9999
81030,101304,2024-11-01,0,1,139
81030,101305,2024-06-15,0,0,9999
81032,101309,2025-12-19,0,0,9999
81035,101312,2025-01-28,0,1,119
81035,101313,2024-10-01,0,0,9999
81060,101338,2025-09-05,0,0,9999
81061,101339,2024-03-13,0,0,9999
81061,101340,2025-09-22,0,1,558
81066,101348,2024-04-14,0,0,9999
81068,101350,2025-11-13,0,0,9999
81076,101361,2025-01-03,0,0,9999
81087,101373,2025-11-25,0,0,9999
81089,101375,2024-07-05,0,0,9999
81092,101381,2023-02-06,0,0,9999
81097,101388,2022-08-17,0,0,9999
81098,101389,2023-11-07,0,0,9999
81103,101401,2025-12-20,0,1,259
81103,101402,2025-04-05,0,0,9999
81104,101404,2024-03-22,0,0,9999
81106,101406,2023-12-04,0,0,9999
81111,101412,2022-09-20,0,0,9999
81118,101420,2025-12-06,0,0,9999
81125,101430,2025-02-12,0,0,9999
81130,101433,2026-01-29,0,0,9999
81152,101466,2023-05-17,0,0,9999
81154,101470,2025-03-18,0,0,9999
81172,101487,2026-01-30,0,0,9999
81174,101488,2021-12-26,0,0,9999
81177,101490,2021-12-24,0,0,9999
81182,101496,2025-12-23,0,0,9999
81183,101497,2026-01-27,0,0,9999
81184,101499,2025-06-01,0,0,9999
81223,101542,2024-12-10,0,0,9999
81227,101548,2026-01-26,0,0,9999
81231,101553,2022-05-07,0,0,9999
81233,101554,2024-02-29,0,0,9999
81239,101561,2025-08-06,0,0,9999
81240,101563,2024-06-09,0,0,9999
81245,101568,2025-12-17,0,0,9999
81249,101576,2025-12-04,0,0,9999
81260,101585,2025-06-11,0,1,1408
81260,101586,2021-08-03,0,0,9999
81263,101590,2021-12-24,0,0,9999
81269,101596,2023-07-12,0,0,9999
81283,101612,2024-07-15,0,0,9999
81288,101624,2026-01-26,0,0,9999
81308,101645,2025-11-21,0,0,9999
81310,101649,2025-09-21,0,0,9999
81311,101650,2025-12-08,0,0,9999
81316,101655,2025-08-31,0,0,9999
81324,101659,2025-10-22,0,0,9999
81340,101676,2026-01-22,0,0,9999
81348,101685,2022-01-31,0,0,9999
81359,101701,2024-07-30,0,0,9999
81360,101703,2023-03-25,0,0,9999
81360,101704,2025-04-09,0,1,746
81371,101721,2020-02-01,0,0,9999
81395,101749,2024-01-23,0,0,9999
81396,101750,2025-12-28,0,0,9999
81404,101767,2025-01-12,0,0,9999
81405,101770,2025-10-23,0,0,9999
81414,101780,2023-03-22,0,0,9999
81416,101782,2021-06-18,0,0,9999
81416,101783,2024-07-31,0,1,1139
81417,101784,2025-11-04,0,1,924
81417,101785,2023-04-25,0,0,9999
81424,101795,2025-01-08,0,0,9999
81428,101799,2023-11-20,0,0,9999
81428,101800,2025-11-23,0,1,734
81433,101807,2021-12-04,0,0,9999
81435,101810,2026-01-30,0,0,9999
81445,101821,2023-12-29,0,0,9999
81457,101836,2025-08-27,0,0,9999
81459,101838,2025-03-21,0,0,9999
81459,101839,2025-06-06,0,1,77
81465,101844,2023-02-19,0,0,9999
81473,101855,2025-02-12,0,0,9999
81480,101863,2025-11-11,0,0,9999
81481,101865,2024-12-20,0,0,9999
81482,101866,2025-12-10,0,0,9999
81497,101882,2026-01-11,0,1,187
81497,101883,2025-07-08,0,0,9999
81511,101906,2022-11-20,0,0,9999
81527,101935,2025-11-12,0,0,9999
81533,101941,2022-05-12,0,0,9999
81537,101945,2025-07-13,0,0,9999
81542,101956,2025-12-27,0,0,9999
81549,101964,2025-07-08,0,0,9999
81555,101973,2025-03-10,0,0,9999
81563,101980,2024-06-28,0,0,9999
81577,101999,2025-06-21,0,0,9999
81595,102025,2023-07-03,0,0,9999
81602,102032,2025-11-16,0,0,9999
81611,102040,2022-05-11,0,0,9999
81634,102070,2021-12-09,0,0,9999
81637,102072,2025-07-05,1,0,9999
81637,102073,2025-11-23,0,2,122
81637,102074,2025-07-24,0,1,19
81641,102081,2023-02-11,0,0,9999
81643,102082,2020-10-05,0,0,9999
81645,102085,2021-06-12,0,0,9999
81646,102087,2024-11-08,0,0,9999
81647,102090,2022-05-14,0,0,9999
81660,102114,2025-03-15,0,0,9999
81674,102138,2024-11-29,0,0,9999
81677,102140,2026-01-30,0,0,9999
81691,102158,2020-04-29,0,0,9999
81696,102163,2025-02-18,0,0,9999
81715,102190,2020-01-30,0,0,9999
81719,102195,2025-01-16,0,0,9999
81721,102197,2025-10-01,0,1,420
81721,102198,2024-08-07,0,0,9999
81729,102210,2025-07-13,0,0,9999
81739,102229,2022-08-09,0,0,9999
81750,102243,2025-12-31,0,0,9999
81753,102248,2026-01-27,0,0,9999
81768,102265,2020-10-24,0,0,9999
81769,102266,2025-10-12,0,1,43
81769,102268,2025-08-30,0,0,9999
81773,102272,2023-04-07,0,0,9999
81776,102277,2025-12-20,0,0,9999
81782,102287,2023-06-14,0,0,9999
81784,102293,2025-09-10,0,0,9999
81791,102299,2025-12-02,0,0,9999
81803,102312,2025-05-17,0,0,9999
81805,102315,2022-05-31,0,0,9999
81812,102322,2025-10-18,0,0,9999
81815,102326,2025-12-08,0,1,5
81815,102327,2025-12-03,1,0,9999
81817,102329,2026-01-23,0,0,9999
81819,102330,2023-08-24,0,0,9999
81837,102350,2020-09-13,0,0,9999
81852,102364,2026-01-30,0,0,9999
81860,102369,2024-02-22,0,0,9999
81864,102373,2021-09-05,0,0,9999
81866,102377,2025-02-21,0,0,9999
81884,102396,2022-04-26,0,0,9999
81889,102401,2024-08-23,0,0,9999
81893,102409,2025-12-21,0,0,9999
81900,102418,2024-03-07,0,0,9999
81911,102438,2025-08-05,0,1,525
81911,102439,2024-02-27,0,0,9999
81923,102455,2025-10-06,0,0,9999
81933,102466,2025-11-09,0,0,9999
81943,102479,2022-04-23,0,1,342
81943,102481,2021-05-16,0,0,9999
81948,102491,2023-10-01,0,0,9999
81950,102496,2023-11-28,0,0,9999
81950,102497,2024-12-06,0,1,374
82000,102559,2024-09-05,0,0,9999
82015,102571,2024-04-18,0,0,9999
82015,102572,2024-05-24,0,1,36
82016,102576,2025-05-10,0,0,9999
82034,102594,2020-12-26,0,0,9999
82052,102613,2022-08-28,0,0,9999
82059,102620,2025-08-09,0,0,9999
82071,102636,2024-11-20,0,0,9999
82100,102662,2023-04-01,0,0,9999
82104,102664,2026-01-30,0,0,9999
82111,102670,2023-08-25,0,0,9999
82112,102672,2023-03-12,0,0,9999
82126,102690,2021-12-05,0,0,9999
82126,102691,2025-05-05,0,1,1247
82127,102694,2025-01-06,0,0,9999
82134,102699,2024-02-18,0,1,61
82134,102702,2023-12-19,0,0,9999
82135,102703,2021-05-15,0,0,9999
82156,102725,2025-09-22,0,0,9999
82167,102738,2025-11-21,0,0,9999
82181,102761,2025-12-16,0,0,9999
82185,102763,2024-03-15,0,0,9999
82190,102767,2023-09-12,0,0,9999
82194,102769,2025-02-26,0,0,9999
82222,102799,2022-09-21,0,0,9999
82228,102807,2023-12-17,0,0,9999
82233,102812,2024-09-27,0,0,9999
82238,102819,2025-07-21,0,0,9999
82239,102820,2024-08-27,0,0,9999
82239,102821,2025-11-09,0,1,439
82250,102837,2024-07-10,0,0,9999
82251,102839,2021-03-12,0,0,9999
82259,102847,2025-01-15,0,0,9999
82263,102851,2025-12-28,0,0,9999
82276,102868,2025-11-01,0,0,9999
82284,102879,2025-01-31,0,0,9999
82285,102883,2024-01-06,0,0,9999
82286,102884,2021-09-06,0,0,9999
82300,102901,2026-01-27,0,0,9999
82302,102905,2025-11-13,0,0,9999
82308,102914,2022-11-11,0,0,9999
82311,102921,2019-08-14,0,0,9999
82313,102924,2025-05-06,0,0,9999
82314,102925,2024-04-08,0,0,9999
82335,102955,2023-06-08,0,0,9999
82348,102969,2025-09-24,0,0,9999
82352,102974,2025-10-21,0,0,9999
82354,102982,2024-03-23,0,0,9999
82382,103011,2023-06-26,0,0,9999
82386,103018,2022-12-04,0,0,9999
82391,103023,2025-10-07,0,0,9999
82396,103026,2020-06-13,0,0,9999
82398,103028,2025-04-01,0,0,9999
82407,103043,2025-02-26,0,0,9999
82412,103049,2023-04-17,0,0,9999
82421,103059,2025-07-31,0,1,1079
82421,103060,2022-08-17,0,0,9999
82422,103061,2026-01-30,0,0,9999
82424,103066,2025-12-16,0,0,9999
82434,103081,2024-05-22,0,0,9999
82436,103082,2024-09-05,0,0,9999
82436,103084,2025-02-08,0,1,156
82442,103098,2024-05-11,0,0,9999
82455,103113,2024-09-14,0,0,9999
82476,103128,2025-03-18,0,0,9999
82479,103134,2025-02-26,0,0,9999
82483,103139,2022-06-17,0,0,9999
82492,103150,2025-08-22,0,1,88
82492,103152,2025-05-26,0,0,9999
82501,103162,2024-11-07,0,0,9999
82503,103165,2025-05-26,0,0,9999
82511,103175,2023-07-11,0,0,9999
82512,103176,2024-05-13,0,1,297
82512,103178,2023-07-21,0,0,9999
82547,103212,2022-10-04,0,0,9999
82566,103236,2023-01-24,0,0,9999
82570,103242,2024-07-25,0,0,9999
82585,103262,2023-04-24,0,0,9999
82587,103265,2025-05-20,0,2,680
82587,103267,2023-07-10,0,1,815
82587,103268,2021-04-16,0,0,9999
82589,103270,2023-07-06,0,0,9999
82593,103277,2025-05-31,0,0,9999
82593,103278,2025-12-26,0,1,209
82599,103286,2026-01-30,0,0,9999
82602,103291,2022-11-17,0,0,9999
82605,103294,2025-01-28,0,0,9999
82609,103299,2025-10-15,0,0,9999
82611,103301,2022-01-09,0,0,9999
82616,103306,2026-01-29,0,0,9999
82628,103321,2026-01-09,0,0,9999
82632,103328,2023-02-21,0,0,9999
82652,103348,2020-02-26,0,0,9999
82653,103349,2023-09-02,0,0,9999
82660,103357,2024-04-11,0,0,9999
82664,103358,2024-10-17,0,0,9999
82668,103365,2023-05-25,0,0,9999
82671,103367,2023-09-08,0,0,9999
82672,103368,2022-02-04,0,0,9999
82672,103369,2023-07-01,0,1,512
82697,103398,2023-12-17,0,0,9999
82702,103403,2025-12-01,0,0,9999
82727,103422,2025-10-04,0,1,257
82727,103423,2025-01-20,0,0,9999
82739,103438,2023-12-27,0,0,9999
82744,103443,2026-01-29,0,0,9999
82747,103447,2024-07-19,0,0,9999
82758,103456,2025-10-04,0,0,9999
82762,103463,2025-07-24,0,0,9999
82767,103469,2023-02-22,0,0,9999
82771,103473,2023-06-21,0,0,9999
82781,103482,2022-12-23,0,0,9999
82789,103495,2024-02-16,0,0,9999
82791,103497,2025-09-11,0,0,9999
82793,103503,2024-01-31,0,0,9999
82828,103542,2025-06-02,0,0,9999
82834,103553,2026-01-28,0,0,9999
82839,103558,2023-12-01,0,0,9999
82846,103565,2024-11-20,0,0,9999
82848,103570,2022-10-27,0,0,9999
82853,103573,2025-07-12,0,0,9999
82859,103579,2025-12-17,0,1,59
82859,103581,2025-10-19,0,0,9999
82860,103583,2021-09-12,0,0,9999
82861,103584,2024-10-24,0,0,9999
82863,103586,2025-12-22,0,0,9999
82867,103593,2025-04-04,0,0,9999
82868,103594,2021-01-26,0,0,9999
82871,103597,2025-10-06,0,0,9999
82876,103602,2024-04-20,0,0,9999
82878,103605,2024-03-07,0,0,9999
82879,103609,2025-07-11,0,0,9999
82893,103624,2022-05-07,0,0,9999
82899,103631,2023-07-22,0,0,9999
82900,103632,2022-05-27,0,0,9999
82903,103634,2024-11-21,0,0,9999
82911,103648,2025-05-20,1,0,9999
82911,103649,2025-06-16,0,1,27
82912,103650,2024-11-16,0,0,9999
82913,103652,2025-12-30,1,0,9999
82913,103653,2026-01-22,0,1,23
82926,103671,2021-02-04,0,0,9999
82926,103673,2023-12-20,0,2,1012
82926,103674,2021-03-13,0,1,37
82933,103681,2024-11-10,0,0,9999
82936,103686,2023-10-11,0,0,9999
82945,103701,2026-01-13,0,0,9999
82947,103705,2023-11-10,0,0,9999
82953,103713,2025-01-28,0,0,9999
82969,103732,2023-02-24,0,0,9999
83004,103773,2025-09-13,0,0,9999
83024,103796,2026-01-29,0,0,9999
83025,103798,2025-09-18,0,1,58
83025,103799,2025-07-22,0,0,9999
83033,103812,2023-08-01,0,0,9999
83047,103827,2023-02-03,0,0,9999
83053,103836,2026-01-17,0,1,165
83053,103837,2025-08-05,0,0,9999
83060,103848,2025-03-12,0,0,9999
83062,103849,2020-12-18,0,0,9999
83064,103851,2025-05-30,0,0,9999
83069,103856,2026-01-20,0,0,9999
83070,103857,2025-07-25,0,0,9999
83072,103863,2025-04-24,0,0,9999
83076,103864,2025-05-30,0,0,9999
83088,103877,2025-05-08,0,1,79
83088,103879,2025-02-18,0,0,9999
83088,103880,2025-09-14,0,2,129
83089,103881,2025-03-20,0,0,9999
83090,103883,2025-08-18,0,0,9999
83092,103886,2024-11-02,0,0,9999
83094,103888,2024-05-07,0,0,9999
83108,103900,2024-12-18,0,0,9999
83110,103903,2025-01-01,0,0,9999
83116,103911,2025-03-13,0,0,9999
83129,103925,2024-02-22,0,0,9999
83129,103928,2025-02-22,0,1,366
83132,103933,2025-11-22,0,0,9999
83140,103938,2024-08-20,0,0,9999
83144,103942,2026-01-08,1,0,9999
83144,103944,2026-01-15,0,1,7
83159,103963,2021-11-21,0,0,9999
83159,103965,2025-12-19,0,1,1489
83162,103970,2024-06-12,0,0,9999
83170,103981,2024-10-07,0,0,9999
83195,104009,2024-10-08,0,0,9999
83195,104010,2024-11-21,0,1,44
83208,104040,2024-10-14,0,0,9999
83233,104077,2020-01-20,0,0,9999
83238,104086,2025-10-17,0,0,9999
83242,104091,2024-10-10,0,0,9999
83246,104095,2022-03-12,0,0,9999
83249,104101,2024-10-14,0,0,9999
83256,104112,2026-01-16,0,0,9999
83258,104114,2020-07-27,0,0,9999
83265,104121,2025-07-25,0,0,9999
83272,104130,2025-05-27,0,0,9999
83275,104134,2025-07-28,0,0,9999
83280,104141,2023-11-16,0,0,9999
83282,104143,2020-11-03,0,0,9999
83284,104145,2023-12-26,0,0,9999
83286,104147,2024-05-25,0,0,9999
83286,104148,2025-07-02,0,1,403
83293,104162,2024-12-21,0,1,228
83293,104163,2024-05-07,0,0,9999
83295,104165,2020-03-26,0,0,9999
83296,104167,2024-09-22,0,0,9999
83302,104180,2022-09-02,0,0,9999
83308,104193,2023-11-10,0,0,9999
83312,104200,2025-10-08,0,1,33
83312,104201,2025-09-05,0,0,9999
83319,104211,2022-04-23,0,0,9999
83322,104214,2026-01-21,0,0,9999
83329,104225,2025-07-26,0,0,9999
83333,104230,2025-11-22,0,0,9999
83336,104233,2025-04-06,0,1,72
83336,104235,2025-01-24,0,0,9999
83344,104242,2025-05-02,0,0,9999
83355,104257,2024-04-02,0,0,9999
83386,104286,2022-08-17,0,0,9999
83395,104300,2023-11-24,0,0,9999
83412,104327,2025-01-23,0,0,9999
83415,104335,2026-01-30,0,0,9999
83418,104340,2020-09-25,0,0,9999
83418,104341,2021-04-09,0,1,196
83439,104368,2021-08-02,0,0,9999
83441,104372,2025-11-29,0,0,9999
83449,104380,2021-05-24,0,0,9999
83454,104386,2023-01-03,0,0,9999
83455,104387,2025-12-08,0,0,9999
83458,104392,2023-01-08,0,0,9999
83460,104396,2026-01-30,0,0,9999
83461,104398,2024-09-04,0,0,9999
83468,104407,2024-09-10,0,0,9999
83492,104427,2025-09-19,0,0,9999
83512,104442,2024-05-12,0,0,9999
83513,104443,2022-12-22,0,0,9999
83525,104455,2022-03-22,0,0,9999
83550,104481,2021-01-23,0,0,9999
83550,104482,2025-11-05,0,1,1747
83564,104505,2021-09-21,0,0,9999
83586,104527,2024-12-05,0,0,9999
83592,104533,2022-07-29,0,0,9999
83601,104547,2025-06-30,0,0,9999
83609,104551,2024-10-25,0,0,9999
83639,104592,2025-02-28,0,0,9999
83654,104609,2025-04-18,0,0,9999
83660,104617,2026-01-30,0,0,9999
83660,104618,2026-01-30,0,0,9999
83664,104621,2025-10-19,0,0,9999
83667,104624,2023-06-22,0,0,9999
83670,104627,2024-12-14,0,1,95
83670,104628,2025-02-23,0,2,71
83670,104629,2024-09-10,0,0,9999
83680,104637,2024-10-22,0,0,9999
83682,104642,2022-12-10,0,0,9999
83693,104654,2021-07-16,0,0,9999
83694,104657,2024-07-21,0,0,9999
83710,104675,2024-04-19,0,0,9999
83716,104685,2023-04-07,0,0,9999
83718,104687,2026-01-28,0,1,17
83718,104689,2026-01-11,1,0,9999
83726,104700,2023-06-09,0,0,9999
83732,104706,2025-10-27,0,0,9999
83750,104729,2025-06-12,0,1,148
83750,104730,2025-01-15,0,0,9999
83771,104754,2024-11-02,0,0,9999
83771,104756,2025-08-04,0,1,275
83773,104759,2025-08-10,0,0,9999
83775,104763,2025-01-25,0,0,9999
83777,104765,2022-05-15,0,0,9999
83785,104771,2025-02-16,0,1,1493
83785,104772,2021-01-15,0,0,9999
83789,104776,2026-01-27,0,0,9999
83792,104780,2026-01-12,0,0,9999
83793,104781,2020-03-09,0,0,9999
83802,104788,2023-12-03,0,0,9999
83804,104791,2024-05-22,0,0,9999
83805,104793,2026-01-19,0,0,9999
83806,104795,2019-11-01,0,0,9999
83811,104799,2024-04-28,0,0,9999
83827,104815,2022-11-12,0,0,9999
83833,104824,2023-11-30,0,0,9999
83838,104831,2021-11-13,0,0,9999
83846,104844,2022-10-06,0,0,9999
83854,104861,2024-04-03,0,0,9999
83858,104865,2026-01-22,0,0,9999
83863,104876,2024-04-10,0,1,173
83863,104879,2023-10-20,0,0,9999
83865,104884,2024-03-21,0,0,9999
83866,104885,2025-11-24,0,0,9999
83871,104888,2025-04-30,0,0,9999
83881,104900,2022-03-01,0,0,9999
83886,104907,2024-12-18,0,0,9999
83888,104911,2025-11-12,0,0,9999
83892,104916,2025-08-20,0,0,9999
83902,104926,2023-09-23,0,0,9999
83905,104929,2025-02-18,0,0,9999
83907,104931,2026-01-29,0,0,9999
83910,104934,2025-01-26,0,0,9999
83911,104935,2025-01-21,0,0,9999
83914,104937,2024-12-26,0,0,9999
83916,104939,2021-10-15,0,0,9999
83917,104940,2021-06-10,0,0,9999
83936,104965,2024-10-19,0,0,9999
83941,104971,2024-09-27,0,0,9999
83950,104984,2023-03-02,0,0,9999
83959,104999,2021-05-09,0,0,9999
83961,105002,2024-02-08,0,0,9999
83962,105004,2023-09-21,0,0,9999
83987,105037,2026-01-30,0,0,9999
83990,105040,2024-10-28,0,0,9999
83992,105044,2024-12-21,0,0,9999
83995,105048,2022-03-25,0,0,9999
84001,105053,2021-03-27,0,0,9999
84018,105075,2024-03-17,0,0,9999
84028,105086,2023-05-23,0,0,9999
84030,105087,2026-01-12,0,1,655
84030,105088,2024-03-28,0,0,9999
84031,105089,2026-01-04,0,0,9999
84038,105096,2025-11-28,0,0,9999
84040,105097,2025-11-05,0,0,9999
84048,105109,2023-05-20,0,0,9999
84055,105119,2020-04-10,0,0,9999
84064,105132,2025-02-02,0,0,9999
84085,105160,2022-07-03,0,0,9999
84091,105171,2024-09-26,0,0,9999
84092,105173,2024-08-23,0,0,9999
84101,105186,2025-05-11,0,0,9999
84107,105192,2024-10-06,0,0,9999
84129,105227,2024-11-15,0,0,9999
84136,105231,2025-12-15,0,0,9999
84139,105233,2024-06-02,0,0,9999
84144,105239,2025-11-07,0,0,9999
84149,105244,2024-07-31,0,0,9999
84156,105252,2026-01-30,0,0,9999
84177,105273,2024-05-12,0,0,9999
84177,105275,2025-11-18,0,1,555
84184,105283,2025-07-23,0,0,9999
84201,105296,2025-08-30,0,0,9999
84213,105312,2023-04-19,0,1,130
84213,105313,2022-12-10,0,0,9999
84220,105322,2025-01-29,0,0,9999
84222,105324,2025-08-03,0,0,9999
84230,105340,2025-02-04,0,0,9999
84239,105350,2024-11-24,0,0,9999
84244,105358,2020-04-06,0,0,9999
84253,105369,2021-11-15,0,1,263
84253,105370,2021-02-25,0,0,9999
84270,105389,2025-08-13,0,1,18
84270,105392,2025-07-26,1,0,9999
84271,105393,2025-11-30,0,1,35
84271,105394,2025-10-26,0,0,9999
84272,105395,2023-11-14,0,1,126
84272,105398,2023-07-11,0,0,9999
84278,105404,2026-01-01,0,0,9999
84279,105405,2025-02-02,0,0,9999
84281,105406,2025-11-24,0,0,9999
84291,105417,2024-12-25,0,0,9999
84300,105427,2025-05-12,0,0,9999
84308,105435,2025-02-15,0,0,9999
84311,105443,2025-06-06,0,0,9999
84312,105446,2021-12-30,0,0,9999
84316,105454,2023-01-28,0,0,9999
84318,105456,2024-03-21,0,0,9999
84330,105469,2023-04-25,0,0,9999
84331,105470,2024-03-06,0,0,9999
84347,105491,2024-03-25,0,0,9999
84349,105493,2024-01-21,0,0,9999
84355,105501,2023-11-10,0,0,9999
84355,105502,2024-09-09,0,1,304
84358,105506,2026-01-30,0,0,9999
84358,105507,2026-01-30,0,0,9999
84361,105510,2025-09-09,0,0,9999
84374,105520,2025-01-28,0,0,9999
84374,105521,2025-01-28,0,0,9999
84382,105530,2024-09-19,0,0,9999
84385,105533,2025-12-21,0,0,9999
84390,105540,2024-02-15,0,0,9999
84406,105557,2020-03-12,0,0,9999
84408,105561,2020-11-02,0,0,9999
84408,105563,2025-02-16,0,1,1567
84409,105566,2024-07-15,0,0,9999
84411,105569,2025-07-17,0,1,516
84411,105570,2024-02-17,0,0,9999
84440,105602,2022-03-16,0,0,9999
84443,105606,2020-05-14,0,0,9999
84456,105620,2020-05-04,0,0,9999
84469,105643,2022-02-12,0,0,9999
84475,105647,2022-07-14,0,0,9999
84488,105669,2023-10-09,0,0,9999
84509,105696,2024-08-12,0,0,9999
84512,105699,2025-05-04,0,0,9999
84514,105702,2020-12-15,0,0,9999
84520,105711,2024-03-15,0,0,9999
84527,105723,2024-10-16,0,0,9999
84533,105730,2022-12-02,0,0,9999
84535,105733,2021-09-04,0,0,9999
84544,105742,2023-08-20,0,0,9999
84549,105750,2022-01-11,0,0,9999
84558,105761,2023-08-02,0,0,9999
84564,105768,2025-08-16,0,0,9999
84582,105788,2026-01-28,0,0,9999
84588,105796,2020-06-19,0,0,9999
84595,105803,2020-08-17,0,0,9999
84598,105806,2025-07-01,0,0,9999
84600,105809,2023-09-02,0,0,9999
84606,105816,2023-03-27,0,0,9999
84608,105819,2024-11-25,0,0,9999
84615,105831,2024-07-28,0,0,9999
84621,105840,2025-08-10,0,0,9999
84622,105841,2024-11-06,0,0,9999
84624,105843,2021-08-27,0,0,9999
84624,105845,2022-10-23,0,1,422
84626,105850,2024-07-26,0,0,9999
84628,105853,2023-06-22,0,0,9999
84629,105854,2022-02-28,0,0,9999
84631,105857,2023-07-18,0,0,9999
84643,105876,2026-01-22,0,0,9999
84648,105881,2022-09-12,0,0,9999
84649,105882,2021-06-21,0,0,9999
84653,105891,2025-05-31,0,0,9999
84658,105896,2023-02-11,0,0,9999
84681,105923,2022-04-15,0,0,9999
84693,105947,2025-05-03,0,0,9999
84693,105948,2026-01-06,0,1,248
84695,105950,2023-03-30,0,0,9999
84701,105961,2024-06-12,0,0,9999
84714,105976,2023-07-23,0,0,9999
84734,106010,2025-12-06,0,0,9999
84744,106025,2026-01-21,0,0,9999
84753,106038,2025-07-04,0,0,9999
84756,106042,2023-03-05,0,0,9999
84758,106043,2023-11-19,0,0,9999
84763,106049,2023-04-10,0,0,9999
84765,106054,2024-11-23,0,0,9999
84766,106057,2024-08-02,0,0,9999
84791,106097,2025-04-12,0,0,9999
84792,106098,2025-03-04,0,0,9999
84801,106108,2020-01-24,0,0,9999
84801,106109,2025-01-02,0,1,1805
84822,106128,2024-03-28,1,0,9999
84822,106129,2025-04-20,0,2,361
84822,106130,2025-09-14,0,3,147
84822,106131,2024-04-24,0,1,27
84823,106132,2025-04-26,0,0,9999
84826,106139,2024-01-29,0,0,9999
84836,106147,2022-08-07,0,0,9999
84855,106168,2023-08-14,0,0,9999
84901,106222,2023-06-18,0,0,9999
84904,106228,2023-07-07,0,0,9999
84904,106229,2025-06-16,0,1,710
84913,106242,2024-10-08,0,0,9999
84917,106247,2022-04-03,0,0,9999
84929,106260,2024-11-14,0,0,9999
84931,106264,2023-12-20,0,1,933
84931,106265,2021-05-31,0,0,9999
84940,106274,2023-09-13,0,0,9999
84946,106280,2023-02-11,0,0,9999
84956,106293,2024-07-30,0,0,9999
84972,106319,2023-12-13,0,0,9999
84975,106323,2025-03-18,0,0,9999
84993,106337,2024-04-08,0,0,9999
85001,106347,2024-05-28,0,0,9999
85013,106365,2025-01-25,0,1,236
85013,106366,2024-06-03,0,0,9999
85021,106380,2024-04-18,0,0,9999
85031,106389,2023-11-26,0,0,9999
85033,106393,2024-04-28,0,0,9999
85038,106397,2025-06-20,0,0,9999
85052,106412,2024-10-22,0,0,9999
85057,106416,2023-12-07,0,0,9999
85063,106423,2021-10-06,0,0,9999
85082,106444,2024-09-18,0,0,9999
85095,106457,2021-07-03,0,0,9999
85106,106466,2024-12-03,0,0,9999
85113,106474,2024-03-08,0,0,9999
85113,106475,2024-05-10,0,1,63
85117,106479,2025-01-27,0,1,1312
85117,106480,2021-06-25,0,0,9999
85121,106484,2025-02-12,0,0,9999
85132,106495,2025-10-28,0,0,9999
85142,106507,2025-04-20,0,0,9999
85144,106510,2020-06-25,0,0,9999
85153,106524,2024-04-14,0,0,9999
85156,106527,2024-04-28,0,0,9999
85176,106549,2025-05-30,0,0,9999
85177,106550,2020-10-01,0,0,9999
85191,106568,2025-01-23,0,0,9999
85197,106573,2024-08-01,0,0,9999
85204,106584,2023-12-29,0,1,93
85204,106585,2023-09-27,0,0,9999
85207,106593,2025-12-30,0,0,9999
85209,106595,2023-10-03,0,0,9999
85218,106612,2025-04-06,0,0,9999
85224,106621,2025-12-30,0,0,9999
85225,106622,2025-11-03,0,0,9999
85229,106627,2023-06-05,0,0,9999
85232,106629,2020-09-17,0,0,9999
85237,106637,2025-10-01,0,0,9999
85239,106640,2024-10-14,0,0,9999
85241,106642,2025-11-12,0,0,9999
85244,106645,2022-05-04,0,0,9999
85245,106646,2023-12-09,0,0,9999
85252,106654,2022-08-03,0,0,9999
85255,106659,2021-11-02,0,0,9999
85258,106661,2025-09-01,0,0,9999
85265,106670,2020-03-31,0,0,9999
85269,106674,2022-12-27,0,0,9999
85270,106677,2024-06-04,0,0,9999
85271,106679,2026-01-16,0,0,9999
85272,106681,2022-01-07,0,0,9999
85273,106683,2025-03-27,0,0,9999
85274,106684,2024-06-05,0,0,9999
85281,106694,2026-01-29,0,0,9999
85283,106697,2025-10-28,0,0,9999
85289,106705,2024-07-02,0,0,9999
85290,106707,2025-12-08,0,0,9999
85292,106710,2025-12-28,0,0,9999
85306,106722,2021-05-19,0,0,9999
85308,106726,2023-12-10,0,0,9999
85312,106732,2025-11-23,0,0,9999
85313,106733,2026-01-28,0,0,9999
85318,106739,2024-01-22,0,0,9999
85318,106740,2025-07-02,0,1,527
85321,106744,2025-08-15,0,0,9999
85333,106757,2024-08-03,0,0,9999
85335,106762,2023-11-16,0,0,9999
85335,106763,2024-11-23,0,1,373
85336,106764,2026-01-15,0,0,9999
85337,106765,2023-09-26,0,0,9999
85340,106769,2025-02-23,0,0,9999
85342,106773,2020-11-13,0,0,9999
85351,106786,2025-03-17,0,0,9999
85353,106789,2019-06-11,0,0,9999
85374,106817,2024-08-29,0,1,175
85374,106818,2024-03-07,0,0,9999
85377,106822,2024-06-02,0,0,9999
85404,106842,2022-06-01,0,0,9999
85413,106853,2025-05-03,0,0,9999
85416,106858,2021-08-20,0,0,9999
85416,106859,2024-08-17,0,1,1093
85420,106863,2025-12-08,0,1,632
85420,106865,2024-03-16,0,0,9999
85440,106886,2026-01-29,0,0,9999
85443,106889,2025-03-05,0,0,9999
85444,106890,2025-07-15,0,0,9999
85452,106899,2024-09-13,0,0,9999
85454,106904,2022-08-02,0,0,9999
85456,106906,2025-10-06,0,0,9999
85464,106915,2025-04-27,0,0,9999
85465,106916,2026-01-13,0,0,9999
85466,106919,2025-06-23,0,0,9999
85473,106929,2025-02-15,0,0,9999
85483,106940,2023-09-21,0,0,9999
85502,106964,2022-04-28,0,0,9999
85505,106969,2024-05-13,0,0,9999
85507,106971,2025-12-20,0,0,9999
85516,106987,2019-07-14,0,0,9999
85519,106994,2024-09-15,0,0,9999
85540,107022,2025-12-05,0,0,9999
85543,107025,2025-08-21,0,0,9999
85545,107027,2026-01-30,0,0,9999
85547,107030,2025-01-19,0,0,9999
85547,107031,2025-06-05,0,1,137
85548,107032,2024-09-11,0,1,393
85548,107033,2023-08-15,0,0,9999
85553,107043,2026-01-29,0,0,9999
85563,107054,2025-07-27,0,0,9999
85574,107062,2024-11-21,0,0,9999
85585,107076,2024-11-26,0,0,9999
85586,107077,2020-10-29,0,0,9999
85589,107080,2025-12-06,0,1,5
85589,107081,2025-12-01,1,0,9999
85590,107082,2024-12-06,0,0,9999
85602,107095,2024-06-19,0,0,9999
85607,107099,2025-10-21,0,0,9999
85614,107107,2022-05-01,0,0,9999
85623,107116,2025-03-22,0,0,9999
85631,107123,2025-09-20,0,0,9999
85633,107125,2021-08-10,0,0,9999
85640,107134,2024-05-16,0,0,9999
85641,107135,2025-05-01,0,0,9999
85651,107142,2025-01-09,0,0,9999
85651,107143,2025-09-10,0,1,244
85652,107146,2025-01-31,0,0,9999
85661,107156,2026-01-02,0,0,9999
85663,107162,2022-05-21,0,0,9999
85665,107164,2023-09-24,0,0,9999
85670,107169,2024-09-01,0,0,9999
85673,107171,2024-04-07,0,0,9999
85680,107180,2025-11-08,0,0,9999
85690,107195,2025-10-06,0,0,9999
85697,107202,2022-01-23,0,0,9999
85697,107203,2024-04-29,0,1,827
85699,107207,2025-06-04,0,0,9999
85699,107209,2025-08-27,0,1,84
85700,107210,2023-08-19,0,0,9999
85708,107220,2023-02-27,0,2,87
85708,107221,2022-12-02,0,1,619
85708,107222,2021-03-23,0,0,9999
85716,107231,2023-07-02,0,0,9999
85741,107260,2024-11-21,0,0,9999
85752,107277,2024-09-18,0,0,9999
85756,107283,2025-10-24,0,0,9999
85762,107291,2021-01-19,0,0,9999
85763,107293,2019-06-18,0,0,9999
85767,107298,2026-01-30,0,0,9999
85775,107304,2024-03-22,0,0,9999
85777,107305,2025-12-25,0,0,9999
85779,107308,2025-06-03,0,0,9999
85788,107320,2025-11-22,0,0,9999
85792,107323,2022-09-14,0,0,9999
85792,107326,2024-11-27,0,1,805
85803,107348,2022-09-18,0,0,9999
85812,107359,2024-04-26,0,0,9999
85820,107367,2025-01-07,0,0,9999
85843,107386,2025-08-15,0,0,9999
85845,107388,2024-12-26,0,1,504
85845,107390,2023-08-10,0,0,9999
85849,107395,2025-03-28,0,0,9999
85855,107404,2024-10-17,0,0,9999
85862,107411,2023-10-13,0,0,9999
85869,107420,2024-01-16,0,0,9999
85870,107424,2025-09-07,0,0,9999
85883,107435,2025-01-21,0,0,9999
85884,107437,2025-02-12,0,0,9999
85889,107443,2026-01-23,0,0,9999
85892,107445,2024-10-12,0,0,9999
85894,107450,2023-12-03,0,0,9999
85894,107451,2025-01-05,0,1,399
85903,107463,2024-05-03,0,0,9999
85904,107464,2021-12-16,0,1,148
85904,107465,2021-07-21,0,0,9999
85904,107466,2025-04-13,0,2,1214
85913,107480,2021-12-19,0,0,9999
85923,107490,2022-09-10,0,0,9999
85933,107500,2020-04-04,0,0,9999
85943,107513,2024-11-29,0,0,9999
85944,107515,2022-09-07,0,0,9999
85955,107528,2023-11-04,0,0,9999
85960,107536,2023-04-13,0,0,9999
85962,107544,2024-10-13,0,0,9999
85963,107546,2023-09-27,0,0,9999
85976,107563,2025-08-07,0,0,9999
85978,107567,2025-02-05,0,0,9999
85982,107571,2025-10-25,0,0,9999
85984,107572,2023-05-21,0,0,9999
85993,107578,2024-07-13,0,0,9999
85994,107580,2023-09-27,0,0,9999
86003,107591,2024-01-26,0,0,9999
86014,107604,2023-06-18,0,0,9999
86024,107617,2026-01-02,0,0,9999
86027,107621,2020-01-06,0,0,9999
86041,107636,2023-02-28,0,0,9999
86049,107647,2025-08-07,0,0,9999
86050,107648,2025-04-27,0,0,9999
86063,107667,2021-08-12,0,0,9999
86075,107678,2024-08-28,0,0,9999
86093,107699,2024-12-26,0,0,9999
86098,107704,2022-11-28,0,0,9999
86101,107707,2024-07-08,0,0,9999
86108,107718,2025-02-08,0,0,9999
86116,107728,2022-07-25,0,0,9999
86122,107734,2023-01-04,0,0,9999
86124,107735,2022-08-12,0,0,9999
86136,107747,2023-10-04,0,0,9999
86142,107752,2024-12-24,0,0,9999
86142,107753,2025-10-13,0,1,293
86157,107773,2026-01-03,0,0,9999
86160,107778,2025-10-15,0,0,9999
86162,107779,2023-09-19,0,0,9999
86170,107792,2022-02-03,0,0,9999
86181,107801,2025-01-01,0,0,9999
86184,107806,2023-11-26,0,0,9999
86188,107810,2025-09-08,0,0,9999
86189,107812,2025-04-24,0,0,9999
86196,107819,2025-07-31,0,0,9999
86202,107827,2025-02-18,0,0,9999
86206,107832,2025-09-22,0,0,9999
86208,107833,2025-10-02,0,0,9999
86212,107842,2022-04-09,0,0,9999
86218,107846,2025-03-17,0,0,9999
86225,107852,2025-12-17,0,0,9999
86228,107856,2022-10-01,0,0,9999
86244,107876,2025-09-17,0,0,9999
86261,107892,2025-05-26,0,0,9999
86282,107911,2023-06-09,0,0,9999
86282,107912,2026-01-16,0,1,952
86296,107922,2022-10-24,0,0,9999
86300,107927,2025-12-19,0,0,9999
86301,107929,2024-10-03,0,0,9999
86313,107943,2025-09-17,0,1,861
86313,107944,2023-05-10,0,0,9999
86321,107957,2024-04-02,0,0,9999
86342,107982,2021-10-03,0,0,9999
86348,107990,2025-04-25,0,0,9999
86350,107991,2025-09-18,0,0,9999
86352,107992,2025-07-15,0,0,9999
86354,107994,2020-10-12,0,0,9999
86359,107998,2020-09-25,0,0,9999
86362,108000,2020-11-16,0,0,9999
86363,108002,2024-12-10,0,0,9999
86364,108004,2022-08-12,0,0,9999
86365,108005,2024-12-07,0,0,9999
86372,108016,2024-10-04,0,0,9999
86379,108024,2025-05-16,0,0,9999
86401,108052,2025-12-15,0,0,9999
86406,108056,2025-09-18,0,0,9999
86407,108059,2025-12-12,0,0,9999
86424,108084,2025-12-28,0,0,9999
86426,108086,2025-12-19,0,0,9999
86427,108088,2023-08-02,0,0,9999
86443,108106,2025-05-16,0,0,9999
86461,108127,2026-01-25,0,0,9999
86473,108140,2025-07-01,0,0,9999
86477,108142,2023-01-28,0,0,9999
86482,108151,2025-05-02,0,0,9999
86490,108160,2026-01-21,0,0,9999
86493,108163,2024-07-29,0,0,9999
86499,108167,2025-12-11,0,0,9999
86512,108182,2025-05-26,0,0,9999
86514,108186,2025-11-12,0,0,9999
86515,108187,2025-12-02,0,0,9999
86529,108197,2025-12-16,0,0,9999
86532,108200,2021-05-04,0,0,9999
86536,108204,2019-12-16,0,0,9999
86542,108213,2022-02-27,0,0,9999
86549,108219,2024-07-02,0,0,9999
86549,108220,2024-12-31,0,1,182
86549,108221,2025-03-18,0,2,77
86551,108224,2024-01-26,0,1,1206
86551,108225,2020-10-07,0,0,9999
86556,108232,2025-08-21,0,0,9999
86557,108236,2025-03-16,0,0,9999
86559,108241,2025-08-08,0,0,9999
86561,108244,2026-01-21,0,0,9999
86596,108285,2025-10-09,0,0,9999
86603,108292,2022-02-06,0,0,9999
86623,108314,2024-11-22,0,0,9999
86624,108315,2026-01-30,0,0,9999
86626,108317,2025-12-21,0,0,9999
86637,108334,2022-06-23,0,0,9999
86646,108343,2026-01-09,0,0,9999
86654,108354,2025-10-07,0,0,9999
86656,108357,2026-01-30,0,0,9999
86663,108361,2024-09-02,0,0,9999
86674,108380,2022-10-29,0,0,9999
86686,108397,2022-11-10,0,0,9999
86692,108404,2022-07-27,0,0,9999
86694,108406,2024-03-08,0,0,9999
86707,108424,2024-10-21,0,1,80
86707,108425,2024-08-02,0,0,9999
86715,108434,2025-09-07,0,0,9999
86716,108436,2021-11-18,0,0,9999
86723,108444,2025-03-25,0,0,9999
86741,108466,2023-12-12,0,0,9999
86743,108468,2025-01-07,0,0,9999
86751,108478,2024-08-07,1,0,9999
86751,108479,2024-08-10,0,1,3
86757,108485,2022-10-07,0,0,9999
86757,108486,2025-02-06,0,1,853
86762,108491,2024-01-05,0,0,9999
86791,108524,2025-11-15,0,1,674
86791,108525,2024-01-11,0,0,9999
86808,108543,2024-10-29,0,0,9999
86812,108550,2025-02-04,0,0,9999
86815,108554,2023-12-20,0,0,9999
86828,108577,2021-03-20,0,0,9999
86828,108578,2024-09-30,0,1,1290
86831,108581,2020-05-02,0,0,9999
86831,108582,2023-11-09,0,1,1286
86839,108591,2025-07-08,0,0,9999
86846,108599,2025-10-03,0,0,9999
86849,108604,2023-01-24,0,0,9999
86854,108617,2025-03-29,0,0,9999
86855,108620,2025-03-15,0,0,9999
86857,108622,2024-03-26,0,0,9999
86857,108624,2025-10-25,0,1,578
86861,108628,2023-06-24,0,0,9999
86863,108630,2025-12-08,0,0,9999
86865,108631,2025-08-29,0,0,9999
86867,108635,2025-09-16,0,0,9999
86869,108637,2020-03-30,0,0,9999
86921,108699,2022-05-02,0,0,9999
86930,108713,2026-01-29,1,0,9999
86930,108714,2026-01-30,0,1,1
86932,108718,2023-03-31,0,0,9999
86933,108719,2024-04-14,0,0,9999
86965,108758,2026-01-28,0,0,9999
86972,108766,2022-06-16,0,0,9999
86975,108774,2024-11-22,0,0,9999
86980,108782,2025-11-25,0,0,9999
86985,108785,2024-02-21,0,0,9999
86996,108800,2023-10-15,0,0,9999
87021,108834,2020-10-29,0,0,9999
87025,108840,2026-01-14,0,0,9999
87027,108843,2021-10-29,0,0,9999
87029,108845,2026-01-08,0,0,9999
87034,108849,2024-02-27,0,0,9999
87039,108857,2023-01-29,0,0,9999
87039,108859,2024-10-20,0,1,630
87053,108873,2022-03-13,0,0,9999
87057,108877,2024-06-28,0,0,9999
87067,108886,2025-04-05,0,0,9999
87071,108896,2024-11-28,0,0,9999
87075,108900,2025-02-02,0,0,9999
87078,108904,2025-02-25,0,0,9999
87080,108909,2023-05-06,0,0,9999
87096,108927,2024-07-15,0,0,9999
87097,108931,2025-12-29,0,0,9999
87099,108935,2023-04-15,0,0,9999
87101,108942,2025-09-02,0,0,9999
87106,108946,2023-01-04,0,0,9999
87116,108960,2025-02-09,0,0,9999
87121,108965,2025-10-18,0,0,9999
87159,109005,2025-07-28,0,0,9999
87168,109019,2024-09-06,0,0,9999
87189,109039,2023-03-01,0,0,9999
87192,109044,2024-05-25,0,0,9999
87192,109047,2024-08-02,0,1,69
87203,109057,2025-01-01,0,0,9999
87208,109062,2024-05-18,0,0,9999
87216,109074,2025-02-28,0,0,9999
87217,109075,2023-07-27,0,0,9999
87218,109078,2025-07-13,0,0,9999
87235,109102,2025-11-26,0,0,9999
87236,109103,2024-10-22,0,0,9999
87239,109107,2024-07-04,0,0,9999
87244,109112,2024-09-09,0,0,9999
87246,109115,2024-06-01,0,0,9999
87248,109117,2024-08-26,0,0,9999
87258,109130,2026-01-08,0,2,210
87258,109131,2025-06-12,0,1,83
87258,109132,2025-03-21,0,0,9999
87264,109137,2021-10-29,0,0,9999
87276,109159,2020-11-10,0,0,9999
87277,109161,2025-08-12,0,0,9999
87283,109170,2025-05-08,0,0,9999
87287,109174,2021-06-19,0,0,9999
87289,109178,2024-10-06,0,0,9999
87290,109182,2025-01-09,0,0,9999
87293,109184,2025-04-15,1,1,22
87293,109185,2025-03-24,1,0,9999
87293,109186,2025-09-12,0,3,133
87293,109187,2025-05-02,0,2,17
87296,109190,2024-05-01,0,0,9999
87299,109194,2026-01-27,0,0,9999
87310,109203,2025-11-07,0,0,9999
87317,109211,2024-05-21,0,0,9999
87324,109218,2023-05-25,0,1,131
87324,109219,2023-01-14,0,0,9999
87325,109220,2025-03-22,0,0,9999
87325,109222,2025-09-03,0,1,165
87326,109223,2025-01-12,0,1,68
87326,109224,2024-11-05,0,0,9999
87329,109230,2025-06-14,0,0,9999
87340,109242,2023-11-11,0,0,9999
87349,109255,2023-05-14,0,0,9999
87352,109262,2022-07-23,0,0,9999
87355,109265,2024-06-28,0,0,9999
87360,109270,2026-01-30,0,0,9999
87369,109281,2024-09-04,0,0,9999
87375,109293,2025-09-21,0,0,9999
87377,109296,2025-01-01,0,0,9999
87384,109306,2023-01-18,0,0,9999
87391,109314,2025-03-14,0,0,9999
87410,109335,2026-01-10,0,0,9999
87413,109340,2023-05-05,0,0,9999
87420,109350,2025-01-30,0,0,9999
87425,109360,2021-11-09,0,0,9999
87441,109369,2023-06-02,0,0,9999
87453,109382,2022-11-09,0,0,9999
87457,109388,2025-11-14,0,0,9999
87465,109396,2025-11-17,0,2,20
87465,109398,2025-10-28,1,1,112
87465,109399,2025-07-08,0,0,9999
87486,109424,2025-05-24,0,0,9999
87487,109426,2023-10-01,0,0,9999
87503,109446,2025-11-02,0,0,9999
87523,109476,2024-09-26,0,0,9999
87532,109485,2023-10-20,0,0,9999
87533,109487,2024-07-08,0,0,9999
87539,109494,2024-10-05,0,0,9999
87548,109510,2024-01-06,0,0,9999
87553,109518,2025-11-28,0,0,9999
87555,109522,2022-07-04,0,0,9999
87558,109527,2024-05-14,0,0,9999
87582,109552,2025-03-25,0,0,9999
87583,109554,2023-07-07,0,0,9999
87584,109555,2020-11-14,0,0,9999
87602,109579,2022-11-01,0,0,9999
87607,109587,2023-11-20,0,0,9999
87612,109593,2020-10-17,0,0,9999
87615,109599,2023-11-11,0,0,9999
87616,109600,2026-01-28,0,2,33
87616,109601,2025-12-07,1,0,9999
87616,109602,2025-12-26,0,1,19
87619,109607,2025-02-17,0,0,9999
87624,109612,2024-12-18,0,0,9999
87625,109615,2025-08-18,0,0,9999
87634,109627,2025-03-31,0,0,9999
87635,109628,2025-02-08,0,0,9999
87639,109632,2025-05-08,0,0,9999
87642,109636,2023-01-01,0,0,9999
87646,109643,2023-03-26,0,0,9999
87651,109648,2023-07-04,0,0,9999
87658,109662,2024-09-30,0,0,9999
87665,109671,2025-12-04,0,0,9999
87671,109680,2025-09-15,0,0,9999
87672,109681,2025-11-22,0,0,9999
87689,109698,2024-07-31,0,0,9999
87691,109703,2023-04-19,0,0,9999
87699,109711,2025-07-19,0,0,9999
87701,109715,2025-12-03,0,0,9999
87716,109725,2022-12-03,0,0,9999
87721,109731,2022-12-24,0,0,9999
87744,109761,2025-04-22,0,0,9999
87752,109769,2024-02-29,0,0,9999
87757,109774,2025-12-21,0,0,9999
87759,109778,2023-11-10,0,0,9999
87767,109785,2023-11-24,0,0,9999
87767,109786,2026-01-18,0,1,786
87768,109787,2025-12-02,0,1,376
87768,109788,2024-11-21,0,0,9999
87772,109793,2025-12-03,0,0,9999
87775,109795,2024-01-17,0,0,9999
87783,109804,2025-03-14,0,0,9999
87789,109809,2025-12-02,0,0,9999
87808,109832,2025-10-24,0,0,9999
87809,109833,2023-10-24,0,0,9999
87814,109841,2025-11-25,0,0,9999
87815,109842,2026-01-23,0,0,9999
87826,109855,2024-10-25,0,0,9999
87832,109862,2025-10-05,0,1,497
87832,109863,2024-05-26,0,0,9999
87840,109876,2021-08-12,0,0,9999
87842,109878,2022-11-16,0,0,9999
87859,109899,2023-02-04,0,0,9999
87862,109902,2023-05-07,0,0,9999
87864,109907,2020-07-31,0,0,9999
87867,109916,2025-11-30,0,1,28
87867,109919,2025-11-02,1,0,9999
87891,109945,2021-03-03,0,0,9999
87901,109955,2022-08-29,0,0,9999
87909,109962,2026-01-07,1,0,9999
87909,109963,2026-01-21,0,1,14
87912,109968,2023-12-07,0,0,9999
87929,109994,2023-03-19,0,0,9999
87944,110015,2022-07-23,0,0,9999
87951,110022,2021-01-22,0,0,9999
87962,110037,2025-04-22,0,0,9999
87970,110043,2024-06-24,0,0,9999
87985,110065,2026-01-16,0,0,9999
87997,110078,2021-07-31,0,0,9999
88001,110083,2025-04-25,0,0,9999
88002,110084,2025-02-10,0,0,9999
88013,110096,2024-12-01,0,0,9999
88020,110102,2024-07-19,0,0,9999
88022,110104,2024-10-10,0,0,9999
88032,110116,2026-01-26,0,0,9999
88033,110117,2024-05-12,0,1,350
88033,110118,2023-05-28,0,0,9999
88034,110120,2022-02-15,0,0,9999
88034,110122,2024-03-05,0,1,749
88042,110134,2020-11-25,0,0,9999
88045,110138,2024-02-02,0,0,9999
88070,110170,2024-08-26,0,0,9999
88078,110179,2025-07-10,0,0,9999
88080,110184,2025-09-22,0,0,9999
88092,110198,2025-07-30,0,0,9999
88099,110206,2020-10-29,0,0,9999
88100,110207,2024-06-22,0,1,353
88100,110208,2026-01-08,0,2,565
88100,110209,2023-07-05,0,0,9999
88108,110215,2024-11-04,0,1,226
88108,110216,2024-03-23,0,0,9999
88109,110217,2024-10-24,0,0,9999
88111,110218,2025-05-25,0,0,9999
88112,110219,2025-03-11,0,0,9999
88122,110235,2025-01-18,0,0,9999
88129,110241,2026-01-30,0,0,9999
88151,110272,2025-11-23,0,0,9999
88160,110285,2025-08-07,0,0,9999
88167,110297,2020-11-23,0,0,9999
88171,110304,2024-05-31,0,0,9999
88172,110305,2026-01-11,0,1,320
88172,110306,2025-02-25,0,0,9999
88180,110315,2021-08-07,0,0,9999
88182,110318,2025-04-06,0,0,9999
88185,110324,2025-12-03,0,0,9999
88190,110327,2024-10-13,0,0,9999
88221,110351,2026-01-28,0,0,9999
88227,110358,2025-02-03,0,0,9999
88238,110368,2025-09-08,0,0,9999
88248,110386,2023-10-27,0,0,9999
88255,110393,2023-02-22,0,0,9999
88256,110395,2024-10-02,0,0,9999
88256,110396,2025-12-10,0,1,434
88259,110398,2026-01-27,0,0,9999
88272,110414,2021-04-12,0,0,9999
88279,110420,2025-03-26,0,0,9999
88293,110433,2025-12-03,0,0,9999
88307,110454,2024-11-29,0,0,9999
88312,110462,2025-01-11,0,0,9999
88319,110471,2026-01-26,0,0,9999
88320,110475,2025-12-15,0,0,9999
88334,110485,2023-02-02,0,0,9999
88339,110490,2023-12-20,0,0,9999
88355,110510,2026-01-26,0,0,9999
88356,110512,2020-11-03,0,0,9999
88367,110522,2025-12-09,0,0,9999
88374,110534,2025-04-13,0,0,9999
88377,110537,2024-12-23,0,0,9999
88383,110547,2025-08-13,0,0,9999
88384,110549,2024-03-19,0,0,9999
88387,110552,2024-10-13,0,0,9999
88408,110577,2022-01-29,0,0,9999
88411,110583,2026-01-11,0,0,9999
88419,110590,2025-07-24,0,1,380
88419,110591,2024-07-09,0,0,9999
88420,110593,2022-05-13,0,0,9999
88430,110608,2025-11-16,0,0,9999
88434,110613,2024-07-22,0,1,40
88434,110614,2024-06-12,0,0,9999
88448,110631,2023-11-21,0,0,9999
88451,110634,2026-01-04,0,1,45
88451,110635,2025-11-20,0,0,9999
88464,110654,2025-10-26,0,0,9999
88466,110657,2025-07-06,0,0,9999
88487,110675,2025-01-08,0,0,9999
88489,110677,2022-05-01,0,0,9999
88527,110724,2025-05-14,0,0,9999
88528,110726,2024-08-10,0,0,9999
88537,110735,2025-12-11,0,0,9999
88549,110748,2024-04-27,0,0,9999
88559,110764,2025-12-29,0,0,9999
88567,110777,2022-11-17,0,0,9999
88568,110778,2025-03-20,0,0,9999
88572,110784,2025-07-11,0,0,9999
88584,110793,2023-12-20,0,0,9999
88588,110799,2022-10-24,0,0,9999
88599,110809,2025-12-04,0,0,9999
88601,110812,2023-07-21,0,0,9999
88604,110815,2024-07-01,0,0,9999
88604,110816,2025-06-16,0,1,350
88613,110827,2026-01-14,0,0,9999
88616,110832,2026-01-30,0,0,9999
88623,110838,2024-05-17,0,0,9999
88630,110845,2020-02-09,0,0,9999
88637,110854,2025-12-15,0,0,9999
88642,110863,2025-01-11,0,0,9999
88642,110864,2025-07-28,0,1,198
88648,110869,2022-11-12,0,0,9999
88651,110872,2019-06-08,0,0,9999
88652,110873,2024-03-18,0,0,9999
88664,110890,2025-12-18,1,0,9999
88664,110892,2026-01-15,0,1,28
88669,110899,2023-11-05,0,0,9999
88670,110903,2024-08-21,0,0,9999
88674,110909,2025-04-21,0,0,9999
88697,110933,2025-08-31,0,0,9999
88697,110935,2025-12-16,0,1,107
88707,110945,2025-03-31,0,0,9999
88712,110950,2025-05-01,0,0,9999
88717,110958,2024-05-02,0,0,9999
88728,110969,2026-01-14,0,0,9999
88737,110978,2022-10-25,0,0,9999
88740,110981,2025-11-06,0,0,9999
88741,110982,2024-02-08,0,0,9999
88742,110984,2025-12-21,0,1,25
88742,110986,2025-11-26,1,0,9999
88745,110990,2025-01-11,0,0,9999
88749,110995,2025-11-20,0,0,9999
88750,110996,2022-01-30,0,0,9999
88757,111005,2024-10-27,0,0,9999
88758,111007,2023-11-11,0,0,9999
88768,111017,2025-12-01,0,0,9999
88790,111043,2020-08-19,0,0,9999
88791,111044,2023-02-28,0,0,9999
88794,111049,2020-09-23,0,0,9999
88796,111051,2024-05-12,0,0,9999
88805,111066,2025-10-19,0,0,9999
88808,111069,2020-06-11,0,0,9999
88814,111074,2022-10-19,0,0,9999
88819,111079,2024-07-08,0,0,9999
88826,111088,2025-12-26,0,0,9999
88838,111098,2023-07-13,0,0,9999
88838,111099,2024-03-03,0,1,234
88840,111100,2025-05-04,0,0,9999
88878,111137,2023-06-09,0,0,9999
88879,111140,2024-10-27,0,0,9999
88879,111141,2025-08-16,0,1,293
88901,111169,2023-09-09,0,0,9999
88905,111176,2023-10-10,0,0,9999
88905,111177,2024-02-19,0,1,132
88910,111184,2025-12-01,0,0,9999
88911,111185,2025-09-14,0,0,9999
88934,111214,2024-11-04,0,3,420
88934,111215,2023-09-11,0,2,179
88934,111216,2023-03-16,0,1,662
88934,111217,2021-05-23,0,0,9999
88936,111219,2026-01-20,0,0,9999
88939,111226,2024-08-22,0,0,9999
88941,111228,2023-09-14,0,0,9999
88942,111229,2025-08-01,0,0,9999
88951,111239,2025-03-14,0,0,9999
88959,111244,2024-05-12,0,1,222
88959,111245,2023-10-03,0,0,9999
88960,111246,2023-12-17,0,0,9999
88960,111248,2026-01-12,0,1,757
88964,111251,2024-06-27,0,0,9999
88971,111257,2022-11-28,0,0,9999
88974,111259,2025-10-16,0,1,66
88974,111260,2025-08-11,0,0,9999
88978,111266,2025-12-26,0,0,9999
88979,111267,2026-01-29,0,0,9999
88986,111276,2020-05-12,0,0,9999
88989,111279,2025-04-09,0,0,9999
88993,111285,2023-06-09,0,0,9999
89009,111304,2025-10-17,0,0,9999
89017,111313,2023-07-13,0,0,9999
89026,111323,2023-01-15,1,0,9999
89026,111325,2024-03-19,0,2,426
89026,111326,2023-01-18,0,1,3
89033,111335,2024-02-19,0,1,321
89033,111336,2023-04-04,0,0,9999
89039,111350,2025-10-31,0,0,9999
89040,111351,2023-02-28,0,0,9999
89048,111360,2025-06-30,0,0,9999
89055,111370,2023-10-27,0,0,9999
89057,111372,2025-04-22,0,0,9999
89067,111385,2025-07-16,0,0,9999
89086,111414,2026-01-30,0,0,9999
89092,111420,2024-04-03,0,0,9999
89094,111423,2025-11-24,0,0,9999
89095,111427,2026-01-28,0,0,9999
89096,111430,2021-11-11,0,0,9999
89098,111432,2025-10-01,0,0,9999
89101,111436,2025-08-10,0,0,9999
89105,111441,2024-12-22,0,0,9999
89107,111446,2025-12-18,0,0,9999
89112,111453,2024-08-08,0,0,9999
89114,111455,2023-05-21,0,0,9999
89119,111460,2022-08-16,0,0,9999
89121,111464,2026-01-26,0,0,9999
89122,111465,2025-10-16,0,0,9999
89125,111468,2024-09-11,0,0,9999
89131,111473,2025-05-26,0,0,9999
89133,111477,2023-12-12,0,0,9999
89143,111488,2025-05-06,0,0,9999
89153,111503,2025-03-09,0,0,9999
89155,111507,2024-09-20,0,0,9999
89156,111508,2022-07-28,0,0,9999
89163,111517,2022-02-05,0,0,9999
89165,111519,2025-07-17,0,0,9999
89172,111527,2024-09-20,0,0,9999
89182,111540,2025-03-13,0,0,9999
89185,111543,2023-05-19,0,0,9999
89188,111546,2025-12-25,0,0,9999
89193,111552,2025-12-27,0,0,9999
89206,111567,2025-08-10,0,1,116
89206,111568,2025-04-16,0,0,9999
89207,111569,2025-08-21,0,0,9999
89212,111574,2023-09-19,0,1,120
89212,111575,2023-05-22,0,0,9999
89219,111582,2025-10-19,0,1,38
89219,111583,2025-09-11,0,0,9999
89239,111610,2025-05-20,0,0,9999
89244,111616,2025-01-18,0,1,38
89244,111617,2024-12-11,0,0,9999
89262,111632,2024-06-17,0,0,9999
89266,111635,2023-07-24,0,0,9999
89279,111652,2023-09-25,0,0,9999
89286,111657,2024-07-17,0,0,9999
89293,111666,2024-08-03,0,0,9999
89297,111670,2025-12-08,0,1,4
89297,111671,2025-12-04,1,0,9999
89299,111674,2025-11-14,0,0,9999
89301,111677,2022-08-31,0,0,9999
89307,111685,2026-01-24,0,0,9999
89309,111686,2025-03-18,0,0,9999
89311,111688,2024-12-13,0,0,9999
89324,111702,2025-11-10,0,0,9999
89344,111726,2025-07-31,0,0,9999
89346,111728,2022-07-02,0,0,9999
89349,111731,2024-12-07,0,0,9999
89361,111752,2023-11-24,0,0,9999
89369,111762,2024-08-18,0,0,9999
89370,111763,2025-09-01,0,0,9999
89372,111764,2024-04-22,0,0,9999
89382,111772,2025-12-26,0,0,9999
89396,111787,2023-12-08,0,0,9999
89415,111805,2025-06-13,0,0,9999
89419,111809,2024-11-28,0,0,9999
89423,111813,2024-11-13,0,0,9999
89427,111817,2021-02-22,0,0,9999
89430,111821,2025-09-01,0,0,9999
89433,111824,2025-12-23,0,0,9999
89440,111830,2022-04-15,0,0,9999
89447,111839,2025-07-12,0,0,9999
89449,111843,2025-12-15,0,0,9999
89460,111854,2025-04-15,0,0,9999
89461,111855,2025-12-27,0,0,9999
89463,111857,2025-11-04,0,0,9999
89481,111880,2024-09-03,0,0,9999
89495,111896,2024-10-30,0,0,9999
89499,111901,2025-02-01,0,0,9999
89517,111921,2026-01-04,0,2,30
89517,111923,2025-08-18,0,0,9999
89517,111924,2025-12-05,1,1,109
89529,111937,2025-12-14,0,0,9999
89534,111950,2023-11-27,0,0,9999
89542,111961,2025-04-03,0,0,9999
89544,111966,2021-05-13,0,0,9999
89548,111969,2022-06-10,0,0,9999
89565,111986,2024-10-23,0,0,9999
89565,111989,2025-09-22,0,1,334
89576,112002,2024-10-02,0,0,9999
89577,112004,2023-06-26,0,0,9999
89591,112020,2021-03-03,0,1,104
89591,112021,2020-11-19,0,0,9999
89593,112024,2025-03-14,0,0,9999
89599,112038,2021-12-23,0,0,9999
89610,112053,2026-01-03,0,0,9999
89611,112054,2024-05-19,0,0,9999
89615,112058,2022-10-26,0,0,9999
89618,112063,2025-04-08,0,0,9999
89619,112064,2021-08-13,0,0,9999
89627,112074,2023-08-12,0,0,9999
89630,112077,2021-05-10,0,0,9999
89640,112088,2024-06-02,0,0,9999
89644,112093,2025-10-01,0,0,9999
89647,112101,2025-01-19,0,0,9999
89652,112105,2025-02-24,0,0,9999
89663,112118,2023-08-11,0,0,9999
89667,112121,2023-10-02,0,0,9999
89667,112122,2026-01-22,0,1,843
89668,112123,2022-03-28,0,0,9999
89676,112138,2024-04-10,0,0,9999
89677,112139,2024-08-28,0,0,9999
89679,112141,2025-12-13,0,0,9999
89681,112146,2019-11-15,0,0,9999
89682,112147,2025-04-19,0,0,9999
89685,112149,2025-08-04,0,2,77
89685,112150,2024-07-30,0,0,9999
89685,112151,2025-05-19,0,1,293
89686,112153,2025-08-21,0,0,9999
89687,112156,2025-08-06,0,0,9999
89687,112157,2025-09-09,0,1,34
89695,112165,2022-05-19,0,0,9999
89698,112168,2023-10-04,0,0,9999
89698,112171,2026-01-05,0,1,824
89700,112175,2021-02-02,0,0,9999
89708,112186,2023-03-01,0,0,9999
89711,112188,2025-11-17,0,0,9999
89718,112199,2024-08-12,0,0,9999
89719,112201,2026-01-22,0,0,9999
89726,112208,2023-06-03,0,0,9999
89732,112216,2024-01-03,0,0,9999
89739,112225,2020-01-03,0,0,9999
89742,112228,2023-11-16,0,0,9999
89746,112231,2025-10-27,0,2,25
89746,112232,2024-10-17,0,0,9999
89746,112234,2025-10-02,1,1,350
89749,112237,2026-01-28,0,0,9999
89750,112239,2022-03-14,0,0,9999
89760,112249,2023-02-10,0,0,9999
89783,112286,2024-03-12,0,0,9999
89787,112291,2021-02-07,0,0,9999
89793,112298,2019-12-27,0,0,9999
89819,112329,2025-07-26,0,0,9999
89820,112330,2020-09-11,0,0,9999
89829,112342,2024-11-10,0,0,9999
89838,112354,2025-03-17,0,0,9999
89842,112358,2021-09-08,0,0,9999
89866,112388,2025-02-13,0,1,101
89866,112389,2024-11-04,0,0,9999
89870,112393,2026-01-27,0,0,9999
89877,112401,2025-07-29,0,0,9999
89882,112405,2024-07-29,0,0,9999
89885,112409,2024-12-27,0,0,9999
89890,112414,2025-12-05,0,0,9999
89893,112420,2024-11-12,0,0,9999
89893,112422,2025-02-13,0,1,93
89900,112427,2025-11-09,0,0,9999
89914,112449,2024-12-15,0,0,9999
89934,112479,2025-03-29,0,0,9999
89940,112487,2024-03-28,0,0,9999
89965,112515,2024-02-17,0,0,9999
89970,112521,2026-01-02,0,0,9999
89975,112524,2026-01-12,0,0,9999
89976,112525,2025-08-04,0,0,9999
89986,112538,2025-07-14,0,0,9999
89988,112540,2025-02-26,0,0,9999
89989,112542,2021-03-03,0,0,9999
89994,112549,2023-01-08,0,0,9999
89994,112550,2025-04-03,0,1,816
89995,112551,2024-09-20,0,0,9999
89995,112553,2025-02-18,0,1,151
89998,112556,2025-11-25,0,2,500
89998,112557,2024-07-13,0,1,223
89998,112558,2023-12-03,0,0,9999
90000,112561,2026-01-26,0,0,9999
90003,112563,2025-11-04,0,0,9999
90014,112581,2024-10-14,0,0,9999
90021,112588,2023-02-11,0,0,9999
90037,112605,2023-03-11,0,0,9999
90037,112608,2023-06-25,0,1,106
90043,112612,2023-11-01,0,0,9999
90043,112613,2025-06-02,0,1,579
90049,112623,2024-09-27,0,0,9999
90060,112638,2019-04-30,0,0,9999
90068,112645,2025-01-07,0,0,9999
90075,112650,2025-02-18,0,0,9999
90082,112655,2025-12-16,0,0,9999
90099,112679,2019-11-07,0,0,9999
90100,112680,2024-12-02,0,0,9999
90113,112692,2021-10-20,0,0,9999
90116,112699,2020-12-28,0,0,9999
90125,112704,2023-06-06,0,0,9999
90125,112705,2024-12-13,0,1,556
90127,112710,2025-10-07,0,0,9999
90130,112716,2025-09-13,0,0,9999
90132,112717,2023-11-23,0,0,9999
90136,112721,2024-11-27,0,0,9999
90138,112724,2024-04-15,0,0,9999
90141,112728,2025-10-09,0,0,9999
90148,112733,2026-01-15,0,0,9999
90156,112745,2024-09-01,0,0,9999
90158,112747,2025-05-13,0,0,9999
90158,112748,2025-08-25,0,1,104
90163,112753,2026-01-24,0,0,9999
90164,112755,2021-10-30,0,0,9999
90171,112765,2024-03-05,0,0,9999
90177,112772,2024-11-17,0,0,9999
90187,112784,2021-07-28,0,0,9999
90198,112800,2020-10-15,0,0,9999
90198,112801,2022-03-20,0,1,521
90200,112802,2026-01-30,0,0,9999
90201,112803,2020-07-24,0,0,9999
90201,112804,2024-10-04,0,1,1533
90202,112805,2025-06-24,0,0,9999
90212,112820,2026-01-17,0,0,9999
90219,112829,2025-08-27,0,0,9999
90231,112840,2023-08-27,0,0,9999
90235,112844,2022-11-23,0,0,9999
90235,112845,2025-12-08,0,2,134
90235,112847,2025-07-27,0,1,977
90257,112870,2026-01-31,0,0,9999
90269,112881,2023-09-01,0,0,9999
90269,112883,2023-12-23,0,1,113
90271,112886,2024-05-23,0,0,9999
90276,112892,2025-05-11,0,0,9999
90276,112893,2025-07-08,0,1,58
90279,112897,2024-01-12,0,0,9999
90283,112902,2023-06-30,0,0,9999
90290,112912,2025-04-18,0,0,9999
90305,112927,2024-12-31,0,0,9999
90310,112932,2026-01-10,0,0,9999
90311,112935,2025-06-12,0,0,9999
90325,112947,2023-01-04,0,0,9999
90337,112960,2023-12-06,0,0,9999
90342,112963,2021-10-22,0,0,9999
90348,112967,2025-12-27,0,0,9999
90361,112983,2025-07-11,0,0,9999
90392,113014,2025-05-08,0,0,9999
90394,113017,2020-03-07,0,0,9999
90404,113032,2024-09-18,0,0,9999
90405,113033,2025-02-11,0,0,9999
90427,113071,2022-07-27,0,0,9999
90430,113073,2025-10-06,0,0,9999
90439,113081,2025-09-17,0,0,9999
90453,113098,2024-07-11,0,0,9999
90475,113129,2025-08-31,0,1,72
90475,113130,2025-06-20,0,0,9999
90483,113140,2025-06-26,0,0,9999
90483,113141,2026-01-22,0,1,210
90486,113146,2021-08-26,0,0,9999
90489,113153,2025-12-10,0,0,9999
90490,113156,2026-01-10,0,0,9999
90491,113158,2026-01-17,0,0,9999
90494,113160,2024-08-09,0,0,9999
90495,113161,2023-11-14,0,0,9999
90504,113169,2023-12-01,0,0,9999
90506,113171,2025-03-16,0,0,9999
90516,113186,2020-02-26,0,0,9999
90522,113193,2025-04-05,0,0,9999
90531,113203,2024-10-03,0,0,9999
90539,113210,2025-05-19,0,0,9999
90558,113237,2024-07-03,0,0,9999
90567,113251,2020-09-26,0,0,9999
90576,113267,2024-03-21,0,0,9999
90594,113288,2019-08-06,0,0,9999
90594,113289,2023-12-08,0,1,1585
90603,113300,2022-02-23,0,0,9999
90604,113302,2026-01-07,0,0,9999
90606,113303,2025-09-16,0,0,9999
90607,113305,2026-01-20,0,0,9999
90611,113309,2025-02-09,0,0,9999
90616,113315,2025-11-19,0,0,9999
90619,113319,2025-11-29,0,0,9999
90631,113337,2021-09-03,0,0,9999
90632,113339,2026-01-30,0,0,9999
90637,113342,2025-11-18,1,0,9999
90637,113343,2025-12-01,0,1,13
90642,113348,2026-01-29,0,0,9999
90654,113362,2026-01-03,0,0,9999
90662,113376,2024-05-26,0,0,9999
90665,113381,2023-07-19,0,0,9999
90677,113394,2020-09-09,0,0,9999
90678,113395,2025-07-31,0,0,9999
90680,113398,2025-07-15,0,0,9999
90686,113401,2024-04-24,0,0,9999
90689,113406,2021-02-26,0,0,9999
90697,113418,2025-12-12,0,0,9999
90699,113419,2025-11-04,0,0,9999
90714,113435,2021-10-11,1,0,9999
90714,113436,2021-11-08,0,1,28
90715,113437,2024-07-21,0,0,9999
90717,113441,2023-11-08,0,1,1020
90717,113442,2021-01-22,0,0,9999
90724,113452,2024-09-06,0,0,9999
90725,113453,2025-07-31,0,0,9999
90741,113471,2022-09-18,0,0,9999
90744,113474,2019-11-05,0,0,9999
90755,113487,2025-12-09,0,0,9999
90758,113493,2024-06-15,0,0,9999
90760,113494,2023-09-05,0,0,9999
90761,113495,2024-11-11,0,0,9999
90774,113509,2022-10-03,0,0,9999
90774,113510,2024-05-25,0,1,600
90777,113514,2025-09-05,0,0,9999
90777,113515,2025-10-17,0,1,42
90780,113523,2024-12-01,0,0,9999
90786,113526,2024-09-21,0,0,9999
90792,113534,2021-08-29,0,0,9999
90794,113537,2024-03-16,0,0,9999
90810,113559,2024-05-11,0,0,9999
90814,113562,2022-12-16,0,0,9999
90816,113567,2024-01-15,0,0,9999
90854,113617,2026-01-29,1,0,9999
90854,113618,2026-01-30,0,1,1
90865,113634,2023-06-11,0,0,9999
90878,113655,2024-06-05,0,0,9999
90896,113674,2020-02-15,0,0,9999
90903,113682,2025-01-22,0,0,9999
90923,113702,2025-10-02,0,0,9999
90939,113717,2024-01-16,0,0,9999
90949,113729,2024-10-11,0,0,9999
90954,113735,2022-04-22,0,0,9999
90957,113737,2025-08-30,0,0,9999
90968,113747,2022-10-18,0,0,9999
90970,113755,2025-07-21,1,0,9999
90970,113756,2025-08-19,0,1,29
90971,113758,2021-01-09,0,0,9999
90983,113771,2023-03-27,0,0,9999
90994,113784,2026-01-30,0,0,9999
91001,113791,2021-01-31,0,0,9999
91007,113798,2023-07-29,0,0,9999
91037,113824,2021-12-11,0,0,9999
91042,113829,2021-03-16,0,0,9999
91061,113856,2020-11-01,0,0,9999
91065,113861,2025-09-30,0,0,9999
91068,113865,2022-04-19,0,0,9999
91074,113869,2026-01-30,0,0,9999
91074,113870,2026-01-30,0,0,9999
91079,113879,2021-09-21,0,0,9999
91088,113889,2023-07-11,0,0,9999
91089,113890,2026-01-31,0,0,9999
91092,113893,2025-04-15,0,0,9999
91093,113894,2024-01-25,0,0,9999
91102,113906,2024-07-27,0,0,9999
91106,113911,2023-06-22,0,0,9999
91111,113916,2026-01-13,0,0,9999
91113,113920,2025-08-19,0,0,9999
91115,113924,2020-08-02,0,0,9999
91123,113934,2020-08-11,0,0,9999
91132,113943,2023-11-09,0,0,9999
91137,113950,2025-11-11,0,0,9999
91138,113951,2025-12-01,0,0,9999
91146,113958,2025-07-20,0,0,9999
91156,113968,2022-09-30,0,0,9999
91160,113972,2024-07-22,0,0,9999
91165,113976,2025-01-25,0,0,9999
91166,113978,2022-11-09,0,0,9999
91168,113981,2026-01-31,0,0,9999
91171,113986,2025-01-02,0,1,1584
91171,113987,2020-09-01,0,0,9999
91172,113988,2023-06-04,0,0,9999
91186,114006,2024-11-15,0,0,9999
91207,114024,2024-03-26,0,0,9999
91210,114026,2022-11-18,0,0,9999
91212,114028,2023-11-07,0,0,9999
91213,114029,2023-02-23,0,0,9999
91220,114034,2024-09-09,0,0,9999
91238,114059,2025-06-02,0,0,9999
91239,114061,2021-02-27,0,0,9999
91270,114096,2025-08-14,0,0,9999
91274,114103,2023-03-23,0,0,9999
91274,114104,2024-05-04,0,1,408
91285,114119,2025-12-14,0,0,9999
91286,114121,2025-09-06,0,0,9999
91291,114127,2025-08-06,0,0,9999
91293,114130,2025-10-12,0,0,9999
91302,114143,2026-01-27,0,0,9999
91306,114150,2025-04-14,0,0,9999
91312,114163,2020-11-09,0,0,9999
91334,114186,2023-12-02,0,0,9999
91342,114197,2024-06-21,0,0,9999
91344,114201,2024-03-07,0,0,9999
91350,114212,2024-08-01,0,0,9999
91363,114231,2025-12-17,0,0,9999
91389,114261,2025-11-23,0,0,9999
91391,114263,2025-02-11,0,0,9999
91398,114270,2026-01-27,0,0,9999
91403,114275,2023-02-20,0,0,9999
91406,114282,2024-04-20,0,0,9999
91421,114303,2022-06-21,0,0,9999
91451,114333,2022-12-25,0,0,9999
91465,114363,2022-11-20,0,0,9999
91467,114365,2025-12-14,0,0,9999
91481,114382,2026-01-03,0,1,323
91481,114383,2025-02-14,0,0,9999
91507,114419,2022-11-29,0,0,9999
91509,114422,2025-09-25,0,0,9999
91517,114431,2024-03-11,0,0,9999
91517,114432,2025-12-17,0,1,646
91521,114440,2022-12-28,0,0,9999
91534,114453,2026-01-19,0,0,9999
91539,114459,2023-08-09,0,0,9999
91543,114465,2025-04-20,0,0,9999
91576,114505,2022-11-06,0,0,9999
91579,114507,2024-08-13,0,0,9999
91584,114515,2025-12-26,0,0,9999
91594,114522,2025-06-02,0,0,9999
91595,114523,2024-02-21,0,0,9999
91620,114548,2025-05-07,0,0,9999
91622,114552,2022-01-26,0,0,9999
91622,114553,2024-10-05,0,1,983
91635,114575,2025-05-18,0,0,9999
91638,114579,2025-02-21,0,0,9999
91647,114587,2025-03-08,0,0,9999
91656,114599,2025-08-31,0,0,9999
91661,114605,2025-01-10,0,0,9999
91664,114609,2023-08-12,0,0,9999
91671,114616,2025-03-13,0,0,9999
91693,114636,2026-01-06,0,0,9999
91695,114638,2021-10-06,0,0,9999
91697,114643,2025-09-26,0,0,9999
91718,114664,2021-11-06,0,0,9999
91765,114718,2025-04-15,0,0,9999
91769,114723,2025-01-28,0,0,9999
91772,114726,2025-09-12,0,0,9999
91778,114731,2023-11-28,0,0,9999
91781,114737,2019-08-28,0,0,9999
91781,114738,2025-12-25,0,1,2311
91785,114741,2025-12-04,0,0,9999
91807,114774,2025-05-30,0,0,9999
91809,114776,2021-10-27,0,0,9999
91809,114778,2023-01-22,0,1,452
91814,114788,2021-06-20,0,0,9999
91817,114793,2025-10-30,0,0,9999
91818,114794,2025-05-03,0,0,9999
91825,114803,2025-08-24,0,0,9999
91826,114805,2024-03-02,0,0,9999
91828,114811,2023-01-18,0,0,9999
91829,114812,2020-06-05,0,0,9999
91843,114827,2025-11-27,0,0,9999
91854,114842,2025-06-29,0,0,9999
91856,114845,2025-02-22,0,0,9999
91861,114849,2025-09-05,0,0,9999
91863,114851,2025-05-28,0,0,9999
91866,114855,2023-07-06,0,0,9999
91868,114857,2025-12-17,0,1,48
91868,114858,2025-10-30,0,0,9999
91879,114874,2025-12-29,0,0,9999
91900,114906,2021-04-23,0,0,9999
91900,114907,2022-11-02,0,1,558
91905,114913,2021-02-05,0,0,9999
91911,114919,2024-12-06,0,1,776
91911,114920,2022-10-22,0,0,9999
91921,114935,2022-09-01,0,0,9999
91947,114970,2025-03-15,0,0,9999
91970,114995,2025-08-30,0,0,9999
92003,115034,2025-05-10,0,0,9999
92007,115038,2020-11-21,0,0,9999
92020,115049,2025-06-29,0,0,9999
92045,115075,2024-11-21,0,0,9999
92050,115079,2026-01-27,0,0,9999
92067,115096,2024-08-15,0,0,9999
92095,115126,2023-01-14,0,0,9999
92115,115161,2022-02-03,0,0,9999
92117,115164,2021-03-30,0,0,9999
92119,115166,2022-07-16,0,0,9999
92124,115174,2022-02-05,0,0,9999
92127,115177,2023-03-15,0,0,9999
92141,115192,2024-01-02,0,0,9999
92141,115193,2025-02-11,0,1,406
92149,115200,2025-05-18,0,0,9999
92154,115206,2022-06-14,0,0,9999
92169,115220,2026-01-30,0,0,9999
92172,115222,2024-01-13,0,0,9999
92181,115233,2025-08-18,0,0,9999
92189,115249,2025-06-18,0,0,9999
92202,115265,2025-10-24,0,0,9999
92207,115272,2025-08-16,0,0,9999
92212,115277,2024-07-19,0,0,9999
92213,115279,2021-01-07,0,0,9999
92215,115285,2024-12-27,0,0,9999
92223,115293,2022-10-08,0,0,9999
92228,115298,2024-03-31,0,0,9999
92230,115302,2025-12-17,0,0,9999
92234,115306,2025-09-22,0,0,9999
92235,115308,2022-01-17,0,0,9999
92250,115326,2025-01-16,0,0,9999
92268,115347,2026-01-13,0,0,9999
92276,115356,2025-12-17,0,0,9999
92285,115364,2023-12-08,0,0,9999
92297,115388,2025-04-21,0,0,9999
92305,115397,2024-06-25,0,0,9999
92309,115404,2022-01-03,0,0,9999
92311,115406,2021-10-27,0,0,9999
92318,115413,2022-08-19,0,0,9999
92319,115414,2025-03-29,0,0,9999
92322,115417,2023-12-01,0,0,9999
92325,115423,2024-11-19,0,0,9999
92335,115436,2026-01-16,0,0,9999
92341,115442,2026-01-30,0,0,9999
92342,115445,2023-09-28,0,0,9999
92348,115456,2024-11-25,0,0,9999
92358,115470,2025-11-21,0,0,9999
92368,115483,2026-01-29,0,1,12
92368,115484,2026-01-17,1,0,9999
92370,115487,2024-10-18,0,0,9999
92374,115493,2020-08-25,0,0,9999
92375,115495,2025-06-30,0,0,9999
92375,115497,2025-12-26,0,1,179
92378,115499,2022-04-02,0,0,9999
92379,115501,2022-12-15,0,0,9999
92380,115504,2023-06-24,0,0,9999
92387,115516,2024-12-28,0,0,9999
92387,115517,2025-11-25,0,1,332
92389,115519,2025-06-09,0,0,9999
92391,115522,2023-07-27,0,0,9999
92395,115529,2024-07-18,0,0,9999
92431,115560,2026-01-01,0,0,9999
92433,115563,2024-07-30,0,0,9999
92438,115567,2025-08-27,0,0,9999
92440,115569,2023-11-07,0,0,9999
92459,115587,2025-08-24,0,0,9999
92468,115598,2026-01-30,0,0,9999
92473,115603,2025-11-05,0,0,9999
92475,115606,2024-04-13,0,0,9999
92476,115609,2022-01-31,0,0,9999
92489,115625,2024-11-28,0,0,9999
92493,115630,2025-10-28,0,0,9999
92495,115632,2021-06-10,0,0,9999
92495,115633,2022-09-25,0,1,472
92499,115639,2024-05-19,0,0,9999
92506,115648,2025-05-15,0,0,9999
92507,115650,2024-07-09,0,0,9999
92518,115666,2025-12-23,0,1,303
92518,115667,2025-02-23,0,0,9999
92523,115675,2026-01-10,0,0,9999
92553,115710,2022-07-10,0,0,9999
92555,115713,2026-01-15,0,0,9999
92596,115752,2024-02-26,0,0,9999
92609,115770,2026-01-30,0,0,9999
92609,115771,2026-01-30,0,0,9999
92614,115780,2020-11-11,0,0,9999
92622,115786,2024-06-20,0,0,9999
92625,115790,2024-11-08,0,0,9999
92626,115791,2025-11-02,0,0,9999
92631,115798,2026-01-26,0,0,9999
92637,115804,2025-12-06,0,0,9999
92640,115808,2023-08-21,0,0,9999
92644,115816,2025-08-17,0,0,9999
92674,115852,2025-08-11,0,0,9999
92676,115854,2022-05-17,0,0,9999
92680,115857,2025-07-29,0,0,9999
92686,115865,2024-07-27,0,0,9999
92693,115874,2024-08-13,0,0,9999
92708,115894,2024-10-21,0,0,9999
92709,115896,2026-01-14,0,0,9999
92715,115908,2023-04-22,0,0,9999
92723,115915,2020-10-12,0,0,9999
92733,115927,2026-01-22,0,0,9999
92737,115933,2024-09-27,0,0,9999
92747,115939,2022-05-25,0,0,9999
92761,115958,2026-01-27,0,0,9999
92764,115961,2023-12-21,0,0,9999
92766,115963,2025-07-18,0,0,9999
92767,115964,2024-09-05,0,0,9999
92785,115978,2022-05-09,0,0,9999
92792,115985,2026-01-28,0,0,9999
92794,115990,2023-04-12,0,0,9999
92794,115991,2025-03-11,0,2,89
92794,115992,2024-12-12,0,1,610
92817,116026,2024-12-31,0,0,9999
92833,116047,2023-02-11,0,0,9999
92836,116050,2025-04-22,0,0,9999
92843,116063,2025-05-14,0,0,9999
92850,116070,2025-11-09,0,2,133
92850,116071,2025-06-29,0,1,39
92850,116072,2025-05-21,0,0,9999
92856,116083,2024-03-06,0,0,9999
92860,116089,2023-05-20,0,0,9999
92862,116094,2025-12-05,0,0,9999
92874,116112,2024-10-15,0,0,9999
92905,116139,2025-11-05,0,0,9999
92908,116143,2024-01-07,0,0,9999
92917,116154,2025-05-18,0,0,9999
92922,116160,2025-06-29,0,0,9999
92922,116161,2025-09-13,0,1,76
92970,116208,2023-11-17,0,0,9999
92985,116224,2023-07-04,0,0,9999
92989,116227,2026-01-03,0,0,9999
92997,116232,2026-01-21,0,0,9999
93006,116241,2020-11-07,0,0,9999
93009,116245,2023-05-03,0,0,9999
93010,116248,2024-03-08,0,0,9999
93014,116253,2025-08-05,0,0,9999
93020,116260,2026-01-30,0,0,9999
93024,116264,2024-11-12,0,0,9999
93029,116268,2024-04-20,0,0,9999
93042,116287,2025-07-29,0,0,9999
93052,116301,2024-12-17,0,0,9999
93059,116306,2025-05-22,0,0,9999
93061,116311,2024-08-23,0,0,9999
93064,116319,2022-11-07,0,0,9999
93070,116329,2025-09-16,0,0,9999
93071,116332,2023-11-23,0,0,9999
93074,116336,2024-04-28,0,0,9999
93082,116345,2024-09-24,0,0,9999
93082,116346,2024-12-27,0,1,94
93083,116347,2024-10-16,0,1,176
93083,116348,2024-04-23,0,0,9999
93102,116373,2024-08-12,0,1,875
93102,116374,2022-03-21,0,0,9999
93111,116383,2024-08-18,0,0,9999
93116,116387,2023-02-15,0,0,9999
93127,116398,2025-04-15,0,0,9999
93127,116400,2026-01-06,0,1,266
93138,116412,2024-03-02,0,0,9999
93148,116423,2024-08-22,0,0,9999
93150,116425,2022-07-16,0,0,9999
93150,116426,2025-04-18,0,1,1007
93154,116430,2026-01-30,0,0,9999
93156,116435,2024-01-07,0,1,49
93156,116436,2023-11-19,0,0,9999
93156,116437,2025-03-06,0,2,424
93160,116443,2019-10-15,0,0,9999
93161,116446,2021-07-12,0,0,9999
93172,116461,2024-08-27,0,0,9999
93182,116468,2024-01-27,0,0,9999
93182,116469,2025-03-12,0,1,410
93183,116473,2025-06-19,0,0,9999
93205,116497,2024-08-25,0,0,9999
93215,116506,2024-03-11,0,0,9999
93238,116535,2022-05-31,0,0,9999
93249,116546,2021-10-14,0,0,9999
93251,116548,2025-07-17,0,0,9999
93252,116549,2022-07-26,0,0,9999
93255,116554,2025-09-12,0,1,21
93255,116555,2025-08-22,1,0,9999
93256,116558,2021-09-15,0,0,9999
93257,116559,2025-03-22,0,1,937
93257,116562,2022-08-28,0,0,9999
93261,116566,2025-05-03,0,1,166
93261,116567,2024-11-18,0,0,9999
93265,116575,2024-04-24,0,1,84
93265,116577,2024-01-31,0,0,9999
93270,116583,2026-01-15,0,0,9999
93281,116598,2024-06-01,0,0,9999
93294,116612,2024-12-14,0,1,210
93294,116614,2024-05-18,0,0,9999
93296,116618,2022-11-14,0,0,9999
93299,116622,2026-01-04,0,0,9999
93308,116636,2025-04-13,0,0,9999
93327,116656,2025-09-22,0,0,9999
93334,116660,2025-12-19,0,0,9999
93339,116664,2022-10-06,0,0,9999
93345,116672,2024-01-09,0,0,9999
93346,116673,2020-10-01,0,0,9999
93347,116674,2024-09-28,0,0,9999
93354,116682,2022-09-03,0,0,9999
93360,116694,2025-02-08,0,0,9999
93360,116695,2025-06-19,0,1,131
93361,116696,2020-07-02,0,0,9999
93378,116719,2025-01-06,0,0,9999
93381,116723,2026-01-16,0,1,39
93381,116724,2025-12-08,0,0,9999
93388,116729,2024-10-22,0,0,9999
93389,116731,2019-02-25,0,0,9999
93390,116732,2022-12-01,0,0,9999
93394,116735,2020-10-10,0,0,9999
93400,116747,2025-07-22,0,1,153
93400,116748,2025-02-19,0,0,9999
93401,116752,2023-10-24,0,0,9999
93410,116761,2025-01-02,0,0,9999
93413,116763,2023-11-15,0,2,432
93413,116764,2022-05-25,0,0,9999
93413,116765,2022-09-09,0,1,107
93417,116769,2020-11-09,0,0,9999
93418,116771,2025-09-16,0,0,9999
93421,116776,2025-08-16,0,0,9999
93424,116779,2025-09-06,0,0,9999
93430,116787,2026-01-27,0,0,9999
93466,116821,2021-09-19,0,0,9999
93472,116823,2023-03-24,0,0,9999
93475,116829,2023-03-11,0,0,9999
93483,116837,2021-08-21,0,0,9999
93484,116839,2024-03-06,0,0,9999
93502,116859,2021-08-21,0,0,9999
93502,116860,2022-09-09,0,1,384
93503,116861,2026-01-02,0,0,9999
93505,116862,2023-09-08,0,0,9999
93507,116863,2023-03-27,0,0,9999
93518,116875,2026-01-30,0,0,9999
93518,116876,2026-01-30,0,0,9999
93528,116892,2022-08-28,0,0,9999
93535,116904,2024-11-16,0,0,9999
93556,116936,2023-09-23,0,0,9999
93556,116938,2024-04-24,0,1,214
93571,116958,2024-07-29,0,0,9999
93577,116968,2024-08-03,0,0,9999
93577,116969,2025-07-16,0,1,347
93585,116975,2022-12-14,0,0,9999
93601,116998,2024-01-17,0,0,9999
93616,117010,2025-10-11,0,0,9999
93617,117012,2023-01-20,0,0,9999
93619,117015,2024-12-31,0,0,9999
93623,117019,2025-12-22,1,0,9999
93623,117020,2026-01-25,0,2,14
93623,117021,2026-01-11,1,1,20
93628,117028,2023-02-03,0,1,485
93628,117029,2023-06-12,0,2,129
93628,117030,2021-10-06,0,0,9999
93647,117056,2024-09-26,0,0,9999
93647,117057,2025-03-03,0,1,158
93648,117061,2025-08-31,0,0,9999
93649,117062,2020-10-21,0,0,9999
93652,117067,2025-04-04,0,0,9999
93658,117073,2024-03-10,0,0,9999
93660,117076,2026-01-09,0,0,9999
93665,117086,2021-05-28,0,0,9999
93665,117087,2025-08-28,0,1,1553
93667,117090,2026-01-14,0,0,9999
93670,117093,2023-08-06,0,0,9999
93675,117098,2022-07-30,0,0,9999
93694,117114,2024-05-12,0,0,9999
93694,117115,2024-10-26,0,1,167
93694,117116,2025-07-18,0,2,265
93699,117122,2024-07-29,0,0,9999
93700,117124,2025-09-07,0,0,9999
93708,117136,2026-01-17,0,0,9999
93714,117146,2025-05-13,0,0,9999
93740,117182,2024-09-22,0,1,23
93740,117183,2024-08-30,1,0,9999
93741,117184,2025-10-16,0,0,9999
93744,117188,2025-12-15,0,0,9999
93745,117191,2025-05-22,0,0,9999
93748,117195,2021-07-13,0,0,9999
93758,117206,2025-12-18,0,0,9999
93762,117212,2020-05-18,0,0,9999
93762,117215,2021-06-15,0,1,393
93772,117230,2024-11-23,0,0,9999
93778,117237,2026-01-09,1,0,9999
93778,117239,2026-01-13,0,1,4
93803,117262,2024-10-17,0,0,9999
93805,117265,2024-10-22,0,0,9999
93813,117274,2023-03-29,0,0,9999
93815,117275,2024-01-27,0,0,9999
93815,117276,2024-09-18,0,1,235
93817,117278,2021-05-29,0,0,9999
93819,117279,2022-11-08,0,0,9999
93824,117285,2024-10-25,0,0,9999
93830,117292,2022-05-05,0,0,9999
93835,117300,2025-08-05,0,0,9999
93838,117304,2025-10-30,0,0,9999
93839,117308,2026-01-30,0,0,9999
93850,117319,2023-01-15,0,0,9999
93855,117325,2025-07-08,0,0,9999
93887,117371,2025-10-12,0,0,9999
93889,117373,2025-03-28,0,0,9999
93892,117375,2022-06-23,0,0,9999
93896,117378,2022-04-26,0,0,9999
93900,117382,2024-06-09,0,0,9999
93914,117395,2025-01-14,0,0,9999
93921,117403,2025-08-06,0,0,9999
93923,117405,2025-10-08,0,0,9999
93930,117413,2024-03-24,0,0,9999
93933,117418,2024-08-08,0,0,9999
93937,117424,2023-06-24,0,1,311
93937,117425,2022-08-17,0,0,9999
93943,117431,2023-08-17,0,0,9999
93946,117435,2025-03-22,0,0,9999
93948,117440,2025-10-19,0,0,9999
93952,117446,2026-01-15,0,1,382
93952,117447,2024-12-29,0,0,9999
93966,117467,2023-06-25,0,0,9999
93976,117478,2022-04-20,0,0,9999
93988,117492,2025-09-15,0,0,9999
93992,117502,2022-01-17,0,0,9999
93998,117509,2024-05-09,0,0,9999
94019,117531,2020-11-02,0,0,9999
94019,117532,2025-03-01,0,1,1580
94026,117537,2025-12-06,0,0,9999
94037,117552,2026-01-25,0,0,9999
94051,117577,2025-12-30,0,0,9999
94052,117578,2019-07-22,0,0,9999
94053,117581,2025-11-09,0,0,9999
94065,117597,2021-01-12,0,0,9999
94066,117598,2023-08-05,0,0,9999
94083,117617,2024-04-04,0,0,9999
94089,117625,2024-01-14,0,0,9999
94105,117644,2023-11-07,0,0,9999
94116,117660,2025-12-05,0,0,9999
94120,117665,2024-04-24,0,0,9999
94132,117681,2026-01-28,0,1,434
94132,117682,2024-11-20,0,0,9999
94137,117684,2025-02-01,0,0,9999
94138,117685,2023-04-13,0,0,9999
94140,117686,2024-12-19,0,0,9999
94143,117689,2025-07-01,0,0,9999
94144,117690,2025-11-30,0,0,9999
94146,117693,2025-06-29,0,0,9999
94147,117694,2025-08-14,0,0,9999
94155,117704,2024-04-19,0,0,9999
94159,117710,2025-01-30,0,0,9999
94164,117714,2025-12-25,0,0,9999
94166,117715,2023-07-07,0,1,211
94166,117717,2022-12-08,0,0,9999
94174,117726,2025-03-27,0,0,9999
94191,117745,2022-08-29,0,0,9999
94198,117754,2026-01-03,0,0,9999
94205,117761,2024-10-30,0,0,9999
94209,117767,2023-11-15,0,0,9999
94213,117773,2023-07-08,0,0,9999
94214,117775,2022-06-19,0,0,9999
94217,117780,2025-08-18,0,0,9999
94225,117787,2025-02-25,0,0,9999
94227,117789,2023-08-15,0,0,9999
94245,117808,2026-01-26,0,0,9999
94249,117811,2024-10-07,0,2,27
94249,117812,2024-09-10,1,1,781
94249,117814,2022-07-22,0,0,9999
94256,117824,2026-01-22,0,0,9999
94269,117840,2024-02-05,0,0,9999
94271,117843,2025-09-08,0,0,9999
94272,117844,2022-09-02,0,0,9999
94272,117845,2024-04-24,0,1,600
94275,117850,2023-10-27,0,0,9999
94282,117857,2022-11-04,0,0,9999
94283,117859,2025-08-10,0,0,9999
94298,117873,2026-01-29,0,0,9999
94309,117886,2023-01-17,0,0,9999
94312,117888,2025-11-25,0,1,60
94312,117889,2025-09-26,0,0,9999
94317,117893,2025-09-17,0,0,9999
94324,117901,2023-01-24,0,0,9999
94331,117906,2024-05-21,0,0,9999
94332,117909,2024-01-30,0,1,1380
94332,117910,2020-04-20,0,0,9999
94335,117915,2025-11-25,0,0,9999
94345,117927,2025-11-27,0,0,9999
94351,117935,2026-01-30,0,0,9999
94362,117951,2025-12-24,0,0,9999
94364,117953,2025-07-05,0,0,9999
94389,117985,2024-07-01,0,0,9999
94393,117987,2023-06-13,0,0,9999
94399,117993,2024-07-20,0,0,9999
94410,118003,2025-05-16,0,1,51
94410,118004,2025-03-26,0,0,9999
94417,118015,2025-03-08,0,0,9999
94417,118016,2025-06-05,0,1,89
94420,118020,2024-03-16,0,0,9999
94433,118031,2023-01-07,0,0,9999
94451,118051,2024-10-09,0,0,9999
94453,118053,2025-08-04,0,0,9999
94461,118061,2024-02-15,0,0,9999
94473,118076,2025-10-28,0,1,2
94473,118077,2025-10-26,1,0,9999
94475,118078,2025-03-11,0,0,9999
94493,118102,2024-05-10,0,0,9999
94509,118122,2024-06-17,0,0,9999
94517,118131,2020-11-08,0,0,9999
94521,118138,2022-05-09,0,0,9999
94532,118149,2023-11-25,0,0,9999
94543,118162,2026-01-18,0,0,9999
94545,118166,2025-07-13,0,0,9999
94550,118176,2023-10-19,0,0,9999
94552,118178,2023-01-12,0,0,9999
94569,118189,2025-12-19,0,0,9999
94572,118198,2025-11-24,0,1,18
94572,118200,2025-11-06,1,0,9999
94587,118220,2023-05-12,0,0,9999
94593,118224,2025-03-02,0,0,9999
94600,118233,2025-04-24,0,0,9999
94626,118270,2023-12-22,0,1,686
94626,118273,2022-02-04,0,0,9999
94632,118281,2025-06-04,0,0,9999
94640,118291,2026-01-30,0,0,9999
94642,118295,2026-01-14,0,0,9999
94648,118300,2026-01-25,0,0,9999
94654,118305,2025-09-25,0,0,9999
94657,118311,2025-01-08,0,0,9999
94691,118343,2025-06-16,0,0,9999
94704,118362,2025-07-18,0,0,9999
94706,118366,2025-04-17,0,0,9999
94711,118371,2023-04-08,0,0,9999
94712,118373,2025-06-19,0,0,9999
94713,118376,2022-05-31,0,0,9999
94716,118381,2022-09-13,0,0,9999
94722,118387,2025-09-19,0,1,317
94722,118388,2024-11-06,0,0,9999
94723,118389,2022-08-15,0,0,9999
94737,118401,2025-06-30,0,0,9999
94738,118402,2026-01-26,0,0,9999
94750,118417,2024-06-06,0,0,9999
94753,118420,2022-04-29,0,0,9999
94753,118422,2022-11-16,0,1,201
94761,118430,2020-05-05,0,0,9999
94765,118437,2021-03-10,0,0,9999
94767,118440,2024-04-01,0,0,9999
94769,118442,2025-09-13,0,0,9999
94773,118446,2020-07-26,0,0,9999
94789,118464,2021-08-09,0,0,9999
94791,118467,2025-09-09,0,0,9999
94793,118470,2023-03-30,0,0,9999
94795,118473,2023-03-26,0,0,9999
94806,118487,2024-06-21,0,0,9999
94806,118488,2025-09-26,0,1,462
94810,118495,2022-04-01,0,0,9999
94813,118500,2025-12-08,0,0,9999
94828,118515,2024-09-04,0,0,9999
94846,118542,2026-01-07,1,0,9999
94846,118543,2026-01-14,1,1,7
94846,118544,2026-01-25,0,2,11
94855,118554,2025-12-27,0,0,9999
94859,118561,2023-04-22,0,0,9999
94863,118565,2025-03-27,0,0,9999
94870,118574,2024-11-19,0,0,9999
94871,118575,2022-06-20,0,0,9999
94872,118577,2023-12-16,0,0,9999
94873,118578,2024-05-25,0,0,9999
94882,118588,2025-06-10,0,0,9999
94884,118592,2021-04-22,0,0,9999
94892,118605,2022-07-30,0,0,9999
94896,118608,2024-01-04,0,0,9999
94898,118610,2021-06-23,0,0,9999
94906,118617,2024-06-07,0,0,9999
94909,118625,2025-06-11,0,0,9999
94913,118629,2023-09-11,0,0,9999
94913,118630,2024-04-23,0,1,225
94920,118636,2024-12-03,0,0,9999
94921,118638,2024-08-16,0,0,9999
94931,118647,2025-03-02,0,0,9999
94936,118653,2024-09-01,0,0,9999
94950,118671,2022-08-28,0,0,9999
94951,118672,2023-03-25,0,0,9999
94954,118677,2024-06-12,0,0,9999
94977,118705,2025-10-17,0,0,9999
94983,118710,2025-06-09,0,0,9999
94984,118712,2023-03-28,0,0,9999
94986,118714,2022-09-18,0,0,9999
94996,118728,2021-05-24,0,0,9999
95006,118740,2024-11-03,0,1,89
95006,118742,2024-08-06,0,0,9999
95008,118744,2021-04-02,0,0,9999
95016,118752,2026-01-29,0,0,9999
95018,118755,2020-12-04,0,0,9999
95034,118788,2021-09-15,0,0,9999
95040,118798,2022-04-26,0,0,9999
95042,118799,2025-02-26,0,0,9999
95045,118803,2025-05-18,0,0,9999
95057,118817,2025-01-10,0,0,9999
95060,118823,2025-10-01,0,1,227
95060,118824,2025-02-16,0,0,9999
95078,118839,2025-09-27,0,0,9999
95083,118849,2024-03-08,0,0,9999
95088,118852,2025-01-26,0,0,9999
95089,118853,2023-11-30,0,0,9999
95090,118854,2025-06-02,0,0,9999
95122,118885,2022-08-03,0,0,9999
95137,118903,2024-06-10,0,0,9999
95139,118908,2020-02-06,0,0,9999
95139,118909,2024-12-30,0,2,1529
95139,118910,2020-10-23,0,1,260
95150,118929,2025-03-06,0,0,9999
95151,118931,2025-02-02,0,1,24
95151,118934,2025-01-09,1,0,9999
95163,118948,2024-06-07,0,0,9999
95165,118950,2025-06-27,0,1,72
95165,118951,2025-04-16,0,0,9999
95167,118958,2022-03-16,0,0,9999
95177,118966,2022-01-23,0,0,9999
95183,118975,2025-04-17,0,0,9999
95188,118983,2025-12-14,0,0,9999
95189,118985,2026-01-03,0,0,9999
95200,119000,2023-08-09,0,0,9999
95212,119017,2024-12-02,0,0,9999
95221,119023,2022-12-30,0,0,9999
95227,119030,2024-11-18,0,0,9999
95235,119036,2025-11-29,0,0,9999
95237,119039,2022-05-31,0,0,9999
95243,119045,2025-11-24,0,0,9999
95247,119052,2024-12-08,0,0,9999
95251,119055,2025-12-31,0,0,9999
95268,119072,2024-08-27,0,0,9999
95275,119084,2023-01-29,0,0,9999
95287,119096,2025-09-23,0,0,9999
95292,119100,2025-11-15,0,0,9999
95297,119108,2026-01-30,0,0,9999
95297,119110,2026-01-30,0,0,9999
95299,119112,2024-10-30,0,0,9999
95306,119119,2026-01-28,0,0,9999
95320,119137,2025-07-16,0,0,9999
95321,119140,2026-01-18,0,1,67
95321,119142,2025-11-12,0,0,9999
95324,119144,2025-10-31,0,0,9999
95326,119149,2025-11-06,0,0,9999
95328,119152,2023-10-03,0,0,9999
95329,119154,2025-10-09,0,0,9999
95340,119171,2025-12-13,0,0,9999
95349,119180,2022-09-06,0,0,9999
95349,119182,2025-06-27,0,1,1025
95352,119188,2025-09-30,0,0,9999
95357,119196,2024-11-25,0,0,9999
95366,119200,2024-09-25,0,1,44
95366,119201,2024-08-12,0,0,9999
95376,119211,2026-01-14,0,0,9999
95381,119216,2025-07-25,0,0,9999
95388,119220,2025-12-14,0,0,9999
95391,119228,2023-01-07,0,0,9999
95393,119231,2025-04-17,0,0,9999
95401,119240,2021-08-16,0,0,9999
95401,119241,2022-07-06,0,1,324
95404,119245,2025-04-17,0,0,9999
95404,119246,2025-11-12,0,1,209
95435,119283,2025-10-17,0,0,9999
95438,119286,2026-01-12,0,0,9999
95441,119287,2025-11-07,0,0,9999
95462,119312,2025-11-28,0,0,9999
95465,119316,2021-06-29,0,0,9999
95468,119322,2023-12-02,0,0,9999
95469,119324,2026-01-13,0,0,9999
95476,119334,2025-03-15,0,0,9999
95477,119335,2023-09-21,0,0,9999
95480,119341,2020-10-11,0,0,9999
95497,119361,2025-12-18,0,0,9999
95499,119362,2022-09-05,0,0,9999
95499,119365,2024-09-20,0,1,746
95501,119366,2026-01-30,0,0,9999
95513,119375,2024-11-20,0,0,9999
95521,119381,2019-11-06,0,0,9999
95529,119390,2020-10-27,0,0,9999
95531,119391,2022-11-19,0,0,9999
95532,119395,2022-03-21,0,0,9999
95537,119400,2025-07-06,0,0,9999
95538,119403,2025-03-27,0,0,9999
95542,119408,2025-02-12,1,0,9999
95542,119409,2025-02-17,0,1,5
95555,119425,2022-12-16,0,0,9999
95566,119444,2025-11-09,0,0,9999
95571,119452,2025-05-13,0,0,9999
95572,119454,2025-08-29,0,0,9999
95577,119461,2025-02-20,0,0,9999
95579,119463,2025-09-14,0,0,9999
95589,119473,2025-02-23,0,0,9999
95590,119475,2025-11-27,0,0,9999
95597,119485,2025-10-23,0,0,9999
95604,119490,2025-12-22,0,0,9999
95624,119512,2026-01-18,0,0,9999
95626,119514,2023-02-05,0,0,9999
95629,119518,2024-07-09,0,0,9999
95629,119519,2025-06-29,0,1,355
95631,119523,2025-12-01,0,0,9999
95639,119533,2025-12-24,0,0,9999
95650,119544,2025-08-08,0,0,9999
95653,119547,2026-01-17,0,0,9999
95654,119548,2025-05-24,0,0,9999
95657,119552,2025-03-19,0,0,9999
95671,119568,2026-01-28,1,0,9999
95671,119569,2026-01-30,0,1,2
95682,119583,2021-01-14,0,0,9999
95685,119587,2023-07-09,0,0,9999
95687,119589,2025-01-22,0,0,9999
95690,119595,2025-04-09,0,0,9999
95697,119603,2024-12-29,0,0,9999
95697,119604,2025-12-04,0,1,340
95708,119613,2024-05-11,0,0,9999
95710,119616,2021-01-26,0,0,9999
95713,119620,2026-01-29,0,1,53
95713,119621,2025-12-07,0,0,9999
95736,119644,2023-11-04,0,0,9999
95738,119646,2023-11-28,0,0,9999
95743,119656,2025-10-12,0,1,209
95743,119658,2025-03-17,0,0,9999
95743,119659,2026-01-11,0,2,91
95754,119678,2024-05-22,0,0,9999
95755,119680,2024-10-21,0,0,9999
95760,119685,2024-08-14,0,0,9999
95771,119697,2022-09-16,0,0,9999
95771,119698,2022-11-22,0,1,67
95779,119713,2025-02-24,0,0,9999
95783,119717,2026-01-02,0,0,9999
95794,119727,2023-04-03,0,0,9999
95795,119728,2023-06-02,0,0,9999
95805,119738,2025-03-23,0,0,9999
95817,119750,2025-07-07,0,1,448
95817,119752,2024-04-15,0,0,9999
95831,119764,2024-07-09,0,0,9999
95831,119765,2025-08-01,0,1,388
95831,119767,2025-10-12,0,2,72
95834,119769,2020-06-30,0,0,9999
95849,119782,2025-06-14,0,0,9999
95858,119790,2025-01-02,0,1,113
95858,119791,2024-09-11,0,0,9999
95869,119799,2024-01-01,0,0,9999
95880,119812,2023-10-11,0,0,9999
95894,119830,2026-01-02,0,0,9999
95907,119846,2025-08-13,0,0,9999
95914,119854,2025-09-05,0,0,9999
95920,119861,2025-04-01,0,1,561
95920,119862,2023-09-18,0,0,9999
95921,119863,2025-08-23,0,0,9999
95922,119864,2021-10-16,0,0,9999
95923,119865,2023-06-16,0,0,9999
95930,119876,2025-06-11,0,0,9999
95931,119878,2025-11-18,0,0,9999
95932,119879,2024-11-15,0,0,9999
95947,119899,2021-07-01,0,0,9999
95950,119903,2025-05-26,0,0,9999
95964,119920,2025-05-29,0,0,9999
95965,119922,2025-07-04,0,0,9999
95965,119923,2025-08-08,0,1,35
95976,119940,2025-12-23,0,0,9999
95998,119965,2021-10-17,0,0,9999
95999,119967,2023-01-01,0,0,9999
96024,119996,2022-03-07,0,0,9999
96032,120004,2023-04-13,0,0,9999
96033,120005,2022-11-02,0,0,9999
96041,120013,2024-05-18,0,0,9999
96045,120016,2022-12-12,0,0,9999
96063,120044,2024-08-23,0,0,9999
96066,120046,2024-07-05,0,0,9999
96078,120060,2025-06-16,0,0,9999
96080,120062,2025-10-24,0,0,9999
96086,120066,2021-12-22,0,0,9999
96099,120086,2025-11-08,0,1,42
96099,120087,2025-09-27,0,0,9999
96110,120100,2025-07-26,0,0,9999
96114,120111,2022-07-18,0,0,9999
96115,120112,2025-08-17,0,0,9999
96117,120115,2020-09-19,0,0,9999
96123,120123,2023-08-28,0,0,9999
96126,120128,2026-01-27,0,0,9999
96147,120160,2022-06-05,0,0,9999
96149,120162,2025-02-24,0,0,9999
96155,120171,2021-10-22,0,0,9999
96158,120175,2021-01-19,0,0,9999
96160,120178,2025-09-27,0,0,9999
96171,120194,2022-11-26,0,0,9999
96175,120198,2020-06-20,0,0,9999
96177,120200,2023-05-19,0,0,9999
96180,120207,2025-05-29,0,0,9999
96185,120214,2025-03-18,0,0,9999
96196,120223,2025-03-30,0,0,9999
96196,120224,2026-01-26,0,1,302
96197,120225,2025-12-23,0,0,9999
96198,120226,2023-12-04,0,1,1203
96198,120227,2020-08-18,0,0,9999
96209,120238,2026-01-18,0,0,9999
96210,120240,2023-02-27,0,0,9999
96213,120242,2024-08-22,0,0,9999
96225,120251,2024-10-22,0,0,9999
96230,120256,2022-11-20,0,0,9999
96233,120260,2024-12-15,0,0,9999
96235,120262,2023-01-27,0,0,9999
96235,120264,2023-11-21,0,1,298
96248,120281,2024-12-21,0,0,9999
96255,120292,2025-07-15,0,0,9999
96262,120298,2023-06-03,0,0,9999
96277,120317,2025-04-16,0,0,9999
96279,120318,2026-01-09,0,0,9999
96284,120321,2023-09-10,0,0,9999
96287,120329,2022-07-25,0,0,9999
96331,120378,2024-07-19,0,0,9999
96335,120382,2026-01-16,0,0,9999
96348,120400,2024-12-31,0,0,9999
96354,120408,2025-07-14,0,0,9999
96376,120435,2025-05-10,0,0,9999
96383,120448,2025-11-24,0,0,9999
96390,120463,2022-07-16,0,0,9999
96396,120468,2025-08-21,0,1,476
96396,120469,2024-05-02,0,0,9999
96398,120473,2023-09-24,0,0,9999
96400,120476,2023-01-22,0,0,9999
96403,120477,2022-12-26,0,0,9999
96410,120486,2025-12-25,0,0,9999
96422,120501,2025-09-24,0,0,9999
96432,120511,2025-07-19,0,0,9999
96450,120532,2025-05-23,0,0,9999
96458,120541,2024-02-27,0,0,9999
96459,120545,2023-02-01,0,0,9999
96459,120546,2025-04-15,0,1,804
96470,120559,2025-02-23,0,0,9999
96473,120563,2022-09-15,0,0,9999
96474,120565,2020-07-17,0,0,9999
96475,120566,2025-10-01,0,0,9999
96476,120567,2022-06-25,0,0,9999
96484,120580,2020-04-07,0,0,9999
96503,120593,2021-09-13,0,1,242
96503,120594,2021-01-14,0,0,9999
96513,120605,2022-04-15,0,0,9999
96513,120606,2024-04-07,0,1,723
96523,120620,2025-09-13,0,0,9999
96535,120640,2024-04-28,0,0,9999
96540,120646,2024-11-23,0,0,9999
96560,120677,2026-01-21,0,0,9999
96561,120678,2026-01-15,0,0,9999
96569,120683,2025-08-14,0,0,9999
96570,120684,2025-11-11,0,0,9999
96572,120687,2024-09-13,0,0,9999
96574,120688,2019-11-29,0,0,9999
96574,120689,2021-10-12,0,1,683
96583,120702,2020-03-04,0,0,9999
96586,120708,2024-12-09,0,0,9999
96596,120720,2025-06-15,0,0,9999
96607,120730,2026-01-07,0,0,9999
96616,120743,2026-01-09,0,0,9999
96645,120778,2025-08-26,0,0,9999
96646,120779,2025-03-04,0,0,9999
96647,120780,2024-06-24,0,0,9999
96649,120782,2020-03-21,0,0,9999
96665,120803,2025-10-31,0,0,9999
96672,120810,2024-07-26,0,0,9999
96673,120812,2026-01-26,0,0,9999
96676,120817,2022-04-05,0,0,9999
96714,120865,2024-12-28,0,0,9999
96724,120875,2025-01-11,0,0,9999
96726,120877,2024-04-20,0,0,9999
96735,120889,2025-07-02,0,0,9999
96736,120892,2021-12-20,0,0,9999
96752,120916,2022-09-06,0,0,9999
96768,120933,2025-06-08,0,0,9999
96780,120948,2024-06-12,0,0,9999
96786,120957,2023-07-12,0,0,9999
96805,120986,2023-05-03,0,0,9999
96811,120993,2024-03-05,0,0,9999
96811,120994,2024-07-10,0,1,127
96818,120999,2025-05-29,0,0,9999
96835,121020,2025-10-17,0,0,9999
96839,121023,2023-01-14,0,0,9999
96840,121025,2022-05-07,0,0,9999
96868,121059,2025-04-07,0,0,9999
96884,121080,2025-12-26,0,1,1803
96884,121081,2021-01-18,0,0,9999
96885,121082,2025-05-26,0,0,9999
96890,121088,2023-10-22,0,0,9999
96901,121107,2026-01-21,0,0,9999
96908,121116,2025-08-21,0,0,9999
96932,121142,2024-12-15,0,0,9999
96942,121154,2026-01-30,0,0,9999
96946,121160,2026-01-30,0,0,9999
96950,121165,2024-09-22,0,0,9999
96951,121167,2025-06-12,0,0,9999
96954,121171,2024-11-24,0,0,9999
96959,121177,2023-01-05,0,1,302
96959,121178,2022-03-09,0,0,9999
96961,121183,2025-03-02,0,0,9999
96965,121192,2021-08-12,0,0,9999
96968,121195,2025-06-25,0,1,227
96968,121196,2024-11-10,0,0,9999
96974,121204,2023-03-19,0,0,9999
96986,121220,2025-08-23,0,0,9999
96991,121224,2025-05-07,0,0,9999
96994,121227,2026-01-26,1,0,9999
96994,121230,2026-01-30,0,1,4
97003,121242,2025-09-17,0,0,9999
97006,121247,2022-04-30,0,0,9999
97012,121255,2025-01-24,0,0,9999
97017,121261,2025-06-13,0,0,9999
97022,121265,2025-08-16,0,0,9999
97054,121315,2024-01-07,0,0,9999
97068,121330,2023-06-05,0,0,9999
97082,121348,2023-07-14,0,0,9999
97085,121352,2022-08-13,0,0,9999
97086,121353,2025-05-20,0,0,9999
97096,121365,2024-10-24,0,0,9999
97108,121381,2022-08-26,0,0,9999
97108,121382,2024-10-18,0,1,784
97122,121398,2025-05-28,0,0,9999
97132,121405,2023-10-23,0,0,9999
97136,121409,2023-03-20,0,0,9999
97149,121423,2022-06-06,0,0,9999
97152,121427,2023-08-10,0,0,9999
97157,121434,2023-12-25,0,0,9999
97161,121437,2022-03-24,0,0,9999
97163,121439,2022-12-17,0,0,9999
97167,121444,2021-03-23,0,0,9999
97175,121452,2026-01-11,0,1,65
97175,121453,2025-11-07,0,0,9999
97194,121468,2025-03-10,0,1,1528
97194,121469,2021-01-02,0,0,9999
97195,121471,2024-03-08,0,0,9999
97198,121473,2024-10-08,0,0,9999
97210,121492,2024-04-16,0,0,9999
97242,121525,2025-07-14,0,0,9999
97248,121529,2022-04-03,0,0,9999
97249,121532,2023-12-08,0,0,9999
97253,121540,2025-04-26,0,0,9999
97279,121578,2025-09-03,0,0,9999
97280,121579,2020-10-23,0,0,9999
97281,121580,2025-05-20,0,0,9999
97281,121582,2025-06-28,0,1,39
97291,121595,2024-05-01,0,0,9999
97297,121601,2025-09-02,0,0,9999
97298,121603,2025-08-02,0,1,61
97298,121605,2025-06-02,0,0,9999
97299,121607,2024-04-24,0,0,9999
97317,121637,2023-12-22,0,0,9999
97328,121648,2020-06-08,0,0,9999
97330,121650,2021-10-10,0,0,9999
97330,121652,2023-01-11,0,1,458
97343,121666,2025-03-22,0,0,9999
97350,121671,2023-11-26,0,0,9999
97364,121685,2020-01-09,0,0,9999
97367,121688,2025-08-16,0,0,9999
97376,121697,2023-10-26,0,0,9999
97381,121706,2024-12-10,0,0,9999
97383,121710,2025-06-10,0,0,9999
97384,121712,2025-02-07,0,0,9999
97392,121724,2023-07-23,0,0,9999
97392,121726,2023-12-23,0,1,153
97396,121729,2024-05-18,0,0,9999
97435,121769,2022-02-11,0,0,9999
97450,121784,2024-08-06,0,0,9999
97454,121789,2022-07-18,0,0,9999
97457,121793,2020-06-16,0,0,9999
97459,121796,2025-05-21,0,0,9999
97464,121805,2025-02-04,0,0,9999
97469,121810,2023-01-10,0,0,9999
97469,121813,2025-10-29,0,1,1023
97471,121815,2024-09-24,0,0,9999
97477,121818,2026-01-17,0,0,9999
97478,121819,2023-07-31,0,0,9999
97497,121841,2024-03-22,0,0,9999
97505,121852,2022-04-28,0,0,9999
97510,121855,2022-06-30,0,0,9999
97516,121863,2023-03-11,0,0,9999
97519,121866,2024-09-23,0,0,9999
97524,121870,2025-01-16,0,0,9999
97530,121876,2021-04-05,0,0,9999
97533,121881,2026-01-04,0,1,63
97533,121882,2025-11-02,0,0,9999
97540,121889,2021-04-27,0,0,9999
97545,121892,2025-02-04,0,0,9999
97548,121897,2023-04-23,0,0,9999
97548,121899,2025-02-11,0,1,660
97551,121902,2022-12-09,0,0,9999
97553,121904,2025-11-30,0,0,9999
97574,121928,2024-01-17,0,1,815
97574,121929,2021-10-24,0,0,9999
97580,121940,2026-01-10,0,0,9999
97586,121946,2024-08-02,0,0,9999
97597,121963,2020-11-21,0,0,9999
97597,121964,2023-11-02,0,1,1076
97604,121971,2025-04-01,0,0,9999
97609,121975,2023-02-24,0,0,9999
97625,121997,2024-10-03,0,0,9999
97635,122007,2020-05-02,0,0,9999
97635,122008,2021-05-20,0,1,383
97640,122017,2025-04-12,0,0,9999
97675,122060,2025-09-07,0,0,9999
97678,122063,2023-02-27,0,0,9999
97680,122066,2024-05-07,0,0,9999
97685,122072,2019-08-31,0,0,9999
97702,122091,2025-06-23,0,1,600
97702,122092,2023-11-01,0,0,9999
97705,122094,2023-03-30,0,0,9999
97707,122096,2021-07-22,0,0,9999
97719,122112,2022-07-26,0,0,9999
97719,122114,2024-09-19,0,1,786
97722,122117,2022-07-11,0,0,9999
97729,122124,2026-01-26,0,0,9999
97761,122168,2022-02-14,0,0,9999
97773,122189,2024-01-10,0,0,9999
97790,122213,2025-07-07,0,0,9999
97796,122218,2025-07-06,0,0,9999
97797,122221,2022-12-19,0,0,9999
97799,122225,2022-04-08,0,0,9999
97809,122237,2023-11-12,0,0,9999
97813,122243,2025-06-22,0,0,9999
97813,122244,2025-11-02,0,1,133
97815,122247,2021-02-15,0,0,9999
97818,122253,2024-07-09,0,0,9999
97820,122255,2024-08-05,0,0,9999
97824,122258,2024-10-16,0,0,9999
97841,122280,2025-10-11,0,0,9999
97853,122295,2021-02-07,0,0,9999
97869,122315,2026-01-31,0,0,9999
97870,122316,2024-03-24,0,0,9999
97872,122319,2025-05-20,0,0,9999
97872,122320,2025-07-18,0,1,59
97882,122330,2025-05-14,0,0,9999
97886,122332,2025-10-11,0,0,9999
97889,122335,2020-02-22,0,0,9999
97890,122336,2026-01-29,0,0,9999
97897,122345,2025-08-27,0,0,9999
97899,122346,2024-08-05,0,0,9999
97915,122366,2025-06-05,0,0,9999
97924,122372,2023-01-08,0,0,9999
97930,122376,2025-08-13,0,0,9999
97932,122378,2025-10-07,0,0,9999
97932,122380,2025-12-30,0,1,84
97938,122389,2024-07-07,0,0,9999
97948,122402,2024-11-06,0,0,9999
97950,122408,2024-11-29,0,0,9999
97974,122442,2022-05-28,0,0,9999
97982,122455,2022-09-24,0,0,9999
97984,122456,2023-12-17,0,0,9999
97991,122461,2021-07-23,0,0,9999
97994,122466,2023-03-09,0,0,9999
98003,122477,2025-05-19,0,0,9999
98004,122479,2022-09-18,0,0,9999
98010,122484,2021-12-01,0,0,9999
98054,122536,2021-09-06,0,0,9999
98057,122540,2023-01-15,0,0,9999
98058,122543,2023-01-01,0,0,9999
98063,122551,2025-12-24,0,0,9999
98082,122569,2026-01-28,0,0,9999
98086,122575,2024-12-03,0,0,9999
98087,122576,2024-12-28,0,0,9999
98090,122579,2025-05-08,0,0,9999
98092,122581,2020-04-15,0,0,9999
98092,122582,2024-08-10,0,1,1578
98099,122590,2023-10-17,0,0,9999
98101,122593,2021-08-10,0,0,9999
98101,122594,2023-03-19,0,1,586
98107,122605,2025-09-27,0,0,9999
98109,122613,2023-06-26,0,0,9999
98116,122624,2024-07-31,0,0,9999
98133,122646,2019-12-15,0,0,9999
98135,122649,2021-03-22,0,0,9999
98136,122652,2025-12-09,0,0,9999
98141,122657,2022-04-18,0,0,9999
98148,122662,2025-06-11,0,0,9999
98149,122663,2025-09-03,0,0,9999
98160,122678,2026-01-07,0,1,250
98160,122679,2025-05-02,0,0,9999
98161,122682,2024-11-02,0,0,9999
98164,122687,2023-12-08,0,0,9999
98164,122688,2025-02-03,0,1,423
98165,122689,2025-03-06,0,0,9999
98174,122703,2023-12-08,0,1,712
98174,122704,2021-12-26,0,0,9999
98179,122708,2024-06-21,0,0,9999
98196,122741,2021-11-16,0,0,9999
98203,122755,2025-06-20,0,1,103
98203,122756,2025-03-09,0,0,9999
98208,122760,2025-11-17,0,0,9999
98219,122774,2024-12-20,0,0,9999
98224,122777,2025-10-30,0,0,9999
98227,122781,2025-06-28,0,0,9999
98235,122789,2025-02-16,0,0,9999
98239,122793,2023-01-25,0,0,9999
98241,122795,2025-04-23,0,0,9999
98254,122809,2024-05-29,0,0,9999
98255,122810,2020-08-31,0,0,9999
98271,122820,2025-10-03,0,0,9999
98286,122838,2024-12-16,0,0,9999
98289,122842,2023-08-11,0,0,9999
98292,122847,2025-08-06,0,0,9999
98294,122850,2025-11-30,0,0,9999
98296,122851,2025-10-14,0,0,9999
98310,122866,2024-12-08,0,0,9999
98322,122876,2025-08-06,0,0,9999
98332,122890,2023-06-08,0,0,9999
98342,122894,2024-12-12,0,0,9999
98349,122901,2025-10-12,0,0,9999
98364,122924,2025-07-07,0,0,9999
98375,122937,2025-12-11,0,0,9999
98378,122942,2025-12-18,0,0,9999
98380,122943,2020-09-27,0,0,9999
98385,122953,2025-06-25,0,0,9999
98391,122964,2024-09-07,0,0,9999
98393,122971,2025-05-16,0,0,9999
98408,122995,2025-05-04,0,0,9999
98418,123007,2024-01-29,0,0,9999
98422,123014,2019-03-11,0,0,9999
98424,123020,2024-10-06,0,1,461
98424,123021,2023-07-03,0,0,9999
98427,123024,2025-09-07,0,0,9999
98430,123026,2024-12-24,0,0,9999
98449,123050,2024-06-30,0,0,9999
98454,123056,2021-08-19,0,0,9999
98457,123059,2020-02-19,0,0,9999
98465,123071,2021-06-03,0,0,9999
98468,123078,2021-11-20,0,0,9999
98471,123079,2025-02-02,0,0,9999
98493,123098,2023-03-09,0,0,9999
98495,123102,2025-05-09,0,0,9999
98502,123108,2021-09-02,0,0,9999
98505,123110,2025-11-16,0,0,9999
98510,123116,2025-03-08,0,0,9999
98519,123129,2025-04-03,0,0,9999
98522,123136,2024-09-02,0,1,157
98522,123137,2024-03-29,0,0,9999
98534,123154,2024-08-13,0,0,9999
98539,123161,2026-01-29,0,0,9999
98540,123162,2025-04-10,0,0,9999
98546,123174,2023-09-19,0,0,9999
98557,123183,2024-03-19,0,0,9999
98563,123191,2025-06-16,0,0,9999
98566,123193,2023-11-27,0,0,9999
98594,123224,2025-09-08,0,0,9999
98595,123226,2025-04-30,0,0,9999
98600,123234,2022-09-05,0,0,9999
98601,123235,2022-09-15,0,0,9999
98608,123246,2025-08-16,0,0,9999
98610,123250,2024-11-05,0,0,9999
98619,123258,2025-06-29,0,0,9999
98624,123267,2024-11-22,0,0,9999
98631,123279,2026-01-30,0,0,9999
98637,123284,2025-06-11,0,0,9999
98639,123285,2022-04-09,0,1,3
98639,123286,2022-04-06,1,0,9999
98639,123287,2025-08-28,0,2,1237
98646,123293,2021-12-30,0,0,9999
98656,123306,2022-07-23,0,0,9999
98667,123324,2024-05-22,0,0,9999
98675,123336,2022-07-01,0,1,686
98675,123337,2020-08-14,0,0,9999
98676,123340,2024-03-27,0,0,9999
98683,123347,2026-01-29,0,0,9999
98685,123350,2024-11-26,0,0,9999
98686,123351,2025-04-26,0,0,9999
98704,123369,2024-12-03,0,1,836
98704,123370,2022-08-20,0,0,9999
98708,123374,2025-05-02,0,0,9999
98711,123379,2023-10-16,0,0,9999
98715,123384,2025-09-24,0,0,9999
98729,123403,2025-11-03,1,0,9999
98729,123405,2025-11-29,0,1,26
98737,123412,2022-02-07,0,0,9999
98743,123419,2025-10-07,0,0,9999
98748,123426,2025-04-13,0,0,9999
98762,123443,2025-10-10,0,0,9999
98776,123463,2024-10-31,0,0,9999
98791,123477,2025-01-10,0,0,9999
98791,123479,2025-12-20,0,1,344
98796,123487,2025-10-04,0,0,9999
98807,123495,2023-03-26,0,0,9999
98807,123496,2024-08-06,0,1,499
98824,123516,2024-07-29,0,0,9999
98828,123520,2022-11-17,0,0,9999
98830,123525,2025-08-07,0,0,9999
98836,123530,2025-11-19,0,0,9999
98842,123537,2022-08-29,0,0,9999
98848,123547,2026-01-30,0,0,9999
98867,123576,2025-09-10,0,0,9999
98876,123583,2022-09-22,0,0,9999
98879,123586,2025-02-13,0,0,9999
98887,123593,2024-02-05,0,0,9999
98889,123594,2025-04-19,0,0,9999
98893,123597,2025-12-17,0,0,9999
98894,123598,2025-12-22,0,0,9999
98900,123610,2024-04-04,0,0,9999
98906,123618,2024-03-25,0,0,9999
98906,123619,2024-08-24,0,1,152
98914,123627,2026-01-29,0,0,9999
98918,123631,2024-12-10,0,0,9999
98922,123636,2025-02-11,0,0,9999
98927,123641,2025-05-14,0,0,9999
98929,123642,2023-12-10,0,0,9999
98932,123643,2023-09-19,0,0,9999
98940,123652,2024-03-12,0,0,9999
98948,123661,2025-09-04,0,0,9999
98950,123663,2025-10-06,0,0,9999
98950,123665,2025-11-08,0,1,33
98954,123670,2025-06-12,0,0,9999
98956,123672,2024-04-23,0,0,9999
98984,123714,2023-05-20,0,0,9999
98996,123736,2025-12-12,0,0,9999
99013,123752,2024-09-06,0,0,9999
99014,123753,2019-09-27,0,0,9999
99028,123770,2025-03-03,0,0,9999
99035,123780,2023-02-05,0,0,9999
99044,123788,2025-02-17,0,0,9999
99054,123801,2025-07-20,0,0,9999
99062,123807,2024-09-11,0,0,9999
99066,123813,2022-05-20,0,0,9999
99068,123815,2024-03-04,0,0,9999
99069,123817,2024-12-24,0,0,9999
99079,123830,2023-06-28,0,0,9999
99090,123848,2025-05-03,0,0,9999
99099,123857,2025-11-02,0,0,9999
99123,123888,2026-01-24,0,0,9999
99129,123893,2022-09-29,0,0,9999
99135,123900,2025-05-16,0,0,9999
99136,123902,2024-03-15,0,0,9999
99149,123918,2026-01-07,0,0,9999
99151,123922,2025-09-23,0,0,9999
99153,123923,2024-08-24,0,0,9999
99156,123927,2025-07-18,0,0,9999
99161,123932,2025-12-12,0,0,9999
99163,123934,2025-08-05,0,0,9999
99166,123937,2025-06-11,0,0,9999
99179,123951,2024-04-03,0,0,9999
99185,123960,2022-08-11,0,0,9999
99193,123972,2024-07-24,0,0,9999
99217,123995,2021-03-12,0,0,9999
99228,124004,2025-08-15,0,0,9999
99230,124006,2023-07-19,0,0,9999
99239,124018,2024-06-14,0,0,9999
99241,124020,2023-11-19,0,0,9999
99251,124032,2025-08-27,0,0,9999
99265,124053,2025-06-25,0,0,9999
99273,124066,2023-12-17,0,0,9999
99275,124069,2023-04-13,1,0,9999
99275,124070,2023-05-08,0,1,25
99292,124084,2024-09-28,0,0,9999
99295,124089,2024-10-13,0,0,9999
99300,124093,2024-11-28,0,1,1324
99300,124094,2021-04-14,0,0,9999
99304,124101,2024-03-26,0,0,9999
99308,124104,2024-03-19,0,0,9999
99320,124120,2025-09-17,0,0,9999
99323,124124,2025-01-09,0,0,9999
99345,124150,2023-04-08,0,0,9999
99361,124168,2025-09-19,0,0,9999
99367,124173,2025-11-29,0,0,9999
99368,124177,2025-01-15,0,0,9999
99372,124184,2024-11-14,0,0,9999
99383,124194,2021-12-05,0,0,9999
99394,124202,2023-04-04,0,0,9999
99399,124208,2025-05-11,0,0,9999
99400,124209,2025-01-26,0,0,9999
99405,124217,2025-01-26,0,0,9999
99411,124224,2024-08-04,0,0,9999
99415,124226,2024-10-03,0,0,9999
99415,124227,2025-03-30,0,1,178
99415,124228,2025-12-26,0,2,271
99426,124246,2025-07-27,0,0,9999
99427,124248,2026-01-27,0,0,9999
99430,124252,2025-09-28,0,0,9999
99432,124255,2025-06-14,0,0,9999
99438,124261,2024-12-02,0,1,720
99438,124262,2022-12-13,0,0,9999
99441,124265,2023-10-23,0,0,9999
99445,124269,2023-11-14,0,0,9999
99445,124270,2025-03-06,0,1,478
99459,124290,2023-02-20,0,0,9999
99465,124297,2023-03-03,0,1,687
99465,124299,2021-04-15,0,0,9999
99467,124302,2026-01-08,0,0,9999
99469,124304,2024-03-11,0,0,9999
99479,124315,2026-01-12,0,0,9999
99481,124321,2025-03-18,0,0,9999
99493,124339,2026-01-30,0,0,9999
99494,124340,2024-03-30,0,0,9999
99504,124357,2019-11-09,0,0,9999
99506,124360,2024-05-29,0,0,9999
99507,124362,2026-01-08,0,1,22
99507,124363,2025-12-17,1,0,9999
99510,124367,2023-11-08,0,0,9999
99516,124374,2025-11-18,0,0,9999
99530,124387,2023-05-08,0,0,9999
99534,124393,2025-12-20,0,0,9999
99545,124406,2021-12-08,1,0,9999
99545,124408,2022-01-07,0,1,30
99545,124409,2023-05-08,0,2,486
99548,124415,2025-09-09,0,0,9999
99561,124426,2025-08-17,0,0,9999
99566,124433,2025-03-08,0,0,9999
99568,124434,2022-03-15,0,0,9999
99574,124443,2023-09-24,0,0,9999
99584,124459,2025-03-31,0,0,9999
99587,124462,2026-01-05,0,0,9999
99595,124471,2025-02-22,0,0,9999
99602,124480,2024-07-15,0,0,9999
99604,124483,2023-03-30,0,0,9999
99615,124494,2024-06-21,0,0,9999
99618,124497,2025-11-19,0,0,9999
99629,124517,2024-03-23,0,0,9999
99632,124523,2023-11-02,0,0,9999
99639,124529,2024-08-17,0,0,9999
99645,124540,2025-02-27,0,0,9999
99660,124556,2025-04-04,0,0,9999
99672,124569,2025-10-02,0,0,9999
99678,124574,2025-01-27,0,0,9999
99683,124580,2024-12-05,0,1,862
99683,124581,2022-07-27,0,0,9999
99689,124590,2026-01-29,0,0,9999
99704,124608,2026-01-29,0,0,9999
99705,124609,2025-04-22,0,0,9999
99710,124617,2021-10-12,0,0,9999
99711,124619,2025-11-09,0,0,9999
99719,124632,2024-05-22,0,0,9999
99728,124640,2022-11-02,0,0,9999
99728,124641,2025-03-08,0,1,857
99737,124653,2026-01-26,0,0,9999
99743,124662,2024-06-02,0,0,9999
99745,124665,2025-06-19,0,2,651
99745,124666,2023-05-27,0,0,9999
99745,124667,2023-09-07,0,1,103
99753,124678,2024-05-22,0,0,9999
99767,124695,2026-01-15,1,0,9999
99767,124696,2026-01-21,0,1,6
99773,124703,2025-09-08,0,0,9999
99795,124725,2025-11-28,0,0,9999
99799,124731,2025-01-01,0,1,2013
99799,124732,2019-06-29,0,0,9999
99800,124733,2022-11-24,0,0,9999
99808,124742,2025-10-26,0,0,9999
99811,124745,2025-10-09,0,0,9999
99812,124751,2024-01-09,0,0,9999
99822,124761,2022-08-11,0,0,9999
99826,124765,2025-11-20,0,0,9999
99865,124804,2024-02-19,0,0,9999
99869,124812,2025-06-02,0,0,9999
99887,124829,2023-09-05,0,0,9999
99898,124846,2026-01-28,0,0,9999
99899,124847,2023-06-24,0,0,9999
99901,124850,2023-03-29,0,1,110
99901,124851,2022-12-09,0,0,9999
99911,124865,2025-04-22,0,0,9999
99915,124876,2024-03-16,0,0,9999
99924,124882,2025-11-10,0,0,9999
99931,124889,2021-12-27,0,0,9999
99936,124902,2026-01-09,0,0,9999
99941,124906,2023-05-27,0,0,9999
99946,124912,2022-07-31,0,0,9999
99947,124914,2024-08-04,0,0,9999
99951,124923,2024-04-28,0,0,9999
99952,124924,2025-08-04,0,0,9999
99966,124936,2024-09-26,0,0,9999
99986,124966,2025-12-19,0,0,9999
99989,124967,2022-06-20,0,0,9999
99991,124971,2021-07-26,0,0,9999